{
  "model": "resnet18",
  "checkpoint": "./checkpoints/best_epoch_25_acc_0.9236.pth",
  "num_test_samples": 2702,
  "classes": [
    "early_blight",
    "healthy",
    "late_blight"
  ],
  "accuracy": 0.9263508512213176,
  "precision_weighted": 0.9258518468101631,
  "recall_weighted": 0.9263508512213176,
  "f1_weighted": 0.9259168389270435,
  "mean_confidence": 0.9188722184990884,
  "per_class": {
    "early_blight": {
      "precision": 0.8578595317725752,
      "recall": 0.855,
      "f1-score": 0.8564273789649416,
      "support": 600.0
    },
    "healthy": {
      "precision": 0.9646107178968655,
      "recall": 0.9989528795811519,
      "f1-score": 0.9814814814814815,
      "support": 955.0
    },
    "late_blight": {
      "precision": 0.9291479820627803,
      "recall": 0.9032258064516129,
      "f1-score": 0.9160035366931919,
      "support": 1147.0
    }
  },
  "confusion_matrix": [
    [
      513,
      8,
      79
    ],
    [
      1,
      954,
      0
    ],
    [
      84,
      27,
      1036
    ]
  ]
}