image_path,true_class,pred_class,confidence,correct,prob_early_blight,prob_healthy,prob_late_blight
data/test/early_blight/0012b9d2-2130-4a06-a834-b1f3af34f57e___RS_Erly.B 8389.JPG,early_blight,early_blight,0.9870,1,0.9870,0.0000,0.0130
data/test/early_blight/004cbe60-8ff9-4965-92df-e86694d5e9ba___RS_Erly.B 8253.JPG,early_blight,early_blight,0.9997,1,0.9997,0.0000,0.0003
data/test/early_blight/011aa278-a39e-40b0-b6e4-2e2f835889f0___RS_Erly.B 8251_final_masked.jpg,early_blight,early_blight,0.9994,1,0.9994,0.0000,0.0006
data/test/early_blight/01861c93-ea8b-4820-aaa8-cc6003b3e75b___RS_Erly.B 7855_final_masked.jpg,early_blight,early_blight,0.5461,1,0.5461,0.0002,0.4538
data/test/early_blight/03b4571c-b1eb-4e2a-b372-307046913f50___RS_Erly.B 7548.JPG,early_blight,early_blight,0.6807,1,0.6807,0.0000,0.3193
data/test/early_blight/03b4571c-b1eb-4e2a-b372-307046913f50___RS_Erly.B 7548_final_masked.jpg,early_blight,early_blight,0.9970,1,0.9970,0.0001,0.0029
data/test/early_blight/03b7a13c-f5c0-44c4-beed-443841670e9a___RS_Erly.B 8225.JPG,early_blight,early_blight,0.6133,1,0.6133,0.0050,0.3818
data/test/early_blight/0401adc0-0998-4d8e-90de-4eae8caf4248___RS_Erly.B 8446_final_masked.jpg,early_blight,early_blight,0.9866,1,0.9866,0.0000,0.0134
data/test/early_blight/04747279-48b2-4ce1-932b-e511424beb6b___RS_Erly.B 8240_final_masked.jpg,early_blight,early_blight,0.8843,1,0.8843,0.0000,0.1156
data/test/early_blight/055ae8d8-09e1-4b27-b385-9ff8a3e0eaae___RS_Erly.B 8247.JPG,early_blight,early_blight,0.6899,1,0.6899,0.0002,0.3099
data/test/early_blight/05fab431-cc13-4d6d-b4e1-912e0059c7c1___RS_Erly.B 8349.JPG,early_blight,early_blight,0.5527,1,0.5527,0.0298,0.4175
data/test/early_blight/06339fe1-154f-4bcb-be91-a29e86e25929___RS_Erly.B 7440_final_masked.jpg,early_blight,early_blight,0.9344,1,0.9344,0.0001,0.0654
data/test/early_blight/06d6d114-8d26-43eb-b79f-44218bbfa0d1___RS_Erly.B 9441.JPG,early_blight,early_blight,0.9179,1,0.9179,0.0001,0.0820
data/test/early_blight/070679a9-27e1-4e6e-8072-29f3750d525b___RS_Erly.B 6439.JPG,early_blight,early_blight,0.9131,1,0.9131,0.0001,0.0868
data/test/early_blight/07324d80-17c5-4541-9702-62e9c744ac07___RS_Erly.B 7455.JPG,early_blight,early_blight,0.9975,1,0.9975,0.0000,0.0025
data/test/early_blight/07324d80-17c5-4541-9702-62e9c744ac07___RS_Erly.B 7455_1.JPG,early_blight,early_blight,0.8731,1,0.8731,0.0000,0.1269
data/test/early_blight/07409e2c-a730-4b11-b25e-31025bd63a91___RS_Erly.B 9578.JPG,early_blight,early_blight,0.8412,1,0.8412,0.0000,0.1588
data/test/early_blight/07502bbb-1733-4d49-a3dc-557b1d4391da___RS_Erly.B 7516.JPG,early_blight,early_blight,0.9981,1,0.9981,0.0000,0.0019
data/test/early_blight/079e0d43-e9d2-4217-b8e8-2f3b989cdab2___RS_Erly.B 7588.JPG,early_blight,early_blight,0.8584,1,0.8584,0.0000,0.1415
data/test/early_blight/08fe6531-bb66-4e0a-98b3-4b86a794f9f9___RS_Erly.B 7483.JPG,early_blight,early_blight,0.9699,1,0.9699,0.0000,0.0301
data/test/early_blight/090af0e4-75f2-495a-8bca-a3370c6dd2a6___RS_Erly.B 9562.JPG,early_blight,early_blight,0.5101,1,0.5101,0.0000,0.4899
data/test/early_blight/0a2726e0-3358-4a46-b6dc-563a5a9f2bdf___RS_Erly.B 7860.JPG,early_blight,early_blight,0.9941,1,0.9941,0.0000,0.0059
data/test/early_blight/0abc57ec-7f3b-482a-8579-21f3b2fb780b___RS_Erly.B 7609.JPG,early_blight,early_blight,0.7833,1,0.7833,0.0195,0.1973
data/test/early_blight/0abc57ec-7f3b-482a-8579-21f3b2fb780b___RS_Erly.B 7609_1.JPG,early_blight,early_blight,0.9979,1,0.9979,0.0000,0.0021
data/test/early_blight/0abc57ec-7f3b-482a-8579-21f3b2fb780b___RS_Erly.B 7609_final_masked.jpg,early_blight,early_blight,0.9692,1,0.9692,0.0000,0.0308
data/test/early_blight/0b494c44-8cd0-4491-bdfd-8a354209c3ae___RS_Erly.B 9561.JPG,early_blight,early_blight,0.9887,1,0.9887,0.0000,0.0113
data/test/early_blight/0ba3d536-8732-4ea1-b3e1-a1be86e5dc6a___RS_Erly.B 9499.JPG,early_blight,early_blight,0.7552,1,0.7552,0.0000,0.2448
data/test/early_blight/0bb52721-51a6-4343-8c54-de15cedf8e5c___RS_Erly.B 7572.JPG,early_blight,early_blight,0.8047,1,0.8047,0.0000,0.1953
data/test/early_blight/0bb52721-51a6-4343-8c54-de15cedf8e5c___RS_Erly.B 7572_final_masked.jpg,early_blight,early_blight,0.9955,1,0.9955,0.0000,0.0045
data/test/early_blight/0bed4d68-b82c-4e96-bbfe-e0fc10df01aa___RS_Erly.B 8301.JPG,early_blight,early_blight,0.9871,1,0.9871,0.0000,0.0129
data/test/early_blight/0cd17aff-13d8-439a-ac08-dae1aea55edb___RS_Erly.B 7828.JPG,early_blight,early_blight,0.9886,1,0.9886,0.0000,0.0114
data/test/early_blight/0cd17aff-13d8-439a-ac08-dae1aea55edb___RS_Erly.B 7828_final_masked.jpg,early_blight,early_blight,0.9646,1,0.9646,0.0011,0.0343
data/test/early_blight/0cd1ebaf-3975-4749-b625-50b7b0751c36___RS_Erly.B 7508_final_masked.jpg,early_blight,late_blight,0.9013,0,0.0983,0.0004,0.9013
data/test/early_blight/0cd2270f-87f8-45b5-a4af-19fa34b2acaa___RS_Erly.B 9567.JPG,early_blight,early_blight,0.6880,1,0.6880,0.0000,0.3120
data/test/early_blight/0d5f65a3-b32f-4565-b63a-c6da73c1322b___RS_Erly.B 8310.JPG,early_blight,late_blight,0.5835,0,0.3993,0.0172,0.5835
data/test/early_blight/0e03c87e-b43f-4cfe-a837-71306c68f4c0___RS_Erly.B 7733.JPG,early_blight,early_blight,0.9884,1,0.9884,0.0000,0.0116
data/test/early_blight/0e2e58b7-1417-49c4-b014-b5efb4b4b831___RS_Erly.B 8256.JPG,early_blight,early_blight,0.9617,1,0.9617,0.0000,0.0383
data/test/early_blight/0ecc2ee7-fb66-41fa-a23b-9bdeaf31078a___RS_Erly.B 6381.JPG,early_blight,early_blight,0.6540,1,0.6540,0.0000,0.3460
data/test/early_blight/0ecc2ee7-fb66-41fa-a23b-9bdeaf31078a___RS_Erly.B 6381_final_masked.jpg,early_blight,early_blight,0.9863,1,0.9863,0.0000,0.0137
data/test/early_blight/0f03a09c-aa48-4d51-95e1-752c466c3742___RS_Erly.B 6413_final_masked.jpg,early_blight,early_blight,0.9547,1,0.9547,0.0007,0.0446
data/test/early_blight/0f12e22b-49a9-4d9a-84bc-76bb86ed2a14___RS_Erly.B 9572.JPG,early_blight,early_blight,0.9928,1,0.9928,0.0000,0.0072
data/test/early_blight/0f1fb081-c715-414e-aa64-2c398ba6c320___RS_Erly.B 6382.JPG,early_blight,early_blight,0.9998,1,0.9998,0.0000,0.0002
data/test/early_blight/0fbc786c-62a7-44f3-8db8-2649809bf1aa___RS_Erly.B 9514.JPG,early_blight,early_blight,0.8191,1,0.8191,0.0000,0.1809
data/test/early_blight/10a46a0b-debe-49f9-8562-c7c81855160e___RS_Erly.B 6339.JPG,early_blight,early_blight,1.0000,1,1.0000,0.0000,0.0000
data/test/early_blight/10c1d7a4-bd14-4961-9b96-c7047589eccd___RS_Erly.B 7552_final_masked.jpg,early_blight,early_blight,0.9938,1,0.9938,0.0000,0.0061
data/test/early_blight/11f247d4-f87a-4273-bb9a-317e17916a75___RS_Erly.B 9470_final_masked.jpg,early_blight,early_blight,0.9966,1,0.9966,0.0001,0.0033
data/test/early_blight/12c1c25b-6809-45d8-9a20-969de7860b5d___RS_Erly.B 6372.JPG,early_blight,early_blight,0.5454,1,0.5454,0.0000,0.4546
data/test/early_blight/13c87a78-0a62-4aff-b6f3-fcbf1a8323e6___RS_Erly.B 9612.JPG,early_blight,early_blight,0.9947,1,0.9947,0.0000,0.0053
data/test/early_blight/13e96f82-68c6-4331-9b05-92a6767a400b___RS_Erly.B 9502.JPG,early_blight,late_blight,0.5490,0,0.4510,0.0000,0.5490
data/test/early_blight/141bbdef-ba38-49ed-9d6f-fe8d9de38e6f___RS_Erly.B 9579.JPG,early_blight,early_blight,0.7379,1,0.7379,0.0000,0.2621
data/test/early_blight/150cfe75-133e-4e98-90cb-de96a8120c03___RS_Erly.B 9414.JPG,early_blight,early_blight,0.9960,1,0.9960,0.0000,0.0040
data/test/early_blight/164f6427-eeed-42da-bb51-ec07a57840dc___RS_Erly.B 9372.JPG,early_blight,early_blight,0.8300,1,0.8300,0.0001,0.1699
data/test/early_blight/16d79bd2-5c70-4e6b-a52a-0c578b501d04___RS_Erly.B 6446.JPG,early_blight,late_blight,0.5167,0,0.4732,0.0101,0.5167
data/test/early_blight/171b6622-c111-4fe9-b3f9-12b12ee0db06___RS_Erly.B 7836.JPG,early_blight,early_blight,0.9797,1,0.9797,0.0002,0.0201
data/test/early_blight/1742dfdd-c687-46ff-b958-34194feb68e4___RS_Erly.B 7453.JPG,early_blight,early_blight,0.9949,1,0.9949,0.0000,0.0051
data/test/early_blight/1742dfdd-c687-46ff-b958-34194feb68e4___RS_Erly.B 7453_1.JPG,early_blight,early_blight,0.5870,1,0.5870,0.0385,0.3745
data/test/early_blight/17d051ce-efe1-486e-b5ed-b71b1317a9f0___RS_Erly.B 9614.JPG,early_blight,early_blight,0.9645,1,0.9645,0.0000,0.0355
data/test/early_blight/17d051ce-efe1-486e-b5ed-b71b1317a9f0___RS_Erly.B 9614_final_masked.jpg,early_blight,early_blight,0.9824,1,0.9824,0.0000,0.0176
data/test/early_blight/1829d517-53ae-48a9-b721-5043dd10d0d2___RS_Erly.B 9518.JPG,early_blight,late_blight,0.5501,0,0.4499,0.0000,0.5501
data/test/early_blight/18815a60-8297-46e0-922f-e6a0fea818ef___RS_Erly.B 7808.JPG,early_blight,early_blight,0.9980,1,0.9980,0.0000,0.0020
data/test/early_blight/18815a60-8297-46e0-922f-e6a0fea818ef___RS_Erly.B 7808_final_masked.jpg,early_blight,early_blight,0.9965,1,0.9965,0.0000,0.0035
data/test/early_blight/18a21f42-8794-4665-8174-b0ccd3758af8___RS_Erly.B 7650.JPG,early_blight,early_blight,0.7557,1,0.7557,0.0000,0.2442
data/test/early_blight/1a8bd88f-309f-4392-b387-7cb423ef0ab6___RS_Erly.B 7366.JPG,early_blight,early_blight,0.7694,1,0.7694,0.0058,0.2248
data/test/early_blight/1b4a2ad5-057d-4fac-9188-648edbe49751___RS_Erly.B 7767.JPG,early_blight,early_blight,0.6679,1,0.6679,0.0006,0.3315
data/test/early_blight/1bff3ab2-9e99-4d4b-ad0e-acd943324050___RS_Erly.B 6460.JPG,early_blight,early_blight,0.9901,1,0.9901,0.0000,0.0099
data/test/early_blight/1c71757d-d351-4016-b5bb-06a63d0f2e24___RS_Erly.B 6388.JPG,early_blight,late_blight,0.6041,0,0.3959,0.0000,0.6041
data/test/early_blight/1cebc4a1-5fb6-4168-8e18-e2973ef6d18f___RS_Erly.B 9552.JPG,early_blight,early_blight,0.7157,1,0.7157,0.0000,0.2842
data/test/early_blight/1d1d79c6-824d-4c48-bd59-c83a5cf29229___RS_Erly.B 9547.JPG,early_blight,early_blight,0.9086,1,0.9086,0.0000,0.0914
data/test/early_blight/1d3d164e-43a9-4e0a-9e4f-9c9abab64d88___RS_Erly.B 7824.JPG,early_blight,early_blight,0.6418,1,0.6418,0.0000,0.3582
data/test/early_blight/1dad664e-ec73-474e-aaf9-a832ca212e3f___RS_Erly.B 7533_final_masked.jpg,early_blight,early_blight,0.9613,1,0.9613,0.0001,0.0385
data/test/early_blight/1de17623-e625-4a3a-91e8-64973e6d09fd___RS_Erly.B 9577.JPG,early_blight,early_blight,0.9734,1,0.9734,0.0000,0.0266
data/test/early_blight/1de17623-e625-4a3a-91e8-64973e6d09fd___RS_Erly.B 9577_final_masked.jpg,early_blight,early_blight,0.8895,1,0.8895,0.0099,0.1006
data/test/early_blight/1e503089-ae6a-4340-8c3c-f44cbaa6cf6f___RS_Erly.B 8264_final_masked.jpg,early_blight,early_blight,0.8835,1,0.8835,0.0000,0.1165
data/test/early_blight/20a276c8-90b5-475f-811b-1d63f34f1c10___RS_Erly.B 9551.JPG,early_blight,early_blight,0.6028,1,0.6028,0.0000,0.3972
data/test/early_blight/20a276c8-90b5-475f-811b-1d63f34f1c10___RS_Erly.B 9551_final_masked.jpg,early_blight,early_blight,0.9888,1,0.9888,0.0003,0.0108
data/test/early_blight/2165f0a3-1265-491d-ad8a-e53102a87e9b___RS_Erly.B 9376.JPG,early_blight,early_blight,0.9486,1,0.9486,0.0000,0.0514
data/test/early_blight/2179421c-3ce3-4581-8b65-17da6fffd3db___RS_Erly.B 7730.JPG,early_blight,early_blight,0.8951,1,0.8951,0.0141,0.0908
data/test/early_blight/21ad39db-c205-4220-a7e6-566042e70007___RS_Erly.B 7633.JPG,early_blight,early_blight,0.9998,1,0.9998,0.0000,0.0002
data/test/early_blight/21ad39db-c205-4220-a7e6-566042e70007___RS_Erly.B 7633_1.JPG,early_blight,early_blight,0.9488,1,0.9488,0.0000,0.0512
data/test/early_blight/21ffaf6b-7ad0-45bf-bd7e-7d697413ebbd___RS_Erly.B 9500_final_masked.jpg,early_blight,early_blight,0.9912,1,0.9912,0.0001,0.0087
data/test/early_blight/22247648-1650-43d5-8a9b-e03f63cf2f1c___RS_Erly.B 7535_final_masked.jpg,early_blight,early_blight,0.9611,1,0.9611,0.0004,0.0385
data/test/early_blight/22b653c4-9e15-4081-8ece-9b5950a94120___RS_Erly.B 7814.JPG,early_blight,early_blight,0.9978,1,0.9978,0.0001,0.0021
data/test/early_blight/239213d8-587b-48a8-bfdf-03157ba8e95d___RS_Erly.B 6385.JPG,early_blight,early_blight,0.9986,1,0.9986,0.0000,0.0014
data/test/early_blight/240300f1-a601-4363-84e8-670af8a124a1___RS_Erly.B 7762.JPG,early_blight,early_blight,0.8869,1,0.8869,0.0150,0.0980
data/test/early_blight/240300f1-a601-4363-84e8-670af8a124a1___RS_Erly.B 7762_final_masked.jpg,early_blight,early_blight,0.8891,1,0.8891,0.0199,0.0910
data/test/early_blight/2419fd79-cda0-4ba4-be14-31c92a2e91dd___RS_Erly.B 8255_final_masked.jpg,early_blight,early_blight,0.9744,1,0.9744,0.0000,0.0256
data/test/early_blight/243a77c6-b401-43c4-9230-68b4b11f3b83___RS_Erly.B 7754_final_masked.jpg,early_blight,early_blight,0.9954,1,0.9954,0.0004,0.0042
data/test/early_blight/24455ffa-8700-475c-8b4e-a7775f40ad3f___RS_Erly.B 8365_final_masked.jpg,early_blight,early_blight,0.9686,1,0.9686,0.0000,0.0314
data/test/early_blight/25281e43-2651-423f-8e7e-d354185ccd28___RS_Erly.B 7809.JPG,early_blight,early_blight,0.9975,1,0.9975,0.0000,0.0025
data/test/early_blight/25281e43-2651-423f-8e7e-d354185ccd28___RS_Erly.B 7809_final_masked.jpg,early_blight,early_blight,0.9941,1,0.9941,0.0000,0.0058
data/test/early_blight/25430871-a740-4dd8-a836-bf2d52eb233b___RS_Erly.B 6420.JPG,early_blight,early_blight,0.9354,1,0.9354,0.0001,0.0645
data/test/early_blight/257ffdcb-bd8b-4d18-98cc-e63a118155ea___RS_Erly.B 9520.JPG,early_blight,early_blight,0.8977,1,0.8977,0.0006,0.1017
data/test/early_blight/257ffdcb-bd8b-4d18-98cc-e63a118155ea___RS_Erly.B 9520_final_masked.jpg,early_blight,early_blight,0.9991,1,0.9991,0.0000,0.0009
data/test/early_blight/258e6e39-d791-482c-921d-65048753770a___RS_Erly.B 9422_final_masked.jpg,early_blight,early_blight,0.9720,1,0.9720,0.0001,0.0279
data/test/early_blight/25cc64d3-0ea1-4082-9b2a-bcaee3056580___RS_Erly.B 9602.JPG,early_blight,late_blight,0.5927,0,0.4073,0.0000,0.5927
data/test/early_blight/264bc13b-2bcd-40f8-ae25-23aef0ccdc64___RS_Erly.B 7589.JPG,early_blight,early_blight,0.9845,1,0.9845,0.0000,0.0155
data/test/early_blight/268590f4-68f6-4de9-968e-a7465b377db4___RS_Erly.B 7614.JPG,early_blight,early_blight,0.6049,1,0.6049,0.0000,0.3951
data/test/early_blight/26e2e7aa-800c-421b-92e8-3e20c5f5757e___RS_Erly.B 7656.JPG,early_blight,early_blight,0.7818,1,0.7818,0.0000,0.2182
data/test/early_blight/2763c9bc-ecc6-4f1a-86a7-ef8ffa370420___RS_Erly.B 8422.JPG,early_blight,early_blight,0.5380,1,0.5380,0.0000,0.4620
data/test/early_blight/2763c9bc-ecc6-4f1a-86a7-ef8ffa370420___RS_Erly.B 8422_1.JPG,early_blight,late_blight,0.4995,0,0.4968,0.0037,0.4995
data/test/early_blight/2763c9bc-ecc6-4f1a-86a7-ef8ffa370420___RS_Erly.B 8422_final_masked.jpg,early_blight,early_blight,0.6758,1,0.6758,0.0002,0.3240
data/test/early_blight/27ba7432-8547-436c-9b97-adf3cbe15575___RS_Erly.B 7544.JPG,early_blight,early_blight,0.9896,1,0.9896,0.0000,0.0104
data/test/early_blight/289ba10b-f518-445a-8c54-cc981e2ffe34___RS_Erly.B 7399.JPG,early_blight,early_blight,0.9956,1,0.9956,0.0000,0.0044
data/test/early_blight/28d03063-a772-4136-80fd-3bbff0fffa41___RS_Erly.B 7370.JPG,early_blight,early_blight,0.8177,1,0.8177,0.0014,0.1808
data/test/early_blight/28d9f1bd-ee80-46e1-b89c-5a855f0c8400___RS_Erly.B 7818.JPG,early_blight,healthy,0.3915,0,0.3713,0.3915,0.2372
data/test/early_blight/29345423-647e-4e1b-81f4-16d8cfc0e137___RS_Erly.B 7422_final_masked.jpg,early_blight,early_blight,0.7761,1,0.7761,0.0030,0.2209
data/test/early_blight/297feea8-4707-4d39-a6af-b1c0e3403935___RS_Erly.B 7816_final_masked.jpg,early_blight,early_blight,0.9832,1,0.9832,0.0004,0.0164
data/test/early_blight/2998c7f2-9f4f-4734-aa39-403dd7211869___RS_Erly.B 7528_final_masked.jpg,early_blight,early_blight,0.9994,1,0.9994,0.0000,0.0006
data/test/early_blight/29e36e1e-0857-4985-8d33-505290dff591___RS_Erly.B 6343.JPG,early_blight,early_blight,0.9997,1,0.9997,0.0000,0.0003
data/test/early_blight/2b5bebdd-3af4-41ca-b206-efc1a141e71d___RS_Erly.B 6363.JPG,early_blight,early_blight,0.5787,1,0.5787,0.0003,0.4210
data/test/early_blight/2b5bebdd-3af4-41ca-b206-efc1a141e71d___RS_Erly.B 6363_final_masked.jpg,early_blight,early_blight,0.8342,1,0.8342,0.0004,0.1654
data/test/early_blight/2b7c8b0d-d906-4c93-9dc4-554ae46a3ec3___RS_Erly.B 7825_final_masked.jpg,early_blight,early_blight,0.9572,1,0.9572,0.0019,0.0409
data/test/early_blight/2d3d1221-2f62-43ad-8256-b560c1872934___RS_Erly.B 7465_final_masked.jpg,early_blight,early_blight,0.9837,1,0.9837,0.0000,0.0162
data/test/early_blight/2ef629c7-3366-41b5-a1b7-0e3bcb3ac28c___RS_Erly.B 9395.JPG,early_blight,early_blight,0.7164,1,0.7164,0.0000,0.2836
data/test/early_blight/2f3c483a-b18d-4571-8c00-fb24f166d328___RS_Erly.B 7667.JPG,early_blight,early_blight,0.9659,1,0.9659,0.0001,0.0340
data/test/early_blight/2f6115d3-4997-4174-aa6a-9025c654e81f___RS_Erly.B 9374_final_masked.jpg,early_blight,late_blight,0.5489,0,0.4482,0.0029,0.5489
data/test/early_blight/2ffcdf9e-9cf5-492e-80f8-6f80cd0be7cb___RS_Erly.B 7421.JPG,early_blight,early_blight,0.7231,1,0.7231,0.0014,0.2755
data/test/early_blight/30542417-544f-4bd5-9fa6-bdeb844c11a4___RS_Erly.B 6454.JPG,early_blight,early_blight,0.9951,1,0.9951,0.0000,0.0049
data/test/early_blight/3064e2fc-3a71-4a66-8cd1-dc76ebc0c2e6___RS_Erly.B 7345.JPG,early_blight,early_blight,0.9838,1,0.9838,0.0002,0.0160
data/test/early_blight/30901e71-e656-4e7e-b3ec-0f813c307b88___RS_Erly.B 9396_final_masked.jpg,early_blight,early_blight,0.9908,1,0.9908,0.0002,0.0090
data/test/early_blight/30c5bc48-7b5e-4bc0-9f0c-096042dacde2___RS_Erly.B 6333.JPG,early_blight,early_blight,0.9997,1,0.9997,0.0000,0.0003
data/test/early_blight/30e6be40-743f-49c1-a736-e279d53ffdd7___RS_Erly.B 7862.JPG,early_blight,healthy,0.7676,0,0.1230,0.7676,0.1094
data/test/early_blight/30e6be40-743f-49c1-a736-e279d53ffdd7___RS_Erly.B 7862_final_masked.jpg,early_blight,late_blight,0.6372,0,0.3626,0.0002,0.6372
data/test/early_blight/30f2c918-bb60-4d4f-b171-7fecdfac7cac___RS_Erly.B 9543_final_masked.jpg,early_blight,early_blight,0.9973,1,0.9973,0.0000,0.0027
data/test/early_blight/3198b703-d5d5-46e9-9b8f-399d5531b5c4___RS_Erly.B 8364_final_masked.jpg,early_blight,early_blight,0.9590,1,0.9590,0.0001,0.0409
data/test/early_blight/31e2b9eb-6005-493f-b1c7-293f3dd309dc___RS_Erly.B 7859.JPG,early_blight,early_blight,0.6866,1,0.6866,0.2389,0.0745
data/test/early_blight/31e2b9eb-6005-493f-b1c7-293f3dd309dc___RS_Erly.B 7859_final_masked.jpg,early_blight,early_blight,0.9994,1,0.9994,0.0000,0.0006
data/test/early_blight/32065728-b0b0-4840-b2cc-7461b371e57f___RS_Erly.B 6407.JPG,early_blight,early_blight,1.0000,1,1.0000,0.0000,0.0000
data/test/early_blight/3253ff4e-90ab-475a-89d2-f99875c53367___RS_Erly.B 8356_final_masked.jpg,early_blight,early_blight,0.9780,1,0.9780,0.0000,0.0220
data/test/early_blight/32e59188-5c46-4369-8991-5acfa253263b___RS_Erly.B 7781_final_masked.jpg,early_blight,early_blight,0.9861,1,0.9861,0.0059,0.0080
data/test/early_blight/3387fbf2-ee72-4601-b8de-c863eb96d181___RS_Erly.B 7452.JPG,early_blight,early_blight,0.9995,1,0.9995,0.0000,0.0005
data/test/early_blight/33cd99f1-1f8a-497b-b4fc-60ff78af4b8a___RS_Erly.B 8378.JPG,early_blight,early_blight,0.9893,1,0.9893,0.0000,0.0107
data/test/early_blight/342d78c9-af97-4325-ad0f-0f12e0a206c2___RS_Erly.B 7406.JPG,early_blight,early_blight,0.4387,1,0.4387,0.3330,0.2283
data/test/early_blight/342d78c9-af97-4325-ad0f-0f12e0a206c2___RS_Erly.B 7406_final_masked.jpg,early_blight,early_blight,0.9491,1,0.9491,0.0022,0.0487
data/test/early_blight/345b59b4-87fd-43a2-9783-fed3e492c4d7___RS_Erly.B 7402_final_masked.jpg,early_blight,early_blight,0.9782,1,0.9782,0.0005,0.0213
data/test/early_blight/352ced01-4645-44e5-bc3e-1b7172deb883___RS_Erly.B 7758_final_masked.jpg,early_blight,early_blight,0.9421,1,0.9421,0.0002,0.0577
data/test/early_blight/3537d467-9926-49dc-8d11-74a76b196354___RS_Erly.B 7665.JPG,early_blight,early_blight,0.6987,1,0.6987,0.0369,0.2644
data/test/early_blight/3592b22c-09cd-4005-97c4-cdd11318cce0___RS_Erly.B 9391.JPG,early_blight,late_blight,0.5359,0,0.4641,0.0000,0.5359
data/test/early_blight/3596fc7f-e79e-44f5-862a-f177db2960f6___RS_Erly.B 6386.JPG,early_blight,early_blight,0.9999,1,0.9999,0.0000,0.0001
data/test/early_blight/366e550d-8604-44cd-b239-325d9e14a4f4___RS_Erly.B 6378.JPG,early_blight,early_blight,0.8698,1,0.8698,0.0006,0.1296
data/test/early_blight/375a4113-c296-4b3a-897b-da6f4ac660dc___RS_Erly.B 6408_final_masked.jpg,early_blight,early_blight,0.8939,1,0.8939,0.0000,0.1061
data/test/early_blight/386b2d80-35c1-4fa5-98b6-f78c1c9cfb36___RS_Erly.B 6470.JPG,early_blight,late_blight,0.8160,0,0.1839,0.0001,0.8160
data/test/early_blight/389a93c4-2ea1-4df5-94c6-01ea8ad856db___RS_Erly.B 7720.JPG,early_blight,early_blight,0.9798,1,0.9798,0.0000,0.0202
data/test/early_blight/397ffe67-e784-44d5-ae1a-d1e2990c041b___RS_Erly.B 7637.JPG,early_blight,early_blight,0.8793,1,0.8793,0.0024,0.1183
data/test/early_blight/398d72f7-db26-4138-9364-eb506f9495f4___RS_Erly.B 9450.JPG,early_blight,early_blight,0.7429,1,0.7429,0.0006,0.2565
data/test/early_blight/398d72f7-db26-4138-9364-eb506f9495f4___RS_Erly.B 9450_1.JPG,early_blight,early_blight,0.5892,1,0.5892,0.0000,0.4108
data/test/early_blight/39da27eb-fde9-474b-bf0a-1374901ed82b___RS_Erly.B 7394.JPG,early_blight,early_blight,0.9634,1,0.9634,0.0000,0.0366
data/test/early_blight/39da27eb-fde9-474b-bf0a-1374901ed82b___RS_Erly.B 7394_final_masked.jpg,early_blight,early_blight,0.8215,1,0.8215,0.0000,0.1785
data/test/early_blight/3a2f31aa-b3e1-45a0-b0e6-2ffe3a2538b2___RS_Erly.B 9393_final_masked.jpg,early_blight,early_blight,0.9565,1,0.9565,0.0044,0.0390
data/test/early_blight/3a5a5775-fd2c-43ea-ad6b-ce2e50b36dcf___RS_Erly.B 6469.JPG,early_blight,late_blight,0.7921,0,0.2077,0.0001,0.7921
data/test/early_blight/3a5a5775-fd2c-43ea-ad6b-ce2e50b36dcf___RS_Erly.B 6469_1.JPG,early_blight,early_blight,0.9657,1,0.9657,0.0000,0.0342
data/test/early_blight/3a8ed6b0-1566-4ab1-b0e2-6a670dfca65a___RS_Erly.B 7653_final_masked.jpg,early_blight,early_blight,0.9954,1,0.9954,0.0000,0.0046
data/test/early_blight/3af16e88-1b4d-46d5-a099-7450600f11e8___RS_Erly.B 9545_final_masked.jpg,early_blight,early_blight,0.9990,1,0.9990,0.0000,0.0009
data/test/early_blight/3b0f2e65-0005-4b3a-b63c-4ec99b3b92e5___RS_Erly.B 8227_final_masked.jpg,early_blight,early_blight,0.9953,1,0.9953,0.0000,0.0047
data/test/early_blight/3c09557f-b69a-423e-a84f-8fd9ee6467d2___RS_Erly.B 9490_final_masked.jpg,early_blight,early_blight,0.9972,1,0.9972,0.0000,0.0028
data/test/early_blight/3c5b8470-8596-44bf-baa3-164a03e1c818___RS_Erly.B 9611.JPG,early_blight,early_blight,0.9977,1,0.9977,0.0000,0.0023
data/test/early_blight/3d7f5e7a-3149-4bce-8fc3-f0df073d5a73___RS_Erly.B 7518.JPG,early_blight,early_blight,0.9521,1,0.9521,0.0001,0.0478
data/test/early_blight/3d7f5e7a-3149-4bce-8fc3-f0df073d5a73___RS_Erly.B 7518_1.JPG,early_blight,early_blight,0.9990,1,0.9990,0.0000,0.0010
data/test/early_blight/3e9cd8a5-ebe7-4a65-940c-7fd721195c73___RS_Erly.B 7616.JPG,early_blight,early_blight,0.6897,1,0.6897,0.0000,0.3103
data/test/early_blight/3e9cd8a5-ebe7-4a65-940c-7fd721195c73___RS_Erly.B 7616_final_masked.jpg,early_blight,early_blight,0.9838,1,0.9838,0.0003,0.0159
data/test/early_blight/3ecc0dc0-87b2-4f7f-894a-8b9d17d7f25d___RS_Erly.B 7413.JPG,early_blight,late_blight,0.7872,0,0.1569,0.0559,0.7872
data/test/early_blight/4065f166-5f48-4277-9f51-7aa61dbd4b48___RS_Erly.B 8399_final_masked.jpg,early_blight,early_blight,0.9987,1,0.9987,0.0000,0.0013
data/test/early_blight/40b67c0a-5dd8-435c-80ed-764593d2147a___RS_Erly.B 7577.JPG,early_blight,early_blight,0.9999,1,0.9999,0.0000,0.0001
data/test/early_blight/420da335-510d-4e55-ac9c-2cad3530ad68___RS_Erly.B 8442.JPG,early_blight,early_blight,0.6427,1,0.6427,0.0026,0.3546
data/test/early_blight/427229e9-359c-49c5-8dfd-b721a3802899___RS_Erly.B 7861.JPG,early_blight,late_blight,0.5657,0,0.4000,0.0343,0.5657
data/test/early_blight/427229e9-359c-49c5-8dfd-b721a3802899___RS_Erly.B 7861_final_masked.jpg,early_blight,early_blight,0.5572,1,0.5572,0.0004,0.4424
data/test/early_blight/42a9a952-29d4-4a66-9dd9-65ebaac0db93___RS_Erly.B 7815.JPG,early_blight,early_blight,0.9821,1,0.9821,0.0000,0.0179
data/test/early_blight/42d072db-d17e-4050-882a-6a8d1c1ede05___RS_Erly.B 8430.JPG,early_blight,early_blight,0.9965,1,0.9965,0.0000,0.0035
data/test/early_blight/42ee69ea-4c2d-4e65-9c66-e3154dd08375___RS_Erly.B 8428_final_masked.jpg,early_blight,early_blight,0.9996,1,0.9996,0.0000,0.0004
data/test/early_blight/42ef04d9-9bea-4bd2-9ea4-54cb16c9be24___RS_Erly.B 9616.JPG,early_blight,early_blight,0.9021,1,0.9021,0.0000,0.0979
data/test/early_blight/43e84adf-0897-47dc-97a4-94ef0e83eef5___RS_Erly.B 6399_final_masked.jpg,early_blight,early_blight,0.9805,1,0.9805,0.0000,0.0195
data/test/early_blight/4490b039-427d-414c-836d-a1fda6c1ad49___RS_Erly.B 8369_final_masked.jpg,early_blight,early_blight,0.9723,1,0.9723,0.0000,0.0277
data/test/early_blight/45a51377-1fd4-45f3-bfdb-02d9d0953ab2___RS_Erly.B 9471_final_masked.jpg,early_blight,early_blight,0.9985,1,0.9985,0.0002,0.0013
data/test/early_blight/45d27217-fbb3-4b74-93e7-d84f70b784f8___RS_Erly.B 7713.JPG,early_blight,early_blight,0.9265,1,0.9265,0.0000,0.0735
data/test/early_blight/467b230b-ca0c-4f44-bf22-3e6e0454d51a___RS_Erly.B 9429.JPG,early_blight,early_blight,0.8186,1,0.8186,0.0000,0.1814
data/test/early_blight/467b230b-ca0c-4f44-bf22-3e6e0454d51a___RS_Erly.B 9429_final_masked.jpg,early_blight,early_blight,0.9960,1,0.9960,0.0000,0.0039
data/test/early_blight/468a0f48-b0c4-4969-9f21-826cb3ae3f61___RS_Erly.B 7725.JPG,early_blight,early_blight,0.6047,1,0.6047,0.0009,0.3944
data/test/early_blight/468a0f48-b0c4-4969-9f21-826cb3ae3f61___RS_Erly.B 7725_1.JPG,early_blight,early_blight,0.8721,1,0.8721,0.0009,0.1270
data/test/early_blight/468a0f48-b0c4-4969-9f21-826cb3ae3f61___RS_Erly.B 7725_final_masked.jpg,early_blight,early_blight,0.4967,1,0.4967,0.4704,0.0329
data/test/early_blight/47465f0e-80ef-4641-b24b-7147dd82596d___RS_Erly.B 9473.JPG,early_blight,early_blight,0.9900,1,0.9900,0.0000,0.0100
data/test/early_blight/47c05777-ef2f-4baf-8f1a-61ab067a4627___RS_Erly.B 7350.JPG,early_blight,early_blight,0.8523,1,0.8523,0.0015,0.1462
data/test/early_blight/4803a0a5-ac23-431f-b792-d60a25a268bd___RS_Erly.B 9508_final_masked.jpg,early_blight,early_blight,0.7418,1,0.7418,0.0000,0.2582
data/test/early_blight/48160d05-d3e5-44bb-810e-18d08407b529___RS_Erly.B 9606_final_masked.jpg,early_blight,early_blight,0.5165,1,0.5165,0.0002,0.4834
data/test/early_blight/484250ea-cc2c-4614-bee8-7f24007e00ac___RS_Erly.B 9463.JPG,early_blight,early_blight,0.7937,1,0.7937,0.0000,0.2063
data/test/early_blight/4845b02b-1b59-454b-8aae-c4df6c02cbd8___RS_Erly.B 7660_final_masked.jpg,early_blight,early_blight,0.9984,1,0.9984,0.0000,0.0016
data/test/early_blight/496e8f67-eec4-47be-9c37-b7e8fd4cf230___RS_Erly.B 7743_final_masked.jpg,early_blight,early_blight,0.9431,1,0.9431,0.0001,0.0568
data/test/early_blight/4a352896-5a0f-4e42-aba1-f06045d5b531___RS_Erly.B 7765_final_masked.jpg,early_blight,early_blight,0.6407,1,0.6407,0.0041,0.3552
data/test/early_blight/4aa63e45-c531-40e2-86ca-a788e74d4f18___RS_Erly.B 7549.JPG,early_blight,early_blight,0.9361,1,0.9361,0.0005,0.0635
data/test/early_blight/4c524fa6-db92-41e1-8d32-84732f78343f___RS_Erly.B 7768_final_masked.jpg,early_blight,early_blight,0.5430,1,0.5430,0.4032,0.0538
data/test/early_blight/4cbe4896-66b5-4834-8eb7-5baf49ed2f7d___RS_Erly.B 8354.JPG,early_blight,late_blight,0.8319,0,0.1679,0.0002,0.8319
data/test/early_blight/4cbe4896-66b5-4834-8eb7-5baf49ed2f7d___RS_Erly.B 8354_final_masked.jpg,early_blight,late_blight,0.8859,0,0.1137,0.0004,0.8859
data/test/early_blight/4d4da4c4-3de3-4eb5-93d4-a78bf274270b___RS_Erly.B 9538.JPG,early_blight,early_blight,0.9995,1,0.9995,0.0000,0.0005
data/test/early_blight/4d8cce21-a64f-4953-8c56-218f1611ed29___RS_Erly.B 7372.JPG,early_blight,early_blight,0.9998,1,0.9998,0.0000,0.0002
data/test/early_blight/4d8cce21-a64f-4953-8c56-218f1611ed29___RS_Erly.B 7372_1.JPG,early_blight,early_blight,0.9301,1,0.9301,0.0002,0.0698
data/test/early_blight/4e24576f-00c2-494f-b47b-b2b3885b4749___RS_Erly.B 8279.JPG,early_blight,late_blight,0.7234,0,0.2743,0.0022,0.7234
data/test/early_blight/4e24576f-00c2-494f-b47b-b2b3885b4749___RS_Erly.B 8279_1.JPG,early_blight,early_blight,0.9389,1,0.9389,0.0004,0.0607
data/test/early_blight/4e24576f-00c2-494f-b47b-b2b3885b4749___RS_Erly.B 8279_final_masked.jpg,early_blight,early_blight,0.9928,1,0.9928,0.0000,0.0072
data/test/early_blight/4e3f49fc-2ff8-4d00-979d-3c15f4d90db8___RS_Erly.B 7708.JPG,early_blight,early_blight,0.8925,1,0.8925,0.0001,0.1074
data/test/early_blight/4e5f8530-2696-433d-91ec-5f53488b1d18___RS_Erly.B 8299.JPG,early_blight,late_blight,0.6818,0,0.3177,0.0005,0.6818
data/test/early_blight/4e5f8530-2696-433d-91ec-5f53488b1d18___RS_Erly.B 8299_1.JPG,early_blight,early_blight,0.5031,1,0.5031,0.0000,0.4969
data/test/early_blight/4e8e92ba-46f4-4e49-850b-71019f6c8640___RS_Erly.B 6346.JPG,early_blight,late_blight,0.7760,0,0.2239,0.0000,0.7760
data/test/early_blight/4e8e92ba-46f4-4e49-850b-71019f6c8640___RS_Erly.B 6346_final_masked.jpg,early_blight,early_blight,0.9802,1,0.9802,0.0001,0.0197
data/test/early_blight/4eccde8f-4b47-4e5e-b0aa-9eaa67b20126___RS_Erly.B 8417.JPG,early_blight,early_blight,0.9750,1,0.9750,0.0000,0.0250
data/test/early_blight/4ee9cff7-9693-4d51-821b-da31e5df240c___RS_Erly.B 7427.JPG,early_blight,early_blight,0.9951,1,0.9951,0.0000,0.0049
data/test/early_blight/4f4ef45f-80b4-4fde-b052-f932d2b5a9f3___RS_Erly.B 9410.JPG,early_blight,late_blight,0.5594,0,0.2649,0.1757,0.5594
data/test/early_blight/4f6876e9-7226-49d5-aef8-cec3d8e6fbc9___RS_Erly.B 9452_final_masked.jpg,early_blight,early_blight,0.9939,1,0.9939,0.0000,0.0061
data/test/early_blight/4fd3f0e7-cdd9-4151-8734-5f0ad1f52614___RS_Erly.B 9564.JPG,early_blight,early_blight,0.8980,1,0.8980,0.0000,0.1020
data/test/early_blight/503785a3-9eaa-4887-b832-2288f747624a___RS_Erly.B 7636.JPG,early_blight,early_blight,0.7089,1,0.7089,0.0000,0.2911
data/test/early_blight/50cd977c-9fa8-4ff2-9a82-9d848f0a8972___RS_Erly.B 7683_final_masked.jpg,early_blight,early_blight,0.8635,1,0.8635,0.1258,0.0107
data/test/early_blight/51708fa7-4619-4957-bfc6-8e422ee23a99___RS_Erly.B 7630_final_masked.jpg,early_blight,early_blight,0.9956,1,0.9956,0.0002,0.0042
data/test/early_blight/51764eb9-fb8b-4c8a-9c30-3b474d659751___RS_Erly.B 7529_final_masked.jpg,early_blight,early_blight,0.9959,1,0.9959,0.0000,0.0041
data/test/early_blight/518d8b79-c548-42e4-b78d-f2145eb1d6da___RS_Erly.B 7794.JPG,early_blight,early_blight,0.9381,1,0.9381,0.0000,0.0619
data/test/early_blight/518d8b79-c548-42e4-b78d-f2145eb1d6da___RS_Erly.B 7794_1.JPG,early_blight,late_blight,0.5447,0,0.4223,0.0330,0.5447
data/test/early_blight/518d8b79-c548-42e4-b78d-f2145eb1d6da___RS_Erly.B 7794_final_masked.jpg,early_blight,early_blight,0.9776,1,0.9776,0.0043,0.0182
data/test/early_blight/52082b15-4350-415a-be8c-bb0e0fc3ab88___RS_Erly.B 6332.JPG,early_blight,early_blight,0.9996,1,0.9996,0.0000,0.0004
data/test/early_blight/52082b15-4350-415a-be8c-bb0e0fc3ab88___RS_Erly.B 6332_final_masked.jpg,early_blight,early_blight,0.9940,1,0.9940,0.0000,0.0060
data/test/early_blight/52232f20-1d2d-4545-9a5c-76ed0f608bd2___RS_Erly.B 6445_final_masked.jpg,early_blight,early_blight,0.9923,1,0.9923,0.0000,0.0077
data/test/early_blight/5390d8c0-5781-47cf-8d0a-482e000a01f3___RS_Erly.B 7400.JPG,early_blight,early_blight,0.9855,1,0.9855,0.0000,0.0144
data/test/early_blight/546af1f7-3d4f-4024-88b1-f981fea7f2dd___RS_Erly.B 9455.JPG,early_blight,early_blight,0.9999,1,0.9999,0.0000,0.0001
data/test/early_blight/54e98d19-a7a0-44d8-a004-1eaee5f3610b___RS_Erly.B 7348.JPG,early_blight,early_blight,0.5641,1,0.5641,0.0000,0.4359
data/test/early_blight/5592a349-b19a-4fe8-a131-a89bbae8b655___RS_Erly.B 7474_final_masked.jpg,early_blight,early_blight,0.9491,1,0.9491,0.0000,0.0508
data/test/early_blight/55d4f7b2-17d3-4987-92fe-6aff1a8c4f3a___RS_Erly.B 7558_final_masked.jpg,early_blight,early_blight,0.9922,1,0.9922,0.0000,0.0078
data/test/early_blight/56e77ea3-5b58-409c-991d-c6d1e3740f65___RS_Erly.B 7358_final_masked.jpg,early_blight,early_blight,0.9939,1,0.9939,0.0006,0.0056
data/test/early_blight/56f361f0-4a14-4fc1-acc4-798e6614f8fb___RS_Erly.B 8313_final_masked.jpg,early_blight,early_blight,0.9454,1,0.9454,0.0007,0.0539
data/test/early_blight/573fc55b-8a73-48ba-b916-5d7f397977e4___RS_Erly.B 8384_final_masked.jpg,early_blight,early_blight,0.9339,1,0.9339,0.0000,0.0661
data/test/early_blight/583a02eb-f2f2-4a62-8455-f77e08fc19c4___RS_Erly.B 8266.JPG,early_blight,early_blight,0.9971,1,0.9971,0.0000,0.0029
data/test/early_blight/591ec786-c9bb-4054-be3a-055f0dbecbd2___RS_Erly.B 7416.JPG,early_blight,early_blight,0.7851,1,0.7851,0.0000,0.2149
data/test/early_blight/59cbcb57-16e3-4e35-a1d6-8672678c9d8d___RS_Erly.B 6489.JPG,early_blight,early_blight,0.7326,1,0.7326,0.0006,0.2668
data/test/early_blight/59cbcb57-16e3-4e35-a1d6-8672678c9d8d___RS_Erly.B 6489_1.JPG,early_blight,early_blight,0.9578,1,0.9578,0.0001,0.0421
data/test/early_blight/59dbd132-6e6c-4127-a218-b7602cbee670___RS_Erly.B 9449.JPG,early_blight,early_blight,0.5477,1,0.5477,0.0033,0.4490
data/test/early_blight/5a50d734-271b-43f8-991f-b6e6f264b686___RS_Erly.B 6488.JPG,early_blight,early_blight,0.9603,1,0.9603,0.0012,0.0385
data/test/early_blight/5ac465b8-86c9-469a-a656-add4ab1f14e4___RS_Erly.B 6473.JPG,early_blight,early_blight,0.8223,1,0.8223,0.0379,0.1398
data/test/early_blight/5ac465b8-86c9-469a-a656-add4ab1f14e4___RS_Erly.B 6473_1.JPG,early_blight,early_blight,0.9916,1,0.9916,0.0024,0.0060
data/test/early_blight/5b71fe03-84fc-4866-9bf8-e557ce918c6e___RS_Erly.B 9580_final_masked.jpg,early_blight,early_blight,0.9961,1,0.9961,0.0001,0.0038
data/test/early_blight/5b86ab6a-3823-4886-85fd-02190898563c___RS_Erly.B 8452.JPG,early_blight,late_blight,0.5291,0,0.4709,0.0000,0.5291
data/test/early_blight/5ba2c9ec-1d6f-4870-933d-6c9d05833d47___RS_Erly.B 6337.JPG,early_blight,early_blight,0.7828,1,0.7828,0.0009,0.2163
data/test/early_blight/5bbfc062-042e-4929-98ba-fd034a03092d___RS_Erly.B 7581.JPG,early_blight,early_blight,1.0000,1,1.0000,0.0000,0.0000
data/test/early_blight/5bbfc062-042e-4929-98ba-fd034a03092d___RS_Erly.B 7581_final_masked.jpg,early_blight,early_blight,0.9996,1,0.9996,0.0000,0.0004
data/test/early_blight/5bd6338a-0f10-457b-a7bd-69f2ee7c6504___RS_Erly.B 9534.JPG,early_blight,early_blight,0.9233,1,0.9233,0.0000,0.0767
data/test/early_blight/5bd6338a-0f10-457b-a7bd-69f2ee7c6504___RS_Erly.B 9534_1.JPG,early_blight,late_blight,0.6003,0,0.3993,0.0004,0.6003
data/test/early_blight/5d0f4647-6f88-4c84-bacf-d6bc4d469c4d___RS_Erly.B 8411.JPG,early_blight,early_blight,0.9174,1,0.9174,0.0000,0.0826
data/test/early_blight/5d45c117-439e-454a-bc77-93a27ce98761___RS_Erly.B 7546.JPG,early_blight,early_blight,0.9990,1,0.9990,0.0000,0.0010
data/test/early_blight/5d998134-578b-481e-9b88-df0134eb567b___RS_Erly.B 7626.JPG,early_blight,early_blight,0.9401,1,0.9401,0.0000,0.0598
data/test/early_blight/5d998134-578b-481e-9b88-df0134eb567b___RS_Erly.B 7626_final_masked.jpg,early_blight,early_blight,0.8745,1,0.8745,0.0127,0.1128
data/test/early_blight/5f96c793-8015-458b-b3fe-7e718b673b1b___RS_Erly.B 7813.JPG,early_blight,early_blight,0.9610,1,0.9610,0.0000,0.0390
data/test/early_blight/5fef7edb-3b8a-4f74-b980-493366ead004___RS_Erly.B 6476.JPG,early_blight,early_blight,0.9007,1,0.9007,0.0005,0.0988
data/test/early_blight/605ce000-1122-45ae-8742-93a7de8c712c___RS_Erly.B 7627.JPG,early_blight,early_blight,0.9969,1,0.9969,0.0000,0.0031
data/test/early_blight/605ce000-1122-45ae-8742-93a7de8c712c___RS_Erly.B 7627_final_masked.jpg,early_blight,early_blight,0.9918,1,0.9918,0.0018,0.0064
data/test/early_blight/605e0af6-415f-4e25-8f0d-a8f36371732b___RS_Erly.B 7827.JPG,early_blight,early_blight,0.9568,1,0.9568,0.0000,0.0431
data/test/early_blight/61047d59-d93a-4133-92ab-4f2481fa6bed___RS_Erly.B 9533.JPG,early_blight,early_blight,0.8260,1,0.8260,0.0000,0.1740
data/test/early_blight/611a3c58-8a99-401e-9745-592b55bddb85___RS_Erly.B 7679.JPG,early_blight,early_blight,0.7826,1,0.7826,0.0004,0.2170
data/test/early_blight/618b7af9-69ff-4a97-a738-984fec04f25b___RS_Erly.B 7527.JPG,early_blight,early_blight,0.9516,1,0.9516,0.0001,0.0483
data/test/early_blight/62ce29f9-81ea-4616-8562-22a5830b3286___RS_Erly.B 7436.JPG,early_blight,early_blight,0.9997,1,0.9997,0.0000,0.0003
data/test/early_blight/647ccba0-4f5e-4c64-a7ea-a34c8a39a439___RS_Erly.B 7355_final_masked.jpg,early_blight,early_blight,0.9961,1,0.9961,0.0000,0.0039
data/test/early_blight/6485f47f-79cf-455f-9d6c-dbb04ddb580f___RS_Erly.B 7576.JPG,early_blight,early_blight,0.9805,1,0.9805,0.0000,0.0195
data/test/early_blight/64d0749a-a83f-41da-a321-b03d61167454___RS_Erly.B 7846_final_masked.jpg,early_blight,early_blight,0.9968,1,0.9968,0.0002,0.0031
data/test/early_blight/64e682a8-ff23-4b50-a656-72b090f5b43a___RS_Erly.B 9478_final_masked.jpg,early_blight,early_blight,0.9943,1,0.9943,0.0000,0.0057
data/test/early_blight/64ef53fa-26cc-4734-8a94-6f83a108817f___RS_Erly.B 6348.JPG,early_blight,early_blight,0.9997,1,0.9997,0.0000,0.0003
data/test/early_blight/64fade29-cabf-4ec2-a5cf-8c7aeca19eea___RS_Erly.B 6427.JPG,early_blight,early_blight,0.8813,1,0.8813,0.0000,0.1186
data/test/early_blight/654d7c11-664e-47c0-a6aa-c5c45a07e386___RS_Erly.B 7799.JPG,early_blight,late_blight,0.5404,0,0.2023,0.2574,0.5404
data/test/early_blight/65568918-2d9c-4f0c-aa9d-3f4fa8b9a60c___RS_Erly.B 7354.JPG,early_blight,early_blight,0.9404,1,0.9404,0.0001,0.0595
data/test/early_blight/65568918-2d9c-4f0c-aa9d-3f4fa8b9a60c___RS_Erly.B 7354_1.JPG,early_blight,early_blight,0.9895,1,0.9895,0.0000,0.0104
data/test/early_blight/65579d4a-eb54-47cb-a8f7-d886971c8c63___RS_Erly.B 7475.JPG,early_blight,early_blight,0.9910,1,0.9910,0.0000,0.0090
data/test/early_blight/669eda4d-aa2e-4d84-9146-c96b047eb70e___RS_Erly.B 6369.JPG,early_blight,early_blight,0.9993,1,0.9993,0.0000,0.0007
data/test/early_blight/680b86dc-14e0-4668-95c8-776193015146___RS_Erly.B 7854.JPG,early_blight,late_blight,0.9313,0,0.0687,0.0000,0.9313
data/test/early_blight/680b86dc-14e0-4668-95c8-776193015146___RS_Erly.B 7854_1.JPG,early_blight,late_blight,0.6750,0,0.2735,0.0515,0.6750
data/test/early_blight/680b86dc-14e0-4668-95c8-776193015146___RS_Erly.B 7854_final_masked.jpg,early_blight,late_blight,0.8851,0,0.1149,0.0001,0.8851
data/test/early_blight/6873f362-d13b-41f7-a44d-da51875e46f1___RS_Erly.B 9436.JPG,early_blight,early_blight,0.8946,1,0.8946,0.0000,0.1054
data/test/early_blight/68d12608-22a0-4b11-ab99-37cb4cd6fdce___RS_Erly.B 6392_final_masked.jpg,early_blight,early_blight,0.9995,1,0.9995,0.0000,0.0005
data/test/early_blight/68f9f67d-e84a-4551-871c-7b56aab9defc___RS_Erly.B 7693_final_masked.jpg,early_blight,early_blight,0.9819,1,0.9819,0.0007,0.0174
data/test/early_blight/69e0581c-14a5-42d8-ad48-4f689d05632f___RS_Erly.B 6432.JPG,early_blight,early_blight,0.6818,1,0.6818,0.0000,0.3182
data/test/early_blight/69eba018-9404-4e15-ad5f-75830ea4cbc9___RS_Erly.B 7691_final_masked.jpg,early_blight,early_blight,0.9861,1,0.9861,0.0001,0.0139
data/test/early_blight/69ec13bc-48bf-4a91-adc0-acb4386979ac___RS_Erly.B 7732_final_masked.jpg,early_blight,early_blight,0.9984,1,0.9984,0.0000,0.0016
data/test/early_blight/6b52f204-547d-47aa-926c-b9508a5e6cbc___RS_Erly.B 7434_final_masked.jpg,early_blight,early_blight,0.9853,1,0.9853,0.0003,0.0144
data/test/early_blight/6ccc0cdb-d420-4bc6-9a1a-d195a0521c19___RS_Erly.B 9437.JPG,early_blight,early_blight,0.9810,1,0.9810,0.0000,0.0190
data/test/early_blight/6ccc0cdb-d420-4bc6-9a1a-d195a0521c19___RS_Erly.B 9437_final_masked.jpg,early_blight,late_blight,0.6150,0,0.3832,0.0019,0.6150
data/test/early_blight/6ceca8a9-a257-4238-a779-bdb0dccc528e___RS_Erly.B 7604.JPG,early_blight,early_blight,0.7712,1,0.7712,0.0000,0.2288
data/test/early_blight/6efab540-3bb1-47fd-b55f-ed447305f500___RS_Erly.B 7397.JPG,early_blight,early_blight,0.6684,1,0.6684,0.0002,0.3313
data/test/early_blight/6f8046e5-2fc8-4243-a887-b4e99d16397d___RS_Erly.B 6471_final_masked.jpg,early_blight,early_blight,0.9860,1,0.9860,0.0005,0.0135
data/test/early_blight/70de9ac6-f90f-441f-a51f-217f55213234___RS_Erly.B 9568.JPG,early_blight,early_blight,0.9099,1,0.9099,0.0006,0.0894
data/test/early_blight/70ef2f0f-3070-443d-b94f-983b87b41791___RS_Erly.B 9385.JPG,early_blight,early_blight,0.9478,1,0.9478,0.0000,0.0522
data/test/early_blight/70ef7eee-0584-44fc-9c5d-95b504554266___RS_Erly.B 7709_final_masked.jpg,early_blight,early_blight,0.9477,1,0.9477,0.0203,0.0321
data/test/early_blight/72c6a88e-87d8-45cb-8001-3dd67f90d46c___RS_Erly.B 8245.JPG,early_blight,late_blight,0.7424,0,0.2573,0.0002,0.7424
data/test/early_blight/72e0c27a-891e-4864-a473-c44d578ad2ed___RS_Erly.B 7622.JPG,early_blight,late_blight,0.7004,0,0.2996,0.0000,0.7004
data/test/early_blight/74c0d66d-a12d-4b9d-9f24-e283b8273a7e___RS_Erly.B 8302.JPG,early_blight,late_blight,0.8509,0,0.1470,0.0021,0.8509
data/test/early_blight/74c0d66d-a12d-4b9d-9f24-e283b8273a7e___RS_Erly.B 8302_final_masked.jpg,early_blight,early_blight,0.7424,1,0.7424,0.0000,0.2576
data/test/early_blight/74c531fc-c39c-429c-b285-909272c4238b___RS_Erly.B 9550.JPG,early_blight,late_blight,0.6284,0,0.3715,0.0000,0.6284
data/test/early_blight/75128610-8633-4000-8f74-17b6cff222d7___RS_Erly.B 6341.JPG,early_blight,early_blight,0.7670,1,0.7670,0.0009,0.2321
data/test/early_blight/757b49d0-db8e-4352-820a-9f0bdb7d2657___RS_Erly.B 7748.JPG,early_blight,healthy,0.7715,0,0.1743,0.7715,0.0542
data/test/early_blight/7621d943-ed1a-4ffb-8fa4-8c12d50424de___RS_Erly.B 8322_final_masked.jpg,early_blight,early_blight,0.9820,1,0.9820,0.0003,0.0177
data/test/early_blight/762585ed-e09c-43c8-8297-8b6ef503ecb0___RS_Erly.B 7420_final_masked.jpg,early_blight,healthy,0.4076,0,0.3820,0.4076,0.2104
data/test/early_blight/765d8e2a-ebad-4fd5-a968-a9d21986268d___RS_Erly.B 6481_final_masked.jpg,early_blight,early_blight,0.9956,1,0.9956,0.0000,0.0044
data/test/early_blight/77bd1b85-eaed-41f8-97b0-d6e91b6f953d___RS_Erly.B 8212.JPG,early_blight,early_blight,0.8284,1,0.8284,0.0030,0.1686
data/test/early_blight/784f629e-77a3-4d3b-b83c-9ef67b646234___RS_Erly.B 7371.JPG,early_blight,early_blight,0.9999,1,0.9999,0.0000,0.0001
data/test/early_blight/7984dac1-acc8-466a-bbee-7377ea702462___RS_Erly.B 8386.JPG,early_blight,early_blight,0.6909,1,0.6909,0.0731,0.2360
data/test/early_blight/79b737a7-eca5-4eb9-b30e-dd3e85640e55___RS_Erly.B 9492_final_masked.jpg,early_blight,early_blight,0.9975,1,0.9975,0.0000,0.0025
data/test/early_blight/79c34498-d83f-4afd-a339-074b4dbb20bd___RS_Erly.B 8450.JPG,early_blight,early_blight,0.9679,1,0.9679,0.0000,0.0321
data/test/early_blight/7a5ff9e1-b55d-490c-ac89-8b5003e407d9___RS_Erly.B 8231.JPG,early_blight,early_blight,0.9537,1,0.9537,0.0000,0.0463
data/test/early_blight/7b2a8123-3905-48d9-be99-b5e749b5ba45___RS_Erly.B 6472.JPG,early_blight,early_blight,0.5319,1,0.5319,0.2849,0.1832
data/test/early_blight/7b2a8123-3905-48d9-be99-b5e749b5ba45___RS_Erly.B 6472_final_masked.jpg,early_blight,early_blight,0.9773,1,0.9773,0.0000,0.0227
data/test/early_blight/7b32caa4-0d67-4b84-a1bf-cf9dffd7ffe5___RS_Erly.B 6405.JPG,early_blight,early_blight,0.7754,1,0.7754,0.0006,0.2240
data/test/early_blight/7b377a4c-886c-46c5-8a57-a636cc47c9a8___RS_Erly.B 6475.JPG,early_blight,early_blight,0.9352,1,0.9352,0.0001,0.0646
data/test/early_blight/7b377a4c-886c-46c5-8a57-a636cc47c9a8___RS_Erly.B 6475_1.JPG,early_blight,early_blight,0.9981,1,0.9981,0.0001,0.0018
data/test/early_blight/7b962f23-1e0e-4c28-b741-d21c51ab6d4b___RS_Erly.B 7835.JPG,early_blight,early_blight,0.7959,1,0.7959,0.0330,0.1711
data/test/early_blight/7c691a49-8a56-49d2-856f-6c20c34e257b___RS_Erly.B 9586_final_masked.jpg,early_blight,early_blight,0.9262,1,0.9262,0.0000,0.0737
data/test/early_blight/7dc08826-98ed-4885-abfe-85beedbd8cab___RS_Erly.B 9498.JPG,early_blight,early_blight,0.8801,1,0.8801,0.0001,0.1197
data/test/early_blight/7dc08826-98ed-4885-abfe-85beedbd8cab___RS_Erly.B 9498_final_masked.jpg,early_blight,early_blight,0.9956,1,0.9956,0.0000,0.0044
data/test/early_blight/7de91b8f-80f1-41bc-af89-2cf58a89276b___RS_Erly.B 7805.JPG,early_blight,early_blight,0.8617,1,0.8617,0.0009,0.1374
data/test/early_blight/7e236dc3-40e2-4ff9-8356-4fb7a3fcc0ff___RS_Erly.B 6426_final_masked.jpg,early_blight,early_blight,0.6542,1,0.6542,0.0000,0.3457
data/test/early_blight/7ecb4521-70ac-4f49-ab74-2678cc4eab2a___RS_Erly.B 7690.JPG,early_blight,early_blight,0.9746,1,0.9746,0.0000,0.0254
data/test/early_blight/801083ae-26f9-4a9a-9e9a-f73fb18b67e5___RS_Erly.B 7363.JPG,early_blight,early_blight,0.9714,1,0.9714,0.0000,0.0286
data/test/early_blight/809042e0-7587-4a45-93e8-e166c07a55ec___RS_Erly.B 7692.JPG,early_blight,early_blight,0.7020,1,0.7020,0.0022,0.2958
data/test/early_blight/80c0ed57-74c8-4e02-9cd4-5c29ae099594___RS_Erly.B 6447.JPG,early_blight,late_blight,0.6215,0,0.3773,0.0012,0.6215
data/test/early_blight/815fb4d0-7902-45a2-a7c7-2ee400a2e25a___RS_Erly.B 7646_final_masked.jpg,early_blight,early_blight,0.9954,1,0.9954,0.0000,0.0045
data/test/early_blight/81c427f2-5e52-43e2-a000-0a2a973e18f6___RS_Erly.B 7769_final_masked.jpg,early_blight,healthy,0.5428,0,0.4160,0.5428,0.0412
data/test/early_blight/829d0a5e-326c-4ae6-a3c6-c65297cb5d2f___RS_Erly.B 8338_final_masked.jpg,early_blight,early_blight,0.9953,1,0.9953,0.0000,0.0047
data/test/early_blight/8485290f-ef3b-4011-8ff1-02060013a722___RS_Erly.B 7703.JPG,early_blight,early_blight,0.6961,1,0.6961,0.0084,0.2955
data/test/early_blight/8485290f-ef3b-4011-8ff1-02060013a722___RS_Erly.B 7703_final_masked.jpg,early_blight,late_blight,0.8177,0,0.1821,0.0002,0.8177
data/test/early_blight/849f111e-9886-436e-b2ce-060a011cab43___RS_Erly.B 7359.JPG,early_blight,early_blight,0.9988,1,0.9988,0.0000,0.0012
data/test/early_blight/849f111e-9886-436e-b2ce-060a011cab43___RS_Erly.B 7359_final_masked.jpg,early_blight,early_blight,0.9881,1,0.9881,0.0016,0.0102
data/test/early_blight/84fe717f-2161-43c2-ad2f-ee2678a31e9f___RS_Erly.B 9416_final_masked.jpg,early_blight,early_blight,0.9806,1,0.9806,0.0001,0.0192
data/test/early_blight/851570c6-01ac-49e1-a37e-a657ebd46cba___RS_Erly.B 7717.JPG,early_blight,early_blight,0.9057,1,0.9057,0.0000,0.0943
data/test/early_blight/859a134c-51f7-4294-bd1a-78140d775bca___RS_Erly.B 8327.JPG,early_blight,late_blight,0.8393,0,0.1604,0.0003,0.8393
data/test/early_blight/860f1131-a11c-4e17-aaec-c7b96ba914f0___RS_Erly.B 6669.JPG,early_blight,early_blight,0.7273,1,0.7273,0.0030,0.2697
data/test/early_blight/862c7fa2-1ab0-4bce-9f9b-76cbb4a096e1___RS_Erly.B 7521_final_masked.jpg,early_blight,early_blight,0.9862,1,0.9862,0.0000,0.0137
data/test/early_blight/8714986a-ae97-489a-8259-67411bfa2379___RS_Erly.B 9400_final_masked.jpg,early_blight,early_blight,0.9995,1,0.9995,0.0000,0.0005
data/test/early_blight/872ec950-8238-4f73-a366-f72f2f92d3fe___RS_Erly.B 7487.JPG,early_blight,early_blight,0.9841,1,0.9841,0.0000,0.0159
data/test/early_blight/886b8bc5-3690-4939-b5d5-066c7e62019d___RS_Erly.B 9454.JPG,early_blight,early_blight,0.8365,1,0.8365,0.0000,0.1635
data/test/early_blight/89e0c6b5-8812-4a16-92eb-e63401b50051___RS_Erly.B 9589.JPG,early_blight,late_blight,0.5894,0,0.4106,0.0001,0.5894
data/test/early_blight/89e7a492-7347-4659-ac0b-2df664ed4c80___RS_Erly.B 8438.JPG,early_blight,early_blight,0.9902,1,0.9902,0.0000,0.0098
data/test/early_blight/89e7a492-7347-4659-ac0b-2df664ed4c80___RS_Erly.B 8438_final_masked.jpg,early_blight,early_blight,0.8110,1,0.8110,0.0001,0.1889
data/test/early_blight/8a089fe7-9e6a-4db7-b0e8-9792e4abc326___RS_Erly.B 7466.JPG,early_blight,early_blight,0.9873,1,0.9873,0.0000,0.0127
data/test/early_blight/8a13da5b-4bc2-485a-962d-df8c6634ea00___RS_Erly.B 7519.JPG,early_blight,early_blight,0.9774,1,0.9774,0.0000,0.0226
data/test/early_blight/8a13da5b-4bc2-485a-962d-df8c6634ea00___RS_Erly.B 7519_1.JPG,early_blight,early_blight,0.6500,1,0.6500,0.0001,0.3500
data/test/early_blight/8a1d3598-cd1d-4978-9e18-b5e205108540___RS_Erly.B 8315.JPG,early_blight,early_blight,0.9203,1,0.9203,0.0000,0.0797
data/test/early_blight/8b2de2f4-1f12-46a7-ae3c-85fe9bd6ab6e___RS_Erly.B 7574_final_masked.jpg,early_blight,early_blight,0.9634,1,0.9634,0.0006,0.0360
data/test/early_blight/8c757ec5-a977-412f-bf8e-208fefc79063___RS_Erly.B 9504.JPG,early_blight,early_blight,0.9898,1,0.9898,0.0000,0.0102
data/test/early_blight/8c9b351b-520c-46f9-960f-8850386e54ab___RS_Erly.B 7677.JPG,early_blight,early_blight,0.8550,1,0.8550,0.0000,0.1450
data/test/early_blight/8d4ae220-8a79-4ca0-886c-92e90fc7efb2___RS_Erly.B 7625.JPG,early_blight,early_blight,0.7024,1,0.7024,0.0028,0.2949
data/test/early_blight/8d4ae220-8a79-4ca0-886c-92e90fc7efb2___RS_Erly.B 7625_final_masked.jpg,early_blight,early_blight,0.6777,1,0.6777,0.0252,0.2971
data/test/early_blight/8d70db5b-7916-4397-836d-6a73a2faaead___RS_Erly.B 6330_final_masked.jpg,early_blight,early_blight,0.8880,1,0.8880,0.0002,0.1118
data/test/early_blight/8e1c8815-49e0-4be6-a3a5-a426ab6b2445___RS_Erly.B 7822.JPG,early_blight,early_blight,0.6473,1,0.6473,0.0008,0.3519
data/test/early_blight/8f6562ec-69b1-4d97-85be-844034c98c4d___RS_Erly.B 7569.JPG,early_blight,early_blight,0.8761,1,0.8761,0.0009,0.1230
data/test/early_blight/8f6562ec-69b1-4d97-85be-844034c98c4d___RS_Erly.B 7569_1.JPG,early_blight,early_blight,0.9973,1,0.9973,0.0000,0.0027
data/test/early_blight/8f6562ec-69b1-4d97-85be-844034c98c4d___RS_Erly.B 7569_final_masked.jpg,early_blight,early_blight,0.9598,1,0.9598,0.0001,0.0401
data/test/early_blight/90ede7d6-c45b-4a97-8e77-9e8f66206418___RS_Erly.B 9581.JPG,early_blight,early_blight,0.6330,1,0.6330,0.0000,0.3670
data/test/early_blight/90fd6e55-0c2c-4c8e-8742-5a87bc669633___RS_Erly.B 7356_final_masked.jpg,early_blight,early_blight,0.9526,1,0.9526,0.0010,0.0464
data/test/early_blight/91866d08-cbe2-4a9a-87fd-f2b969e5340a___RS_Erly.B 9588.JPG,early_blight,early_blight,0.9005,1,0.9005,0.0002,0.0993
data/test/early_blight/9249614a-4e74-49af-81ab-f8d0689fdc50___RS_Erly.B 7610_final_masked.jpg,early_blight,early_blight,0.9988,1,0.9988,0.0000,0.0012
data/test/early_blight/92df4dc7-e952-4454-9fed-a7897d16903b___RS_Erly.B 6448_final_masked.jpg,early_blight,early_blight,0.9854,1,0.9854,0.0000,0.0146
data/test/early_blight/9305f21d-4558-49ae-b831-a7a1a4d399c2___RS_Erly.B 7417_final_masked.jpg,early_blight,late_blight,0.8815,0,0.1181,0.0004,0.8815
data/test/early_blight/93296d31-4bc2-4998-adce-ec243e940152___RS_Erly.B 7410_final_masked.jpg,early_blight,early_blight,0.9222,1,0.9222,0.0001,0.0777
data/test/early_blight/932fabe0-247e-4e51-92d3-cd824fc6bc5d___RS_Erly.B 9540_final_masked.jpg,early_blight,early_blight,0.9909,1,0.9909,0.0000,0.0091
data/test/early_blight/93533fec-94de-411f-a52e-38cd4d36dbee___RS_Erly.B 9558_final_masked.jpg,early_blight,early_blight,0.9995,1,0.9995,0.0000,0.0005
data/test/early_blight/9407ce87-44ce-4c7f-89ae-1e497b44ae30___RS_Erly.B 9381.JPG,early_blight,early_blight,0.6471,1,0.6471,0.0002,0.3527
data/test/early_blight/9407ce87-44ce-4c7f-89ae-1e497b44ae30___RS_Erly.B 9381_final_masked.jpg,early_blight,early_blight,0.9986,1,0.9986,0.0000,0.0014
data/test/early_blight/95de9f94-ddb1-4303-b3d9-a3ad2b430bbf___RS_Erly.B 9554.JPG,early_blight,early_blight,0.6604,1,0.6604,0.0000,0.3396
data/test/early_blight/95f5cf16-3e2d-4b96-9f3d-732cf1c60d6e___RS_Erly.B 7564_final_masked.jpg,early_blight,early_blight,0.9662,1,0.9662,0.0015,0.0323
data/test/early_blight/96418ba8-a05f-4dea-9f8c-d4310ee564be___RS_Erly.B 7620.JPG,early_blight,early_blight,0.6732,1,0.6732,0.0000,0.3268
data/test/early_blight/96418ba8-a05f-4dea-9f8c-d4310ee564be___RS_Erly.B 7620_1.JPG,early_blight,early_blight,0.6278,1,0.6278,0.0000,0.3722
data/test/early_blight/9664a85d-6c90-46d7-98e6-cbf1b99cc53e___RS_Erly.B 7503.JPG,early_blight,early_blight,0.7452,1,0.7452,0.0000,0.2548
data/test/early_blight/96f7a84a-cafa-487d-a032-548cfe965bdb___RS_Erly.B 9621.JPG,early_blight,early_blight,0.9903,1,0.9903,0.0000,0.0097
data/test/early_blight/99baac4a-7079-4c68-b2bf-c9cf123ddffc___RS_Erly.B 7619_final_masked.jpg,early_blight,late_blight,0.5225,0,0.4763,0.0012,0.5225
data/test/early_blight/99ea67c9-4c24-40b3-8a62-88233a53dc4a___RS_Erly.B 7522.JPG,early_blight,early_blight,0.9996,1,0.9996,0.0000,0.0004
data/test/early_blight/9a2960cc-21cf-470c-990e-e315699c2029___RS_Erly.B 9467.JPG,early_blight,early_blight,0.8693,1,0.8693,0.0009,0.1298
data/test/early_blight/9a86409c-60ef-4fb5-9783-665065eb5229___RS_Erly.B 7697_final_masked.jpg,early_blight,early_blight,0.7834,1,0.7834,0.0000,0.2166
data/test/early_blight/9b0106a7-eb90-4bb2-beec-6c9eb2d90d4b___RS_Erly.B 7424.JPG,early_blight,early_blight,0.8009,1,0.8009,0.0873,0.1118
data/test/early_blight/9b84e7ac-4ffd-4e0b-8099-86f30ad23cda___RS_Erly.B 7731.JPG,early_blight,early_blight,0.9032,1,0.9032,0.0000,0.0968
data/test/early_blight/9ba87e80-e0d5-4b50-8f7e-a0957c370320___RS_Erly.B 8324_final_masked.jpg,early_blight,early_blight,0.9905,1,0.9905,0.0017,0.0078
data/test/early_blight/9cd2e960-3941-4b60-84fb-0ed227c26ed7___RS_Erly.B 7839.JPG,early_blight,early_blight,0.9043,1,0.9043,0.0002,0.0955
data/test/early_blight/9cd2e960-3941-4b60-84fb-0ed227c26ed7___RS_Erly.B 7839_final_masked.jpg,early_blight,early_blight,0.9605,1,0.9605,0.0154,0.0241
data/test/early_blight/9d16bfcd-955e-4a5c-90ea-c7cce8dd9135___RS_Erly.B 7811.JPG,early_blight,early_blight,0.6563,1,0.6563,0.0017,0.3420
data/test/early_blight/9d2bc87f-f309-41a4-a533-569456706e2b___RS_Erly.B 6367.JPG,early_blight,early_blight,0.9998,1,0.9998,0.0000,0.0002
data/test/early_blight/9d8aacaf-ef28-4f23-a18d-4035f59d92b1___RS_Erly.B 7565.JPG,early_blight,early_blight,0.9165,1,0.9165,0.0258,0.0577
data/test/early_blight/9d8aacaf-ef28-4f23-a18d-4035f59d92b1___RS_Erly.B 7565_final_masked.jpg,early_blight,early_blight,0.9978,1,0.9978,0.0000,0.0022
data/test/early_blight/9e8f1cbd-f128-47f3-b90d-9c8dc1efcb78___RS_Erly.B 7425_final_masked.jpg,early_blight,early_blight,0.7171,1,0.7171,0.0480,0.2349
data/test/early_blight/9e92ea05-2e0f-42cb-be52-f58745ee9acc___RS_Erly.B 9476.JPG,early_blight,early_blight,0.6600,1,0.6600,0.0004,0.3396
data/test/early_blight/9eec6625-b337-403b-b93c-e809f4e0b8c4___RS_Erly.B 7681.JPG,early_blight,early_blight,0.9734,1,0.9734,0.0002,0.0264
data/test/early_blight/9eec6625-b337-403b-b93c-e809f4e0b8c4___RS_Erly.B 7681_final_masked.jpg,early_blight,early_blight,0.9711,1,0.9711,0.0021,0.0268
data/test/early_blight/9f98d981-b130-4238-aa34-21b0edfc1eaf___RS_Erly.B 7806.JPG,early_blight,healthy,0.5628,0,0.2719,0.5628,0.1652
data/test/early_blight/9fcb89e0-c94e-427f-930b-73b4d12b8690___RS_Erly.B 9495.JPG,early_blight,early_blight,0.9001,1,0.9001,0.0000,0.0999
data/test/early_blight/a00845f3-9a14-474b-967c-82b7ea7b314f___RS_Erly.B 7550_final_masked.jpg,early_blight,early_blight,0.9601,1,0.9601,0.0005,0.0394
data/test/early_blight/a0cb35c3-0ae6-4b64-a42f-d14006f3d315___RS_Erly.B 7357.JPG,early_blight,early_blight,0.9994,1,0.9994,0.0000,0.0006
data/test/early_blight/a0db48a5-bbb6-4374-ad9f-8132e33280f5___RS_Erly.B 7791.JPG,early_blight,early_blight,0.9773,1,0.9773,0.0001,0.0226
data/test/early_blight/a0db48a5-bbb6-4374-ad9f-8132e33280f5___RS_Erly.B 7791_1.JPG,early_blight,early_blight,0.9307,1,0.9307,0.0010,0.0684
data/test/early_blight/a138ec63-9d5e-4c6d-97d6-da0159c93c0a___RS_Erly.B 7744.JPG,early_blight,early_blight,0.8211,1,0.8211,0.0254,0.1535
data/test/early_blight/a1d275d1-5405-4829-9328-4225ffe69506___RS_Erly.B 7515.JPG,early_blight,early_blight,0.9995,1,0.9995,0.0000,0.0005
data/test/early_blight/a1e875bd-5c06-4031-b0c0-9413d754df0e___RS_Erly.B 8221.JPG,early_blight,late_blight,0.9752,0,0.0121,0.0127,0.9752
data/test/early_blight/a20bd77c-4ecf-473c-89aa-329b1719fbe1___RS_Erly.B 7639.JPG,early_blight,early_blight,0.7765,1,0.7765,0.0060,0.2175
data/test/early_blight/a24d6927-cb21-4d9b-acc1-780ef36cbbf8___RS_Erly.B 7671.JPG,early_blight,early_blight,0.9982,1,0.9982,0.0000,0.0018
data/test/early_blight/a278a40a-bb25-4210-b646-2d232245851a___RS_Erly.B 7719.JPG,early_blight,early_blight,0.5075,1,0.5075,0.0023,0.4902
data/test/early_blight/a278a40a-bb25-4210-b646-2d232245851a___RS_Erly.B 7719_1.JPG,early_blight,early_blight,0.8634,1,0.8634,0.0000,0.1366
data/test/early_blight/a2b13360-65ce-4302-8bec-50bdc1b9789d___RS_Erly.B 9446.JPG,early_blight,early_blight,0.9704,1,0.9704,0.0000,0.0296
data/test/early_blight/a2da7455-c116-4d02-b506-89183f817d78___RS_Erly.B 9371_final_masked.jpg,early_blight,early_blight,0.9416,1,0.9416,0.0003,0.0581
data/test/early_blight/a3d07302-420d-4b4e-94f2-6694ef9d2088___RS_Erly.B 7652.JPG,early_blight,early_blight,0.6087,1,0.6087,0.0001,0.3912
data/test/early_blight/a40e0118-57f7-4a3c-92f5-07e968449dd0___RS_Erly.B 9536.JPG,early_blight,early_blight,0.9626,1,0.9626,0.0002,0.0372
data/test/early_blight/a40e0118-57f7-4a3c-92f5-07e968449dd0___RS_Erly.B 9536_final_masked.jpg,early_blight,early_blight,0.8835,1,0.8835,0.0021,0.1144
data/test/early_blight/a47435d5-cd96-4f92-96b9-edd35046c88f___RS_Erly.B 6390.JPG,early_blight,early_blight,0.9999,1,0.9999,0.0000,0.0001
data/test/early_blight/a47435d5-cd96-4f92-96b9-edd35046c88f___RS_Erly.B 6390_final_masked.jpg,early_blight,early_blight,0.9722,1,0.9722,0.0000,0.0277
data/test/early_blight/a4bf3663-8d32-49e7-8394-cd0d29531704___RS_Erly.B 9465.JPG,early_blight,early_blight,0.9195,1,0.9195,0.0000,0.0805
data/test/early_blight/a6abb0cb-af59-4136-a928-f08d5313ae36___RS_Erly.B 7561.JPG,early_blight,early_blight,0.9930,1,0.9930,0.0004,0.0066
data/test/early_blight/a6abb0cb-af59-4136-a928-f08d5313ae36___RS_Erly.B 7561_final_masked.jpg,early_blight,early_blight,0.9720,1,0.9720,0.0004,0.0276
data/test/early_blight/a6d7438a-35f6-40fb-ab5c-a46cdfef7e83___RS_Erly.B 9594.JPG,early_blight,early_blight,0.8352,1,0.8352,0.0000,0.1648
data/test/early_blight/a725f34d-c57c-4189-9ec8-6aeec7fb6a78___RS_Erly.B 6452_final_masked.jpg,early_blight,early_blight,0.9619,1,0.9619,0.0000,0.0381
data/test/early_blight/a7aac68f-92a8-42dd-ad5b-662c172fa594___RS_Erly.B 7579_final_masked.jpg,early_blight,early_blight,0.5229,1,0.5229,0.0001,0.4770
data/test/early_blight/a87f4fa1-5d7b-42e9-81ed-127aa62ad1e6___RS_Erly.B 8258.JPG,early_blight,early_blight,0.9981,1,0.9981,0.0000,0.0019
data/test/early_blight/a8844870-0efc-494c-af8c-d5c94fd619f3___RS_Erly.B 7756_final_masked.jpg,early_blight,early_blight,0.9941,1,0.9941,0.0001,0.0058
data/test/early_blight/a8d430c0-7dff-4474-a6c1-1fd601198ff6___RS_Erly.B 7738_final_masked.jpg,early_blight,early_blight,0.9686,1,0.9686,0.0001,0.0314
data/test/early_blight/a8d93308-45b8-46e0-b708-02c325d6b027___RS_Erly.B 9535.JPG,early_blight,early_blight,0.9791,1,0.9791,0.0000,0.0209
data/test/early_blight/a8e1a7a4-d45d-4072-9c25-6f7685f8f08b___RS_Erly.B 9387.JPG,early_blight,early_blight,0.9105,1,0.9105,0.0000,0.0895
data/test/early_blight/aafda29f-64e8-4f9a-8b71-d32b5ee27fef___RS_Erly.B 9431_final_masked.jpg,early_blight,early_blight,0.9671,1,0.9671,0.0000,0.0329
data/test/early_blight/ab1f0275-f2db-4dcf-befb-8921c6101b80___RS_Erly.B 7596_final_masked.jpg,early_blight,early_blight,0.9846,1,0.9846,0.0004,0.0151
data/test/early_blight/ab26012b-d88e-4b69-b985-1cba46315762___RS_Erly.B 9468_final_masked.jpg,early_blight,early_blight,0.9994,1,0.9994,0.0000,0.0005
data/test/early_blight/ac04851f-ae27-4dc8-9ccf-d23e5a56d6f3___RS_Erly.B 9587.JPG,early_blight,early_blight,0.6204,1,0.6204,0.0000,0.3795
data/test/early_blight/ac04851f-ae27-4dc8-9ccf-d23e5a56d6f3___RS_Erly.B 9587_final_masked.jpg,early_blight,early_blight,0.9661,1,0.9661,0.0000,0.0339
data/test/early_blight/aca65de6-6464-4f8c-803d-b55f92f950f8___RS_Erly.B 6663_final_masked.jpg,early_blight,early_blight,0.6369,1,0.6369,0.0288,0.3343
data/test/early_blight/acc5fb41-7b03-44c2-8167-47346b97791a___RS_Erly.B 8320.JPG,early_blight,early_blight,0.9727,1,0.9727,0.0000,0.0273
data/test/early_blight/ad302c48-1f27-43d8-b004-4ca61dfa61c1___RS_Erly.B 7566.JPG,early_blight,early_blight,0.9932,1,0.9932,0.0000,0.0068
data/test/early_blight/ad302c48-1f27-43d8-b004-4ca61dfa61c1___RS_Erly.B 7566_final_masked.jpg,early_blight,early_blight,0.9849,1,0.9849,0.0001,0.0151
data/test/early_blight/ad567130-1714-4f31-9735-9ffe4b373964___RS_Erly.B 7623.JPG,early_blight,early_blight,0.9957,1,0.9957,0.0000,0.0043
data/test/early_blight/ad567130-1714-4f31-9735-9ffe4b373964___RS_Erly.B 7623_1.JPG,early_blight,early_blight,0.7340,1,0.7340,0.0000,0.2660
data/test/early_blight/aea263ac-87a1-42b7-a3ca-15d69e55204e___RS_Erly.B 9486.JPG,early_blight,early_blight,0.7135,1,0.7135,0.0013,0.2852
data/test/early_blight/af454559-8f93-4b2d-b961-80bafe6bf43b___RS_Erly.B 8367.JPG,early_blight,early_blight,0.6232,1,0.6232,0.0655,0.3113
data/test/early_blight/b0bc0b85-fce9-43cc-87d1-481d4a107b5c___RS_Erly.B 9451.JPG,early_blight,early_blight,0.7295,1,0.7295,0.0025,0.2680
data/test/early_blight/b0bc0b85-fce9-43cc-87d1-481d4a107b5c___RS_Erly.B 9451_final_masked.jpg,early_blight,early_blight,0.9928,1,0.9928,0.0002,0.0071
data/test/early_blight/b24b9d32-857b-45ef-be89-552232fadfb2___RS_Erly.B 7763.JPG,early_blight,early_blight,0.7442,1,0.7442,0.0000,0.2558
data/test/early_blight/b24b9d32-857b-45ef-be89-552232fadfb2___RS_Erly.B 7763_final_masked.jpg,early_blight,healthy,0.9487,0,0.0442,0.9487,0.0070
data/test/early_blight/b24f8f98-4bfe-4605-85f5-738fc09e58fe___RS_Erly.B 6406_final_masked.jpg,early_blight,late_blight,0.7777,0,0.2128,0.0096,0.7777
data/test/early_blight/b2b63d7c-d8f7-44ff-b53e-6214ddbed5d9___RS_Erly.B 9509.JPG,early_blight,late_blight,0.5562,0,0.4438,0.0000,0.5562
data/test/early_blight/b450abe9-9282-42a8-af4d-3fa7da258f40___RS_Erly.B 7735.JPG,early_blight,early_blight,0.6991,1,0.6991,0.0037,0.2972
data/test/early_blight/b4d37218-1f10-4232-8eeb-dd4106f0f1af___RS_Erly.B 7702.JPG,early_blight,healthy,0.5018,0,0.2570,0.5018,0.2412
data/test/early_blight/b5367f51-874a-4202-a6b6-02327196fd93___RS_Erly.B 8235.JPG,early_blight,early_blight,0.9919,1,0.9919,0.0000,0.0081
data/test/early_blight/b58d7a66-097f-4167-abae-92f865407d90___RS_Erly.B 7845_final_masked.jpg,early_blight,early_blight,0.9777,1,0.9777,0.0022,0.0201
data/test/early_blight/b63549aa-e944-482e-9329-3b1fb95f92c8___RS_Erly.B 9597.JPG,early_blight,early_blight,0.9996,1,0.9996,0.0000,0.0004
data/test/early_blight/b63549aa-e944-482e-9329-3b1fb95f92c8___RS_Erly.B 9597_final_masked.jpg,early_blight,early_blight,0.9992,1,0.9992,0.0000,0.0008
data/test/early_blight/b6bdfe3b-7cb9-48e1-86b2-4ccaf3770af1___RS_Erly.B 9477_final_masked.jpg,early_blight,early_blight,0.9691,1,0.9691,0.0239,0.0070
data/test/early_blight/b7ca5e36-608f-4441-9549-88b011e7088a___RS_Erly.B 7753.JPG,early_blight,late_blight,0.6301,0,0.3689,0.0010,0.6301
data/test/early_blight/b8421c32-9111-49c0-8e78-f86a9912ece4___RS_Erly.B 7706.JPG,early_blight,early_blight,0.9804,1,0.9804,0.0019,0.0177
data/test/early_blight/b868515e-a566-4b0b-9633-30203270943f___RS_Erly.B 9401.JPG,early_blight,early_blight,0.9887,1,0.9887,0.0000,0.0113
data/test/early_blight/b86c17e0-d24a-4edf-a67f-c16c421d36ae___RS_Erly.B 7746.JPG,early_blight,healthy,0.9405,0,0.0349,0.9405,0.0246
data/test/early_blight/b8b9300b-f085-49ce-a052-5c003e493f7e___RS_Erly.B 7507.JPG,early_blight,early_blight,0.6921,1,0.6921,0.0000,0.3079
data/test/early_blight/ba19f779-d0cf-4bc7-88df-96e6080fdc96___RS_Erly.B 7599_final_masked.jpg,early_blight,late_blight,0.9142,0,0.0778,0.0080,0.9142
data/test/early_blight/ba75cd48-68cb-49cb-9d79-d03c1b007852___RS_Erly.B 7432.JPG,early_blight,early_blight,0.8878,1,0.8878,0.0001,0.1121
data/test/early_blight/bab7dc71-f5d2-4b07-a582-11a13f785b3d___RS_Erly.B 7764.JPG,early_blight,early_blight,0.9767,1,0.9767,0.0000,0.0233
data/test/early_blight/bac5677d-59b4-4183-839f-24860287ed6a___RS_Erly.B 9503.JPG,early_blight,early_blight,0.9754,1,0.9754,0.0000,0.0246
data/test/early_blight/bac9d43f-fc43-4b89-bc2a-b8ba4a040059___RS_Erly.B 7724_final_masked.jpg,early_blight,early_blight,0.9377,1,0.9377,0.0478,0.0145
data/test/early_blight/bb843f3f-a4cd-4a42-94ff-152199d78895___RS_Erly.B 7381.JPG,early_blight,early_blight,0.9988,1,0.9988,0.0000,0.0012
data/test/early_blight/bbd73cdc-a2e5-4740-9a66-7e59d0416f25___RS_Erly.B 7502_final_masked.jpg,early_blight,early_blight,0.9946,1,0.9946,0.0008,0.0046
data/test/early_blight/bc351ae2-a270-4e17-aff9-b1f559f665f3___RS_Erly.B 7634.JPG,early_blight,early_blight,0.9990,1,0.9990,0.0000,0.0010
data/test/early_blight/bde8917a-9b0c-4a7b-8ff1-26f31609d6d7___RS_Erly.B 7750.JPG,early_blight,early_blight,0.7912,1,0.7912,0.0033,0.2055
data/test/early_blight/bdf7f885-1619-4b3f-bba8-e97896af0de5___RS_Erly.B 7819_final_masked.jpg,early_blight,early_blight,0.9948,1,0.9948,0.0000,0.0052
data/test/early_blight/be03b7aa-4c59-4ea9-b3cc-33a93a34b402___RS_Erly.B 7742.JPG,early_blight,healthy,0.9092,0,0.0429,0.9092,0.0479
data/test/early_blight/bef16984-17c5-4796-9496-85808dfa3a56___RS_Erly.B 9405.JPG,early_blight,early_blight,0.8506,1,0.8506,0.0000,0.1494
data/test/early_blight/c0caae76-1327-4d16-95dd-138603f7573b___RS_Erly.B 8362_final_masked.jpg,early_blight,early_blight,0.9611,1,0.9611,0.0004,0.0385
data/test/early_blight/c10623b4-33fe-458c-9d8e-d9a74fb74a6a___RS_Erly.B 7450_final_masked.jpg,early_blight,early_blight,0.9668,1,0.9668,0.0002,0.0330
data/test/early_blight/c1291fe6-06c2-477e-b30f-dca9a9a80079___RS_Erly.B 8371.JPG,early_blight,early_blight,0.9896,1,0.9896,0.0000,0.0104
data/test/early_blight/c21e480d-8263-4b9c-b429-4beceb2cb7d0___RS_Erly.B 8292.JPG,early_blight,early_blight,0.9969,1,0.9969,0.0000,0.0031
data/test/early_blight/c27f6ed4-7ae2-4187-8e96-edafd886f123___RS_Erly.B 7618.JPG,early_blight,early_blight,0.5703,1,0.5703,0.0001,0.4296
data/test/early_blight/c29f66a1-5df9-4bd7-a6cd-89a0d4a4cba5___RS_Erly.B 9608.JPG,early_blight,early_blight,0.5698,1,0.5698,0.0000,0.4302
data/test/early_blight/c43cc003-56f4-4d9d-b224-6948f499cf95___RS_Erly.B 7675.JPG,early_blight,early_blight,0.9481,1,0.9481,0.0000,0.0519
data/test/early_blight/c43cc003-56f4-4d9d-b224-6948f499cf95___RS_Erly.B 7675_1.JPG,early_blight,early_blight,0.9999,1,0.9999,0.0000,0.0001
data/test/early_blight/c581e384-d3bd-4a55-a03a-761ebe1e4895___RS_Erly.B 7567.JPG,early_blight,early_blight,1.0000,1,1.0000,0.0000,0.0000
data/test/early_blight/c5ab9d87-f1bf-4fce-8133-c80ac2d52dd5___RS_Erly.B 7849_final_masked.jpg,early_blight,early_blight,0.7682,1,0.7682,0.0052,0.2266
data/test/early_blight/c5b268b2-80e3-45b2-8ba8-2412df3d6444___RS_Erly.B 7364.JPG,early_blight,early_blight,0.9977,1,0.9977,0.0000,0.0023
data/test/early_blight/c684e255-de5d-4905-b934-962180be33cb___RS_Erly.B 7353.JPG,early_blight,early_blight,0.9943,1,0.9943,0.0001,0.0056
data/test/early_blight/c6e96373-484c-45da-b043-0a294a59ad2c___RS_Erly.B 7401.JPG,early_blight,early_blight,0.9535,1,0.9535,0.0000,0.0465
data/test/early_blight/c7005da5-2322-44e9-aceb-c6abe348f98c___RS_Erly.B 6490.JPG,early_blight,early_blight,0.7974,1,0.7974,0.0008,0.2018
data/test/early_blight/c73fd35a-bc55-46c3-baf3-a943a6e396c5___RS_Erly.B 9563.JPG,early_blight,early_blight,0.5424,1,0.5424,0.0000,0.4576
data/test/early_blight/c78483c5-424f-4a5f-aab3-5b909b62a7e6___RS_Erly.B 7541_final_masked.jpg,early_blight,early_blight,0.9471,1,0.9471,0.0000,0.0529
data/test/early_blight/c78c9d19-e83d-4c3b-a690-e6e3b95c979d___RS_Erly.B 9569.JPG,early_blight,early_blight,0.8300,1,0.8300,0.0000,0.1700
data/test/early_blight/c78c9d19-e83d-4c3b-a690-e6e3b95c979d___RS_Erly.B 9569_final_masked.jpg,early_blight,early_blight,0.9878,1,0.9878,0.0007,0.0115
data/test/early_blight/c83d0821-505b-4270-acd7-1a5c79f671b4___RS_Erly.B 7629_final_masked.jpg,early_blight,early_blight,0.9955,1,0.9955,0.0005,0.0041
data/test/early_blight/c8412a1c-4e61-4a35-9538-c3d3a7c46cbe___RS_Erly.B 7383.JPG,early_blight,early_blight,0.9984,1,0.9984,0.0000,0.0016
data/test/early_blight/c8dd6713-727e-4811-b951-e70e44d0c483___RS_Erly.B 7817.JPG,early_blight,early_blight,0.9861,1,0.9861,0.0000,0.0139
data/test/early_blight/c9ff37ca-a310-49ad-8978-0913b3c55f58___RS_Erly.B 7714.JPG,early_blight,early_blight,0.9877,1,0.9877,0.0000,0.0123
data/test/early_blight/c9ff37ca-a310-49ad-8978-0913b3c55f58___RS_Erly.B 7714_1.JPG,early_blight,healthy,0.6305,0,0.2259,0.6305,0.1436
data/test/early_blight/ca408b6b-bc8b-45a0-a04e-f0341169524c___RS_Erly.B 7640.JPG,early_blight,early_blight,0.9589,1,0.9589,0.0000,0.0411
data/test/early_blight/ca7035fa-f55d-49c7-9d89-3d513c8e35b1___RS_Erly.B 7556.JPG,early_blight,early_blight,0.6551,1,0.6551,0.0000,0.3449
data/test/early_blight/ca7035fa-f55d-49c7-9d89-3d513c8e35b1___RS_Erly.B 7556_final_masked.jpg,early_blight,early_blight,0.9641,1,0.9641,0.0001,0.0358
data/test/early_blight/cacbfac0-f563-452c-b506-1ce7bd06d680___RS_Erly.B 9379.JPG,early_blight,early_blight,0.6216,1,0.6216,0.0000,0.3784
data/test/early_blight/caf4e799-6574-4eb6-81df-edd5d256fd45___RS_Erly.B 7536.JPG,early_blight,early_blight,0.7875,1,0.7875,0.0000,0.2125
data/test/early_blight/cd2d8a7b-2389-4a2c-8647-b986092fa506___RS_Erly.B 8377.JPG,early_blight,early_blight,0.9981,1,0.9981,0.0000,0.0019
data/test/early_blight/cd76ee4d-d516-4189-b40b-12959dc02f91___RS_Erly.B 7798_final_masked.jpg,early_blight,healthy,0.4964,0,0.2423,0.4964,0.2612
data/test/early_blight/cf7acf3d-e079-4587-b3e8-bafe507c40d5___RS_Erly.B 8246.JPG,early_blight,late_blight,0.8532,0,0.1467,0.0001,0.8532
data/test/early_blight/cfe67544-6d8c-48e5-af01-51732c571cb5___RS_Erly.B 8291.JPG,early_blight,early_blight,0.9885,1,0.9885,0.0000,0.0115
data/test/early_blight/cfe67544-6d8c-48e5-af01-51732c571cb5___RS_Erly.B 8291_final_masked.jpg,early_blight,early_blight,0.9929,1,0.9929,0.0000,0.0071
data/test/early_blight/d099777c-8b33-4924-af9e-d3dd96c2de37___RS_Erly.B 7790.JPG,early_blight,early_blight,0.8036,1,0.8036,0.0032,0.1933
data/test/early_blight/d0b75b16-bdf9-4e9d-bac9-47bf98c6258a___RS_Erly.B 6416.JPG,early_blight,early_blight,0.8536,1,0.8536,0.0325,0.1139
data/test/early_blight/d0b75b16-bdf9-4e9d-bac9-47bf98c6258a___RS_Erly.B 6416_1.JPG,early_blight,early_blight,0.9974,1,0.9974,0.0000,0.0026
data/test/early_blight/d0efac0c-12e0-4481-bf88-a99d9407b31b___RS_Erly.B 6466.JPG,early_blight,early_blight,0.6281,1,0.6281,0.0000,0.3719
data/test/early_blight/d0efac0c-12e0-4481-bf88-a99d9407b31b___RS_Erly.B 6466_1.JPG,early_blight,late_blight,0.6180,0,0.3763,0.0057,0.6180
data/test/early_blight/d1668361-aac6-41e3-b729-c5e5092326c1___RS_Erly.B 7562_final_masked.jpg,early_blight,early_blight,0.8527,1,0.8527,0.0011,0.1462
data/test/early_blight/d204ed67-ae0c-40fa-84a4-0e7ef9bca62d___RS_Erly.B 8432_final_masked.jpg,early_blight,early_blight,0.8648,1,0.8648,0.0000,0.1352
data/test/early_blight/d3ebceea-8021-4168-85a4-27ef48cdaacb___RS_Erly.B 7857.JPG,early_blight,healthy,0.9431,0,0.0064,0.9431,0.0504
data/test/early_blight/d3fd3d9c-60ba-432c-a4a7-049f014ecace___RS_Erly.B 7696_final_masked.jpg,early_blight,early_blight,0.9263,1,0.9263,0.0347,0.0390
data/test/early_blight/d41e78aa-0020-457b-a17d-736d426adad5___RS_Erly.B 7755.JPG,early_blight,early_blight,0.6589,1,0.6589,0.0012,0.3400
data/test/early_blight/d452210c-ee07-4a6e-a0e0-15676dafacb1___RS_Erly.B 7419.JPG,early_blight,early_blight,0.8377,1,0.8377,0.0040,0.1583
data/test/early_blight/d4971b21-317f-4fbd-95a8-ac21d69d7461___RS_Erly.B 6429_final_masked.jpg,early_blight,late_blight,0.7037,0,0.2963,0.0000,0.7037
data/test/early_blight/d4a47a64-0c10-4a43-8712-4eee11c8cf1b___RS_Erly.B 9524_final_masked.jpg,early_blight,early_blight,0.9927,1,0.9927,0.0000,0.0073
data/test/early_blight/d4d20c99-4cf3-4ecc-95ae-a964560cfeed___RS_Erly.B 9604.JPG,early_blight,early_blight,0.8557,1,0.8557,0.0130,0.1313
data/test/early_blight/d4f5f0b5-3706-437f-826c-6328d479cba6___RS_Erly.B 9516.JPG,early_blight,early_blight,0.9654,1,0.9654,0.0000,0.0346
data/test/early_blight/d53bdcff-1ea7-46c7-9d46-701d104bf130___RS_Erly.B 8353_final_masked.jpg,early_blight,early_blight,0.5161,1,0.5161,0.0001,0.4838
data/test/early_blight/d60c253c-b97e-4076-8eac-bae34e1bbdc9___RS_Erly.B 7749_final_masked.jpg,early_blight,early_blight,0.8264,1,0.8264,0.0001,0.1735
data/test/early_blight/d71f9e9f-e7e3-44e3-8376-0820971fe2c1___RS_Erly.B 9384.JPG,early_blight,early_blight,0.9488,1,0.9488,0.0000,0.0512
data/test/early_blight/d7e11d88-60e8-41d3-a840-2ad9bab04fe2___RS_Erly.B 6355.JPG,early_blight,early_blight,0.8808,1,0.8808,0.0019,0.1173
data/test/early_blight/d7e11d88-60e8-41d3-a840-2ad9bab04fe2___RS_Erly.B 6355_final_masked.jpg,early_blight,early_blight,0.9994,1,0.9994,0.0000,0.0006
data/test/early_blight/d8754b7f-53a4-4e69-8f54-1ec9f7581799___RS_Erly.B 6436.JPG,early_blight,early_blight,0.7309,1,0.7309,0.0051,0.2639
data/test/early_blight/d8754b7f-53a4-4e69-8f54-1ec9f7581799___RS_Erly.B 6436_final_masked.jpg,early_blight,late_blight,0.7971,0,0.2022,0.0007,0.7971
data/test/early_blight/db4241a0-d3ee-44c8-aebb-ba1783e47609___RS_Erly.B 7547.JPG,early_blight,early_blight,0.9884,1,0.9884,0.0000,0.0116
data/test/early_blight/db4241a0-d3ee-44c8-aebb-ba1783e47609___RS_Erly.B 7547_1.JPG,early_blight,early_blight,0.9998,1,0.9998,0.0000,0.0002
data/test/early_blight/dbbc206a-90ab-4b29-abe0-5613028278be___RS_Erly.B 8409.JPG,early_blight,early_blight,0.6683,1,0.6683,0.0000,0.3317
data/test/early_blight/dbbc206a-90ab-4b29-abe0-5613028278be___RS_Erly.B 8409_1.JPG,early_blight,early_blight,0.5971,1,0.5971,0.0001,0.4028
data/test/early_blight/dc4cc3e3-0181-48e9-93a2-7c019df0e04b___RS_Erly.B 9513_final_masked.jpg,early_blight,late_blight,0.6688,0,0.3302,0.0010,0.6688
data/test/early_blight/dc5fc62b-20c7-441b-bd70-aa24790302eb___RS_Erly.B 9510.JPG,early_blight,late_blight,0.8108,0,0.1887,0.0005,0.8108
data/test/early_blight/dda45973-b7a1-4080-93a2-bd7cd3e3026f___RS_Erly.B 8407.JPG,early_blight,early_blight,0.9245,1,0.9245,0.0000,0.0755
data/test/early_blight/de96e7a2-6de3-4699-9680-9eb4d4e215c8___RS_Erly.B 9445.JPG,early_blight,early_blight,0.5511,1,0.5511,0.0000,0.4489
data/test/early_blight/dfa9f6bb-92ac-4b41-ac6c-fd2a7ddd093a___RS_Erly.B 8276.JPG,early_blight,late_blight,0.7271,0,0.2703,0.0026,0.7271
data/test/early_blight/dfa9f6bb-92ac-4b41-ac6c-fd2a7ddd093a___RS_Erly.B 8276_final_masked.jpg,early_blight,early_blight,0.8604,1,0.8604,0.0028,0.1368
data/test/early_blight/e20f17f5-507c-45a8-8f6e-fcd76b29e564___RS_Erly.B 7694.JPG,early_blight,early_blight,0.9278,1,0.9278,0.0000,0.0721
data/test/early_blight/e219e45e-3a8e-46dc-9621-9914f42bf3af___RS_Erly.B 7838.JPG,early_blight,early_blight,0.6730,1,0.6730,0.0001,0.3269
data/test/early_blight/e221d1fa-e003-44eb-a0b0-57e8fcd73fd3___RS_Erly.B 7571.JPG,early_blight,early_blight,0.9963,1,0.9963,0.0000,0.0037
data/test/early_blight/e221d1fa-e003-44eb-a0b0-57e8fcd73fd3___RS_Erly.B 7571_final_masked.jpg,early_blight,early_blight,0.9968,1,0.9968,0.0000,0.0032
data/test/early_blight/e229da8f-a130-49c3-8f78-485842c8a994___RS_Erly.B 7462_final_masked.jpg,early_blight,early_blight,0.9913,1,0.9913,0.0001,0.0086
data/test/early_blight/e2ce6add-93e2-4c1f-9ee3-2354d1542e8b___RS_Erly.B 7698.JPG,early_blight,early_blight,0.5070,1,0.5070,0.0000,0.4930
data/test/early_blight/e2e1bccc-15ec-47f8-8ee7-d33be16fac07___RS_Erly.B 9523.JPG,early_blight,early_blight,0.9991,1,0.9991,0.0000,0.0009
data/test/early_blight/e2e1bccc-15ec-47f8-8ee7-d33be16fac07___RS_Erly.B 9523_final_masked.jpg,early_blight,early_blight,0.9981,1,0.9981,0.0001,0.0018
data/test/early_blight/e2edea17-f5cf-4496-8cce-7e421375c452___RS_Erly.B 7666.JPG,early_blight,early_blight,0.8775,1,0.8775,0.0000,0.1225
data/test/early_blight/e330dc16-fdf9-4eee-8b09-88bfb5537180___RS_Erly.B 7601.JPG,early_blight,late_blight,0.6714,0,0.3262,0.0024,0.6714
data/test/early_blight/e330dc16-fdf9-4eee-8b09-88bfb5537180___RS_Erly.B 7601_final_masked.jpg,early_blight,early_blight,0.9265,1,0.9265,0.0022,0.0713
data/test/early_blight/e332b0b1-ed0c-49b0-aad2-da29a8636126___RS_Erly.B 9418_final_masked.jpg,early_blight,early_blight,0.7695,1,0.7695,0.0185,0.2120
data/test/early_blight/e3aef05b-9ed6-421c-a44d-82a996b3e3bb___RS_Erly.B 7803.JPG,early_blight,early_blight,0.9450,1,0.9450,0.0000,0.0550
data/test/early_blight/e3b74c49-7e82-4094-8a02-5ae7644a1d00___RS_Erly.B 7393.JPG,early_blight,early_blight,0.9998,1,0.9998,0.0000,0.0002
data/test/early_blight/e3e8305e-a7f1-4ac2-9ed0-7a09660b2fa3___RS_Erly.B 9447_final_masked.jpg,early_blight,early_blight,0.9060,1,0.9060,0.0000,0.0940
data/test/early_blight/e468b44a-912b-4e7f-9383-41050a5d421b___RS_Erly.B 8445.JPG,early_blight,early_blight,0.7645,1,0.7645,0.0000,0.2355
data/test/early_blight/e592659e-566b-454b-95ba-851f3a53197c___RS_Erly.B 7843_final_masked.jpg,early_blight,early_blight,0.9236,1,0.9236,0.0016,0.0748
data/test/early_blight/e5f8bd02-fa52-4ba0-9074-cb7618adacda___RS_Erly.B 9617_final_masked.jpg,early_blight,early_blight,0.8300,1,0.8300,0.0048,0.1652
data/test/early_blight/e63371a7-2fb1-4446-9fb2-6d679485d2b0___RS_Erly.B 8415.JPG,early_blight,late_blight,0.4996,0,0.4675,0.0329,0.4996
data/test/early_blight/e63371a7-2fb1-4446-9fb2-6d679485d2b0___RS_Erly.B 8415_final_masked.jpg,early_blight,early_blight,0.9324,1,0.9324,0.0003,0.0673
data/test/early_blight/e7d248e4-a5e5-431f-9061-6383c14d8526___RS_Erly.B 7426.JPG,early_blight,early_blight,0.9895,1,0.9895,0.0004,0.0101
data/test/early_blight/e803b217-d9a9-4b0d-9ea1-679145625159___RS_Erly.B 9571.JPG,early_blight,early_blight,0.9988,1,0.9988,0.0000,0.0012
data/test/early_blight/e803b217-d9a9-4b0d-9ea1-679145625159___RS_Erly.B 9571_final_masked.jpg,early_blight,early_blight,0.9996,1,0.9996,0.0000,0.0004
data/test/early_blight/e94d68c8-f185-4b3d-9b44-ad12e3dc891d___RS_Erly.B 9598_final_masked.jpg,early_blight,early_blight,0.9601,1,0.9601,0.0003,0.0396
data/test/early_blight/e9adf635-754d-4bc3-af3d-4b3e1bd81812___RS_Erly.B 9438.JPG,early_blight,early_blight,0.9668,1,0.9668,0.0000,0.0332
data/test/early_blight/e9e56650-8172-4a98-8100-72e79a3a5858___RS_Erly.B 7481.JPG,early_blight,early_blight,0.9945,1,0.9945,0.0000,0.0055
data/test/early_blight/e9e56650-8172-4a98-8100-72e79a3a5858___RS_Erly.B 7481_final_masked.jpg,early_blight,early_blight,0.9860,1,0.9860,0.0024,0.0116
data/test/early_blight/ea08bf85-06df-41d8-8b09-29feb53cdccf___RS_Erly.B 7486_final_masked.jpg,early_blight,early_blight,0.9982,1,0.9982,0.0000,0.0018
data/test/early_blight/eaf0d111-089a-4808-a34c-dd40e3bb4db4___RS_Erly.B 8393.JPG,early_blight,late_blight,0.7323,0,0.2644,0.0032,0.7323
data/test/early_blight/eaf0d111-089a-4808-a34c-dd40e3bb4db4___RS_Erly.B 8393_final_masked.jpg,early_blight,early_blight,0.9387,1,0.9387,0.0001,0.0613
data/test/early_blight/eb807a4d-9d14-49a0-af1f-1e26b093edff___RS_Erly.B 7409_final_masked.jpg,early_blight,early_blight,0.5559,1,0.5559,0.1822,0.2619
data/test/early_blight/eb84cf99-aee8-4acc-8d3d-c5a24c672eb4___RS_Erly.B 7423_final_masked.jpg,early_blight,early_blight,0.9029,1,0.9029,0.0043,0.0927
data/test/early_blight/eb94014e-83b7-46a4-9b1a-7cae23876302___RS_Erly.B 7471.JPG,early_blight,early_blight,0.5311,1,0.5311,0.0000,0.4689
data/test/early_blight/ec5d1d0a-2909-4c2d-81d5-4bbed298167b___RS_Erly.B 6340.JPG,early_blight,early_blight,0.6042,1,0.6042,0.0001,0.3957
data/test/early_blight/ed68595a-4d05-413c-a173-fa32cc8aae38___RS_Erly.B 7635.JPG,early_blight,early_blight,0.9087,1,0.9087,0.0000,0.0913
data/test/early_blight/ed8eb85d-c4fa-4403-8b97-148ec0ac0661___RS_Erly.B 7642_final_masked.jpg,early_blight,early_blight,0.9950,1,0.9950,0.0001,0.0048
data/test/early_blight/ee69b7e2-34d6-455f-97f6-6f5c06216131___RS_Erly.B 7478.JPG,early_blight,early_blight,0.9295,1,0.9295,0.0000,0.0705
data/test/early_blight/eea79799-a869-4a1f-bfa2-5c85a27716ae___RS_Erly.B 8391_final_masked.jpg,early_blight,early_blight,0.9987,1,0.9987,0.0000,0.0013
data/test/early_blight/eefcdf5d-5207-47ca-916d-0479f010bae8___RS_Erly.B 9482.JPG,early_blight,early_blight,0.9549,1,0.9549,0.0000,0.0451
data/test/early_blight/eefcdf5d-5207-47ca-916d-0479f010bae8___RS_Erly.B 9482_final_masked.jpg,early_blight,early_blight,0.9086,1,0.9086,0.0001,0.0913
data/test/early_blight/ef68398c-ec92-4e44-961a-5ec1a29d3c28___RS_Erly.B 9620.JPG,early_blight,early_blight,0.9996,1,0.9996,0.0000,0.0004
data/test/early_blight/ef68398c-ec92-4e44-961a-5ec1a29d3c28___RS_Erly.B 9620_final_masked.jpg,early_blight,early_blight,0.9924,1,0.9924,0.0001,0.0075
data/test/early_blight/efe14014-c5b8-433b-a469-e10ca8d7c551___RS_Erly.B 7499.JPG,early_blight,early_blight,0.7413,1,0.7413,0.0017,0.2570
data/test/early_blight/f0763973-1898-4ae6-9350-c9b61976c600___RS_Erly.B 6456.JPG,early_blight,early_blight,0.8880,1,0.8880,0.0011,0.1109
data/test/early_blight/f0dfdada-f425-46d7-8cf3-2957850b5a2e___RS_Erly.B 9466.JPG,early_blight,early_blight,0.7647,1,0.7647,0.0001,0.2351
data/test/early_blight/f0eb00dc-22da-4c8b-b86d-72157ea9e71d___RS_Erly.B 9610.JPG,early_blight,late_blight,0.5932,0,0.4068,0.0000,0.5932
data/test/early_blight/f188144b-d52c-40c5-a06f-07d5796f9ab0___RS_Erly.B 9553.JPG,early_blight,early_blight,0.9655,1,0.9655,0.0000,0.0345
data/test/early_blight/f188144b-d52c-40c5-a06f-07d5796f9ab0___RS_Erly.B 9553_final_masked.jpg,early_blight,early_blight,0.9545,1,0.9545,0.0019,0.0435
data/test/early_blight/f40b2786-1a17-46e6-b2cb-4ac1beb386fa___RS_Erly.B 6483_final_masked.jpg,early_blight,early_blight,0.5605,1,0.5605,0.0002,0.4393
data/test/early_blight/f4d4fe0b-d711-4a2c-b331-213787eda9b0___RS_Erly.B 6665.JPG,early_blight,late_blight,0.6966,0,0.2999,0.0035,0.6966
data/test/early_blight/f4d4fe0b-d711-4a2c-b331-213787eda9b0___RS_Erly.B 6665_1.JPG,early_blight,late_blight,0.5901,0,0.3835,0.0264,0.5901
data/test/early_blight/f4e5115b-ca57-4f02-9271-0c8eda45717e___RS_Erly.B 8317.JPG,early_blight,early_blight,0.7617,1,0.7617,0.0000,0.2383
data/test/early_blight/f525cb66-09b6-4f96-93dd-d6bc936f5645___RS_Erly.B 7700.JPG,early_blight,late_blight,0.7762,0,0.2235,0.0004,0.7762
data/test/early_blight/f547a0f4-912a-45ec-81aa-371ad12ecacf___RS_Erly.B 7608.JPG,early_blight,late_blight,0.7968,0,0.2032,0.0000,0.7968
data/test/early_blight/f547a0f4-912a-45ec-81aa-371ad12ecacf___RS_Erly.B 7608_final_masked.jpg,early_blight,early_blight,0.9921,1,0.9921,0.0000,0.0079
data/test/early_blight/f59545f4-cded-405a-bf6f-f4b77e51e2ff___RS_Erly.B 7737.JPG,early_blight,late_blight,0.5089,0,0.4570,0.0341,0.5089
data/test/early_blight/f59545f4-cded-405a-bf6f-f4b77e51e2ff___RS_Erly.B 7737_final_masked.jpg,early_blight,early_blight,0.9494,1,0.9494,0.0009,0.0497
data/test/early_blight/f62b2695-c850-47d4-9e42-e35e5596e729___RS_Erly.B 7777.JPG,early_blight,early_blight,0.8780,1,0.8780,0.0000,0.1220
data/test/early_blight/f62e84ae-2bd4-4b15-918a-639c0470c25d___RS_Erly.B 7761.JPG,early_blight,early_blight,0.9564,1,0.9564,0.0004,0.0432
data/test/early_blight/f62e84ae-2bd4-4b15-918a-639c0470c25d___RS_Erly.B 7761_1.JPG,early_blight,healthy,0.3768,0,0.3491,0.3768,0.2740
data/test/early_blight/f79134d0-8c6a-43ad-ba78-9323f9a9f84f___RS_Erly.B 9427.JPG,early_blight,early_blight,0.9688,1,0.9688,0.0000,0.0312
data/test/early_blight/f7ab79a6-43d3-4ece-9461-43742519a221___RS_Erly.B 8290_final_masked.jpg,early_blight,early_blight,0.9908,1,0.9908,0.0000,0.0092
data/test/early_blight/f870ea24-aac9-41cd-92a3-72f87d395c33___RS_Erly.B 7598.JPG,early_blight,early_blight,0.5177,1,0.5177,0.0000,0.4823
data/test/early_blight/f899b748-cd86-460f-a202-a6946e04946e___RS_Erly.B 7494.JPG,early_blight,early_blight,0.9428,1,0.9428,0.0000,0.0572
data/test/early_blight/f899b748-cd86-460f-a202-a6946e04946e___RS_Erly.B 7494_final_masked.jpg,early_blight,early_blight,0.9964,1,0.9964,0.0000,0.0036
data/test/early_blight/f8aaa5e3-fe38-4815-8f1d-8ca71db15a8f___RS_Erly.B 7511_final_masked.jpg,early_blight,early_blight,0.9037,1,0.9037,0.0001,0.0963
data/test/early_blight/f8babb7d-af2d-495c-9d99-cf215c8c67af___RS_Erly.B 9462.JPG,early_blight,early_blight,0.7036,1,0.7036,0.0000,0.2964
data/test/early_blight/f9095543-43a8-4dac-8d06-041203fa5af5___RS_Erly.B 6435.JPG,early_blight,late_blight,0.6413,0,0.3587,0.0000,0.6413
data/test/early_blight/f91230c1-b28c-46fe-ab7a-329fdb689a02___RS_Erly.B 9439_final_masked.jpg,early_blight,late_blight,0.6870,0,0.3049,0.0081,0.6870
data/test/early_blight/fa5e382e-d1ad-42f9-a4e5-afb343f77a53___RS_Erly.B 9453.JPG,early_blight,early_blight,0.5729,1,0.5729,0.0000,0.4270
data/test/early_blight/fae08468-fe96-4604-9b86-bfe4c4f06999___RS_Erly.B 9530.JPG,early_blight,early_blight,0.9986,1,0.9986,0.0000,0.0014
data/test/early_blight/fae08468-fe96-4604-9b86-bfe4c4f06999___RS_Erly.B 9530_final_masked.jpg,early_blight,early_blight,0.9991,1,0.9991,0.0000,0.0008
data/test/early_blight/fb3352cc-9189-4214-8b94-a60c6a392c96___RS_Erly.B 9600_final_masked.jpg,early_blight,early_blight,0.6393,1,0.6393,0.0003,0.3604
data/test/early_blight/fb956247-8c0b-486a-b491-4d49e77e598e___RS_Erly.B 7842.JPG,early_blight,late_blight,0.7187,0,0.2813,0.0001,0.7187
data/test/early_blight/fbe86131-6873-460e-880a-6ee8576b6bc9___RS_Erly.B 7551.JPG,early_blight,early_blight,0.9989,1,0.9989,0.0000,0.0011
data/test/early_blight/fc38942e-e609-41a2-970c-cc1a67b16fe2___RS_Erly.B 7793.JPG,early_blight,early_blight,0.7603,1,0.7603,0.0001,0.2396
data/test/early_blight/fcbc5323-1679-416c-bb10-534e686f21bd___RS_Erly.B 7801.JPG,early_blight,healthy,0.7517,0,0.1308,0.7517,0.1175
data/test/early_blight/fe167aa5-089e-4295-ad85-071819b7b692___RS_Erly.B 9403.JPG,early_blight,early_blight,0.6607,1,0.6607,0.0000,0.3393
data/test/early_blight/fe79c70c-0977-43f3-ad1b-3a1b4bceeceb___RS_Erly.B 7506.JPG,early_blight,early_blight,0.9678,1,0.9678,0.0000,0.0322
data/test/early_blight/fe856320-407c-4390-9960-a6a539371182___RS_Erly.B 7624.JPG,early_blight,late_blight,0.5084,0,0.4916,0.0000,0.5084
data/test/early_blight/ff422d28-d002-4382-80bf-30f78f66c677___RS_Erly.B 6492.JPG,early_blight,late_blight,0.5307,0,0.4628,0.0065,0.5307
data/test/early_blight/ff83852f-65e0-4981-8c66-6b86d34b32c2___RS_Erly.B 9582.JPG,early_blight,late_blight,0.6742,0,0.3258,0.0001,0.6742
data/test/healthy/000146ff-92a4-4db6-90ad-8fce2ae4fddd___GH_HL Leaf 259.1_final_masked.jpg,healthy,healthy,0.9996,1,0.0002,0.9996,0.0002
data/test/healthy/0031da2a-8edd-468f-a8b1-106657717a32___RS_HL 0105.JPG,healthy,healthy,0.9999,1,0.0000,0.9999,0.0000
data/test/healthy/00bce074-967b-4d50-967a-31fdaa35e688___RS_HL 0223.JPG,healthy,healthy,1.0000,1,0.0000,1.0000,0.0000
data/test/healthy/01700b46-3800-46c6-ab81-09a5f50af525___RS_HL 0108.JPG,healthy,healthy,0.9874,1,0.0085,0.9874,0.0041
data/test/healthy/025bc454-a051-42d2-b547-316f8cc3dc55___GH_HL Leaf 297_final_masked.jpg,healthy,healthy,0.9991,1,0.0003,0.9991,0.0006
data/test/healthy/0326b4b6-0f25-47af-bfd9-d8fec314a4f5___RS_HL 0621_final_masked.jpg,healthy,healthy,0.9994,1,0.0005,0.9994,0.0001
data/test/healthy/03bc8804-bc25-4930-b9bf-35c35920dc3f___RS_HL 9940.JPG,healthy,healthy,1.0000,1,0.0000,1.0000,0.0000
data/test/healthy/04141939-3a8c-47b2-a582-e8371ccc120f___RS_HL 0275_final_masked.jpg,healthy,healthy,0.9701,1,0.0169,0.9701,0.0131
data/test/healthy/04c78dad-c1eb-4a1b-bfeb-da4c7cc528e1___RS_HL 9688_final_masked.jpg,healthy,healthy,0.9999,1,0.0000,0.9999,0.0000
data/test/healthy/05598cc1-60b9-4436-a233-973c42eff2d6___GH_HL Leaf 503.1_final_masked.jpg,healthy,healthy,0.9959,1,0.0017,0.9959,0.0024
data/test/healthy/0576ef4b-c843-4dfb-b148-c917f7d605b7___GH_HL Leaf 299.JPG,healthy,healthy,0.9885,1,0.0028,0.9885,0.0087
data/test/healthy/0576ef4b-c843-4dfb-b148-c917f7d605b7___GH_HL Leaf 299_1.JPG,healthy,healthy,0.9989,1,0.0003,0.9989,0.0008
data/test/healthy/06040967-7b02-43b5-a3fc-4490a9a7ded6___RS_HL 0508_final_masked.jpg,healthy,healthy,0.9996,1,0.0003,0.9996,0.0001
data/test/healthy/061bd6f1-8532-4bc8-977d-bc48ffab4ac3___RS_HL 0476.JPG,healthy,healthy,0.9784,1,0.0145,0.9784,0.0071
data/test/healthy/06704d9f-3bbc-40cd-a5eb-258ed55e172b___GH_HL Leaf 491.1.JPG,healthy,healthy,0.9960,1,0.0001,0.9960,0.0039
data/test/healthy/06704d9f-3bbc-40cd-a5eb-258ed55e172b___GH_HL Leaf 491.1_1.JPG,healthy,healthy,0.9718,1,0.0015,0.9718,0.0267
data/test/healthy/068e324c-faf6-40d6-8f83-578907f1cac5___GH_HL Leaf 466.1_final_masked.jpg,healthy,healthy,0.9989,1,0.0004,0.9989,0.0008
data/test/healthy/06d90ad5-eb13-49aa-ae04-3a4a5454963d___RS_HL 0620.JPG,healthy,healthy,0.9769,1,0.0104,0.9769,0.0126
data/test/healthy/06ee1c8d-fbe4-48e9-a1b2-fed7ed5539f7___GH_HL Leaf 293_final_masked.jpg,healthy,healthy,0.9988,1,0.0008,0.9988,0.0004
data/test/healthy/0764cff7-f198-467a-9afd-d9f0c7bcf7c9___RS_HL 0443_final_masked.jpg,healthy,healthy,0.9999,1,0.0001,0.9999,0.0000
data/test/healthy/07776423-f0af-455c-a7c1-36215c7e7097___RS_HL 0321_final_masked.jpg,healthy,healthy,0.9997,1,0.0002,0.9997,0.0000
data/test/healthy/0782c04b-2a91-4e10-89a7-cf3d3e48be82___RS_HL 9645_final_masked.jpg,healthy,healthy,0.9996,1,0.0002,0.9996,0.0002
data/test/healthy/07b44f68-fa0b-44b5-91cc-c6a7144fcc93___RS_HL 0357.JPG,healthy,healthy,0.9999,1,0.0000,0.9999,0.0000
data/test/healthy/07c3c887-da7d-4c81-b6ae-fabd1fb0ba5a___RS_HL 9681.JPG,healthy,healthy,0.9877,1,0.0089,0.9877,0.0034
data/test/healthy/07c3c887-da7d-4c81-b6ae-fabd1fb0ba5a___RS_HL 9681_1.JPG,healthy,healthy,0.9999,1,0.0000,0.9999,0.0001
data/test/healthy/085cbe78-1d5c-45eb-877f-f409526032d5___GH_HL Leaf 469.JPG,healthy,healthy,0.9641,1,0.0044,0.9641,0.0315
data/test/healthy/0864ab65-d40d-4902-8213-09df86cf049e___GH_HL Leaf 400.JPG,healthy,healthy,0.9999,1,0.0001,0.9999,0.0001
data/test/healthy/0864ab65-d40d-4902-8213-09df86cf049e___GH_HL Leaf 400_final_masked.jpg,healthy,healthy,0.9997,1,0.0002,0.9997,0.0001
data/test/healthy/087e3b12-a80b-435f-8973-a3b07888f8b4___RS_HL 9847.JPG,healthy,healthy,0.9799,1,0.0132,0.9799,0.0069
data/test/healthy/0902aa8e-e4f7-4c29-b11a-b2b7f24fe61c___GH_HL Leaf 228.1_final_masked.jpg,healthy,healthy,0.9995,1,0.0003,0.9995,0.0002
data/test/healthy/0920bfd6-6c70-432b-be33-cccb6abb0f31___GH_HL Leaf 181.1_final_masked.jpg,healthy,healthy,0.9938,1,0.0013,0.9938,0.0048
data/test/healthy/0922314c-48ce-4a7b-a042-68fecb43a228___RS_HL 0260.JPG,healthy,healthy,0.9998,1,0.0001,0.9998,0.0001
data/test/healthy/0922314c-48ce-4a7b-a042-68fecb43a228___RS_HL 0260_final_masked.jpg,healthy,healthy,0.9991,1,0.0006,0.9991,0.0004
data/test/healthy/0971aa89-8f72-4f66-b4ee-dceca73add54___GH_HL Leaf 318.JPG,healthy,healthy,0.9775,1,0.0101,0.9775,0.0124
data/test/healthy/09e0f4bb-e933-4969-8097-58cf47065790___RS_HL 0387.JPG,healthy,healthy,0.9995,1,0.0004,0.9995,0.0001
data/test/healthy/0a334ae6-bea3-4453-b200-85e082794d56___GH_HL Leaf 310.1.JPG,healthy,healthy,0.9649,1,0.0052,0.9649,0.0298
data/test/healthy/0a9986e6-b629-4ff5-8aab-7488ea9b935b___RS_HL 9704.JPG,healthy,healthy,0.9992,1,0.0002,0.9992,0.0006
data/test/healthy/0caff918-5807-40f2-b9e4-7dd34a7bab5d___RS_HL 0345.JPG,healthy,healthy,0.9951,1,0.0037,0.9951,0.0012
data/test/healthy/0cb10f98-491d-4e1f-b8ea-4fb0f1b3675f___GH_HL Leaf 333_final_masked.jpg,healthy,healthy,0.9994,1,0.0003,0.9994,0.0003
data/test/healthy/0cfee8b1-5de4-4118-9e25-f9c37bb6f17e___GH_HL Leaf 252.JPG,healthy,healthy,0.9880,1,0.0034,0.9880,0.0086
data/test/healthy/0d259481-e08d-459d-aa92-fe05e1524742___GH_HL Leaf 253.1.JPG,healthy,healthy,0.9934,1,0.0013,0.9934,0.0053
data/test/healthy/0d259481-e08d-459d-aa92-fe05e1524742___GH_HL Leaf 253.1_1.JPG,healthy,healthy,0.9999,1,0.0000,0.9999,0.0001
data/test/healthy/0d2bcda8-8dae-408e-8919-21dfa6cc9eea___RS_HL 0335.JPG,healthy,healthy,0.9988,1,0.0009,0.9988,0.0004
data/test/healthy/0d2bcda8-8dae-408e-8919-21dfa6cc9eea___RS_HL 0335_1.JPG,healthy,healthy,0.9787,1,0.0121,0.9787,0.0092
data/test/healthy/0d3691ab-5413-4313-870e-9e5d2faf33ea___RS_HL 9958.JPG,healthy,healthy,0.9958,1,0.0036,0.9958,0.0006
data/test/healthy/0d515778-61ef-4f0b-ab54-75607c80220f___RS_HL 9745_final_masked.jpg,healthy,healthy,1.0000,1,0.0000,1.0000,0.0000
data/test/healthy/0d70d565-520e-474c-85c1-ab478c9f1d4b___GH_HL Leaf 203.1.JPG,healthy,healthy,0.9998,1,0.0001,0.9998,0.0001
data/test/healthy/0d932b2a-584e-4971-8590-70c5f0a049cf___RS_HL 9739.JPG,healthy,healthy,1.0000,1,0.0000,1.0000,0.0000
data/test/healthy/0de16216-510d-48c1-9ef0-78ce39328ff2___GH_HL Leaf 240_final_masked.jpg,healthy,healthy,0.9977,1,0.0010,0.9977,0.0012
data/test/healthy/0de569a8-21c5-4d22-b9c9-ba0ef0f2b614___RS_HL 0314.JPG,healthy,healthy,0.9559,1,0.0338,0.9559,0.0104
data/test/healthy/0eb4ba9a-6626-4e46-b561-c226b495073d___RS_HL 9862.JPG,healthy,healthy,0.9626,1,0.0177,0.9626,0.0197
data/test/healthy/0f0fc0ee-b19b-4f90-ab41-8f693131f57d___RS_HL 9890.JPG,healthy,healthy,0.9362,1,0.0432,0.9362,0.0206
data/test/healthy/0f20443a-193e-46b1-aea9-7ea614eb98ec___RS_HL 9850_final_masked.jpg,healthy,healthy,0.9903,1,0.0058,0.9903,0.0040
data/test/healthy/0f809e80-ee2b-4ad4-9a80-50d789298d48___GH_HL Leaf 192_final_masked.jpg,healthy,healthy,0.9992,1,0.0005,0.9992,0.0003
data/test/healthy/0f93b04b-73fc-4c5c-98d6-35842cafdd25___RS_HL 0278.JPG,healthy,healthy,0.9990,1,0.0005,0.9990,0.0005
data/test/healthy/0fee8af3-ca03-418c-a71c-c4fb0a80dc7b___RS_HL 0199.JPG,healthy,healthy,1.0000,1,0.0000,1.0000,0.0000
data/test/healthy/1006c73b-19f8-4771-9fe5-3fc4908e8da3___RS_HL 0557.JPG,healthy,healthy,0.9880,1,0.0064,0.9880,0.0056
data/test/healthy/10126910-47a0-4b22-b3ee-ce9eb4d5d7b5___GH_HL Leaf 350_final_masked.jpg,healthy,healthy,0.9976,1,0.0010,0.9976,0.0013
data/test/healthy/10716d69-324b-4423-9e1e-b09559babb89___GH_HL Leaf 267.1.JPG,healthy,healthy,0.9998,1,0.0001,0.9998,0.0001
data/test/healthy/10716d69-324b-4423-9e1e-b09559babb89___GH_HL Leaf 267.1_1.JPG,healthy,healthy,0.9851,1,0.0025,0.9851,0.0124
data/test/healthy/10a4a3bd-e4c3-4e1c-94bd-cd0cd4e2705b___GH_HL Leaf 526_final_masked.jpg,healthy,healthy,0.9986,1,0.0008,0.9986,0.0007
data/test/healthy/11fe6fbc-a1a9-4cc4-ba85-a6864a4e9bae___GH_HL Leaf 280.JPG,healthy,healthy,0.9922,1,0.0022,0.9922,0.0057
data/test/healthy/12a3a4c8-0f82-419c-9a7f-0fc6d261299a___RS_HL 9988.JPG,healthy,healthy,0.9516,1,0.0327,0.9516,0.0157
data/test/healthy/12a3a4c8-0f82-419c-9a7f-0fc6d261299a___RS_HL 9988_1.JPG,healthy,healthy,0.9997,1,0.0002,0.9997,0.0001
data/test/healthy/12a3a4c8-0f82-419c-9a7f-0fc6d261299a___RS_HL 9988_final_masked.jpg,healthy,healthy,0.9991,1,0.0004,0.9991,0.0006
data/test/healthy/13053341-b112-411c-bc76-8cadbcb4eded___GH_HL Leaf 223.JPG,healthy,healthy,0.9995,1,0.0003,0.9995,0.0003
data/test/healthy/13053341-b112-411c-bc76-8cadbcb4eded___GH_HL Leaf 223_final_masked.jpg,healthy,healthy,0.9854,1,0.0042,0.9854,0.0104
data/test/healthy/1317fd49-1819-4065-b3a4-d74f9763c7c4___RS_HL 0252.JPG,healthy,healthy,0.9998,1,0.0001,0.9998,0.0000
data/test/healthy/1352e7ea-9a81-44fb-98e9-25ee6c701753___RS_HL 0549.JPG,healthy,healthy,0.9894,1,0.0072,0.9894,0.0034
data/test/healthy/1352e7ea-9a81-44fb-98e9-25ee6c701753___RS_HL 0549_final_masked.jpg,healthy,healthy,0.9994,1,0.0006,0.9994,0.0000
data/test/healthy/13688c77-f2ad-4f7c-972c-99d70652fac6___RS_HL 0458.JPG,healthy,healthy,0.9997,1,0.0001,0.9997,0.0002
data/test/healthy/139d2f99-d25b-440d-805e-d070a399d8f1___RS_HL 0600_final_masked.jpg,healthy,healthy,0.9988,1,0.0005,0.9988,0.0007
data/test/healthy/13a4fd9b-13eb-4fcd-af7d-b6c76fbbf456___GH_HL Leaf 272.JPG,healthy,healthy,0.9998,1,0.0001,0.9998,0.0001
data/test/healthy/1457ca6a-4907-4c97-83f8-a0fa22135a27___RS_HL 0441.JPG,healthy,healthy,0.9903,1,0.0068,0.9903,0.0030
data/test/healthy/1457ca6a-4907-4c97-83f8-a0fa22135a27___RS_HL 0441_final_masked.jpg,healthy,healthy,0.9999,1,0.0001,0.9999,0.0000
data/test/healthy/14768e0c-387d-40d2-96f9-031e0a45bed5___RS_HL 9667.JPG,healthy,healthy,0.9677,1,0.0236,0.9677,0.0088
data/test/healthy/148e32de-8876-45d9-92c5-43c17d7292fa___RS_HL 0189_final_masked.jpg,healthy,healthy,1.0000,1,0.0000,1.0000,0.0000
data/test/healthy/14f9c049-aeb8-4cfb-84a7-cd39526b8b20___RS_HL 0534.JPG,healthy,healthy,0.9894,1,0.0063,0.9894,0.0043
data/test/healthy/1528d8ea-c972-4da3-8f66-b4a0de6ace90___RS_HL 0573_final_masked.jpg,healthy,healthy,0.9998,1,0.0001,0.9998,0.0001
data/test/healthy/1531dc0c-64d5-49f2-a78a-c7b39882a47a___RS_HL 9727.JPG,healthy,healthy,0.9881,1,0.0054,0.9881,0.0065
data/test/healthy/15ba0299-5f38-47ed-ab19-fe6a72737705___RS_HL 9732.JPG,healthy,healthy,0.9999,1,0.0000,0.9999,0.0001
data/test/healthy/162db449-3361-40fa-a9bf-42bb63d43781___RS_HL 9647_final_masked.jpg,healthy,healthy,0.9997,1,0.0001,0.9997,0.0002
data/test/healthy/166b90f5-3bba-4aea-9bc4-212efb57a504___RS_HL 0377.JPG,healthy,healthy,0.9889,1,0.0076,0.9889,0.0035
data/test/healthy/16927ddc-fc87-4ff2-b450-1edc2b4c6191___RS_HL 0051.JPG,healthy,healthy,0.9851,1,0.0104,0.9851,0.0045
data/test/healthy/16fd1407-644b-42f1-a40a-6cacd9bc0258___RS_HL 9705.JPG,healthy,healthy,0.9871,1,0.0072,0.9871,0.0058
data/test/healthy/1732045f-a451-4325-aa86-717a8cbdaf02___RS_HL 9698.JPG,healthy,healthy,0.9989,1,0.0001,0.9989,0.0010
data/test/healthy/1732045f-a451-4325-aa86-717a8cbdaf02___RS_HL 9698_final_masked.jpg,healthy,healthy,0.9963,1,0.0015,0.9963,0.0022
data/test/healthy/17b48132-9a1d-45e5-9000-30ebd7248273___RS_HL 0385.JPG,healthy,healthy,0.9941,1,0.0041,0.9941,0.0018
data/test/healthy/17cffb66-bb7f-433c-88b4-442c1f4e8cb4___RS_HL 9708.JPG,healthy,healthy,0.9999,1,0.0001,0.9999,0.0001
data/test/healthy/17cffb66-bb7f-433c-88b4-442c1f4e8cb4___RS_HL 9708_1.JPG,healthy,healthy,0.9312,1,0.0498,0.9312,0.0190
data/test/healthy/188107b9-d61f-4084-94da-4d5f8d9eedc1___RS_HL 0553.JPG,healthy,healthy,0.9979,1,0.0016,0.9979,0.0005
data/test/healthy/1971e05b-fc5e-40c1-a4ff-c6a4c746693f___GH_HL Leaf 237.JPG,healthy,healthy,0.9996,1,0.0002,0.9996,0.0002
data/test/healthy/1a02fa87-a194-482e-b4ac-8dec2064d793___RS_HL 0022.JPG,healthy,healthy,0.9915,1,0.0068,0.9915,0.0017
data/test/healthy/1a0a5292-5e63-4afa-8611-38eef316f1e9___GH_HL Leaf 477.JPG,healthy,healthy,0.9991,1,0.0003,0.9991,0.0006
data/test/healthy/1a393116-cbd1-4e3f-acfc-563e96ae1e80___RS_HL 0268_final_masked.jpg,healthy,healthy,0.9986,1,0.0005,0.9986,0.0008
data/test/healthy/1a939012-5b9b-4dfa-aeda-ba97ec857903___GH_HL Leaf 278_final_masked.jpg,healthy,healthy,0.9973,1,0.0017,0.9973,0.0011
data/test/healthy/1ae5cf7c-f03a-4591-93e9-61d9784763e0___RS_HL 0043.JPG,healthy,healthy,0.9986,1,0.0011,0.9986,0.0003
data/test/healthy/1ae5cf7c-f03a-4591-93e9-61d9784763e0___RS_HL 0043_1.JPG,healthy,healthy,1.0000,1,0.0000,1.0000,0.0000
data/test/healthy/1af0bfe1-4bcf-4b8b-be66-5d0953eb647e___GH_HL Leaf 482.2.JPG,healthy,healthy,0.9974,1,0.0001,0.9974,0.0025
data/test/healthy/1b150c8d-ab5d-43b5-a61d-c3fb3a8ffd54___GH_HL Leaf 321.JPG,healthy,healthy,0.9998,1,0.0001,0.9998,0.0001
data/test/healthy/1b477a6a-aa09-4c12-ad17-fbbc08cd76da___GH_HL Leaf 386.JPG,healthy,healthy,0.9999,1,0.0000,0.9999,0.0000
data/test/healthy/1b477a6a-aa09-4c12-ad17-fbbc08cd76da___GH_HL Leaf 386_final_masked.jpg,healthy,healthy,0.9997,1,0.0002,0.9997,0.0002
data/test/healthy/1b966d62-d5c3-4a67-ba36-b67d873ccfdf___GH_HL Leaf 440.JPG,healthy,healthy,0.9939,1,0.0016,0.9939,0.0045
data/test/healthy/1bd9f661-9b9c-4faf-80ab-86a8a64a8bc2___RS_HL 0271.JPG,healthy,healthy,0.9936,1,0.0044,0.9936,0.0020
data/test/healthy/1ca23194-53c1-44a9-973a-39aa073f4a33___RS_HL 0058.JPG,healthy,healthy,0.9412,1,0.0374,0.9412,0.0214
data/test/healthy/1ca23194-53c1-44a9-973a-39aa073f4a33___RS_HL 0058_1.JPG,healthy,healthy,0.9998,1,0.0001,0.9998,0.0001
data/test/healthy/1ca3c77d-13d8-43cc-929f-9c3a79e5dd1b___RS_HL 0250_final_masked.jpg,healthy,healthy,0.9986,1,0.0008,0.9986,0.0006
data/test/healthy/1d1221b5-1a59-43bb-a616-8f7a404785b6___RS_HL 0451.JPG,healthy,healthy,0.9997,1,0.0003,0.9997,0.0001
data/test/healthy/1d46ec32-bf0a-4d44-a149-c6fc12920d57___RS_HL 0060.JPG,healthy,healthy,0.9975,1,0.0017,0.9975,0.0008
data/test/healthy/1d598eb4-b055-4c4c-8b7e-b60990804957___RS_HL 9838.JPG,healthy,healthy,1.0000,1,0.0000,1.0000,0.0000
data/test/healthy/1d8bb370-3c10-4806-b2ff-1621e21355ba___RS_HL 9882.JPG,healthy,healthy,0.9998,1,0.0001,0.9998,0.0000
data/test/healthy/1dfb5aeb-8d00-4672-9755-5da982758453___RS_HL 9987.JPG,healthy,healthy,0.9995,1,0.0003,0.9995,0.0002
data/test/healthy/1e1aa3d8-d12f-47e1-b316-b8656ab3f2b6___RS_HL 0075_final_masked.jpg,healthy,healthy,0.9999,1,0.0000,0.9999,0.0000
data/test/healthy/1f763a4e-3f17-44c1-be1b-a8752d2b93a1___RS_HL 9830.JPG,healthy,healthy,0.9847,1,0.0113,0.9847,0.0040
data/test/healthy/1fa569d8-45ba-4633-b66d-3fdb07ed523e___RS_HL 0533_final_masked.jpg,healthy,healthy,0.9993,1,0.0005,0.9993,0.0003
data/test/healthy/1fee5d1d-ab19-43ed-bef2-9547bbd1fdc9___RS_HL 0137_final_masked.jpg,healthy,healthy,0.9994,1,0.0004,0.9994,0.0002
data/test/healthy/202825fe-3d0b-4c86-aea3-15604e2efed4___RS_HL 9694_final_masked.jpg,healthy,healthy,0.9999,1,0.0001,0.9999,0.0000
data/test/healthy/20d823a4-0be3-4b8a-acdc-6efd1236e7f0___GH_HL Leaf 254.2.JPG,healthy,healthy,0.9895,1,0.0019,0.9895,0.0085
data/test/healthy/20d823a4-0be3-4b8a-acdc-6efd1236e7f0___GH_HL Leaf 254.2_final_masked.jpg,healthy,healthy,0.9994,1,0.0003,0.9994,0.0003
data/test/healthy/221b0575-215a-430d-a728-60020b7ad160___GH_HL Leaf 340.JPG,healthy,healthy,0.9995,1,0.0001,0.9995,0.0005
data/test/healthy/22356f83-9bb2-4b42-9283-bbf8e0dffba0___RS_HL 0430_final_masked.jpg,healthy,healthy,0.9982,1,0.0011,0.9982,0.0007
data/test/healthy/225003c5-d8a1-48ce-b315-42df4b99c51a___RS_HL 0464_final_masked.jpg,healthy,healthy,0.9995,1,0.0003,0.9995,0.0002
data/test/healthy/22c48f3b-b49d-48b1-977e-e81d47c0f951___RS_HL 0369.JPG,healthy,healthy,0.9924,1,0.0036,0.9924,0.0040
data/test/healthy/22c48f3b-b49d-48b1-977e-e81d47c0f951___RS_HL 0369_final_masked.jpg,healthy,healthy,0.7256,1,0.1774,0.7256,0.0970
data/test/healthy/22e6625c-8075-428b-8356-fc6a97660efc___GH_HL Leaf 444_final_masked.jpg,healthy,healthy,0.9993,1,0.0003,0.9993,0.0004
data/test/healthy/22ebd26e-0388-4b07-8f48-bffb1680f350___RS_HL 9826.JPG,healthy,healthy,1.0000,1,0.0000,1.0000,0.0000
data/test/healthy/22ebd26e-0388-4b07-8f48-bffb1680f350___RS_HL 9826_final_masked.jpg,healthy,healthy,1.0000,1,0.0000,1.0000,0.0000
data/test/healthy/237ec7d7-d96f-434d-8a94-250ec92c8e86___RS_HL 0457.JPG,healthy,healthy,0.9986,1,0.0010,0.9986,0.0003
data/test/healthy/237ec7d7-d96f-434d-8a94-250ec92c8e86___RS_HL 0457_final_masked.jpg,healthy,healthy,1.0000,1,0.0000,1.0000,0.0000
data/test/healthy/23a4712e-8805-43f7-9ae4-655d1c4799b0___RS_HL 0619.JPG,healthy,healthy,0.9999,1,0.0001,0.9999,0.0000
data/test/healthy/23ffcd05-2b2a-48d2-a694-5c292e910b66___RS_HL 9842_final_masked.jpg,healthy,healthy,0.9965,1,0.0019,0.9965,0.0016
data/test/healthy/240a9583-9e6a-446d-8850-62bc23312ce9___GH_HL Leaf 312.4_final_masked.jpg,healthy,healthy,0.9986,1,0.0009,0.9986,0.0005
data/test/healthy/24336aa8-a0ad-404e-9669-3661d9920aec___GH_HL Leaf 435.1.JPG,healthy,healthy,0.9907,1,0.0017,0.9907,0.0077
data/test/healthy/24336aa8-a0ad-404e-9669-3661d9920aec___GH_HL Leaf 435.1_1.JPG,healthy,healthy,0.9992,1,0.0002,0.9992,0.0006
data/test/healthy/247e79d6-1874-4ce4-a777-a03a4f94edbf___GH_HL Leaf 211.1.JPG,healthy,healthy,0.9998,1,0.0001,0.9998,0.0001
data/test/healthy/247e79d6-1874-4ce4-a777-a03a4f94edbf___GH_HL Leaf 211.1_final_masked.jpg,healthy,healthy,0.9993,1,0.0004,0.9993,0.0003
data/test/healthy/24fe1921-3196-4125-8f96-d68edef32487___RS_HL 0109_final_masked.jpg,healthy,healthy,0.9999,1,0.0001,0.9999,0.0000
data/test/healthy/2503cc16-ff09-4437-9d4b-4316e2c32764___GH_HL Leaf 235_final_masked.jpg,healthy,healthy,0.9976,1,0.0011,0.9976,0.0013
data/test/healthy/256a65aa-690c-4e03-b426-21e84bb9b6dd___GH_HL Leaf 477.1.JPG,healthy,healthy,0.9916,1,0.0008,0.9916,0.0075
data/test/healthy/256a65aa-690c-4e03-b426-21e84bb9b6dd___GH_HL Leaf 477.1_1.JPG,healthy,healthy,0.9992,1,0.0003,0.9992,0.0005
data/test/healthy/256a65aa-690c-4e03-b426-21e84bb9b6dd___GH_HL Leaf 477.1_final_masked.jpg,healthy,healthy,0.9964,1,0.0012,0.9964,0.0025
data/test/healthy/25cac927-fd33-4890-9948-8aa1e9a7af52___GH_HL Leaf 293.1.JPG,healthy,healthy,0.9998,1,0.0002,0.9998,0.0001
data/test/healthy/264a08a7-74a4-4492-aff1-8a3ab8b35c46___GH_HL Leaf 314.1_final_masked.jpg,healthy,healthy,0.9984,1,0.0011,0.9984,0.0005
data/test/healthy/267fd403-bea5-4a99-ae97-ea1c272623a1___GH_HL Leaf 440.1.JPG,healthy,healthy,0.9997,1,0.0000,0.9997,0.0002
data/test/healthy/273f3e74-dbdc-40bc-8507-3bdd3ce24134___RS_HL 0149.JPG,healthy,healthy,1.0000,1,0.0000,1.0000,0.0000
data/test/healthy/2763797b-4786-41ef-8ff1-73b088f9973c___GH_HL Leaf 231.JPG,healthy,healthy,0.9993,1,0.0005,0.9993,0.0002
data/test/healthy/27bda660-1691-4763-a125-824f521587d9___RS_HL 0305.JPG,healthy,healthy,0.9944,1,0.0045,0.9944,0.0010
data/test/healthy/27bda660-1691-4763-a125-824f521587d9___RS_HL 0305_final_masked.jpg,healthy,healthy,0.9957,1,0.0040,0.9957,0.0003
data/test/healthy/27c1515c-743f-4f4d-8342-fbe3cee29e7e___RS_HL 0344.JPG,healthy,healthy,0.9659,1,0.0246,0.9659,0.0095
data/test/healthy/27ed6a35-3fb7-4d57-9cb4-b368c1f4f6eb___RS_HL 9665.JPG,healthy,healthy,0.9991,1,0.0003,0.9991,0.0006
data/test/healthy/28200010-ba2b-41f7-9dff-94d86019488e___GH_HL Leaf 366.JPG,healthy,healthy,0.9846,1,0.0036,0.9846,0.0118
data/test/healthy/283a4ff6-4a72-498d-b5fc-df970b8b4b83___RS_HL 9643.JPG,healthy,healthy,0.9999,1,0.0000,0.9999,0.0001
data/test/healthy/283a4ff6-4a72-498d-b5fc-df970b8b4b83___RS_HL 9643_1.JPG,healthy,healthy,0.9936,1,0.0052,0.9936,0.0012
data/test/healthy/291a778d-bfbd-450e-98a8-d8276a9a5cf2___GH_HL Leaf 486.1.JPG,healthy,healthy,0.9853,1,0.0037,0.9853,0.0110
data/test/healthy/29265f8d-86ff-4de1-b1ad-e33a64b189dc___RS_HL 0264_final_masked.jpg,healthy,healthy,0.9996,1,0.0002,0.9996,0.0002
data/test/healthy/293dddf9-f5e5-42de-ab68-f1cad0f69a43___GH_HL Leaf 232_final_masked.jpg,healthy,healthy,0.9972,1,0.0020,0.9972,0.0008
data/test/healthy/2969446c-455d-4ad3-a0f4-25786dca0841___RS_HL 9793_final_masked.jpg,healthy,healthy,0.9973,1,0.0014,0.9973,0.0013
data/test/healthy/29ff6f63-9b09-4833-8d76-00af9c7b6495___GH_HL Leaf 320.2.JPG,healthy,healthy,0.9891,1,0.0025,0.9891,0.0085
data/test/healthy/2a0d08cc-91b5-436b-abe4-31835c5f470b___RS_HL 0396.JPG,healthy,healthy,0.9469,1,0.0390,0.9469,0.0141
data/test/healthy/2a0d08cc-91b5-436b-abe4-31835c5f470b___RS_HL 0396_1.JPG,healthy,healthy,0.9992,1,0.0008,0.9992,0.0001
data/test/healthy/2a0d08cc-91b5-436b-abe4-31835c5f470b___RS_HL 0396_final_masked.jpg,healthy,healthy,0.9978,1,0.0018,0.9978,0.0004
data/test/healthy/2a1dd125-ece3-499f-a24b-1d00dbcc3184___GH_HL Leaf 227.JPG,healthy,healthy,0.9805,1,0.0079,0.9805,0.0115
data/test/healthy/2a859068-5042-4f74-82ac-29339c760cbb___GH_HL Leaf 436_final_masked.jpg,healthy,healthy,0.9995,1,0.0004,0.9995,0.0002
data/test/healthy/2a8f7c7a-fbd4-4669-90eb-61ee118db2a7___RS_HL 0126.JPG,healthy,healthy,0.9826,1,0.0128,0.9826,0.0045
data/test/healthy/2a99d5af-218f-4332-a8ce-505301abdbfe___RS_HL 9693.JPG,healthy,healthy,1.0000,1,0.0000,1.0000,0.0000
data/test/healthy/2aeb668a-251a-4f68-b52f-aadeb3376d55___RS_HL 9744.JPG,healthy,healthy,1.0000,1,0.0000,1.0000,0.0000
data/test/healthy/2aeb668a-251a-4f68-b52f-aadeb3376d55___RS_HL 9744_final_masked.jpg,healthy,healthy,1.0000,1,0.0000,1.0000,0.0000
data/test/healthy/2b21cbfc-9c23-42fb-984c-9439fa891a4c___RS_HL 9637_final_masked.jpg,healthy,healthy,0.9996,1,0.0002,0.9996,0.0002
data/test/healthy/2b37cb9f-75c0-4e26-b82a-053525aa3d2d___RS_HL 9989_final_masked.jpg,healthy,healthy,0.9973,1,0.0006,0.9973,0.0022
data/test/healthy/2b4ab56e-4afa-4b0f-910a-3270e90c707c___RS_HL 0035_final_masked.jpg,healthy,healthy,1.0000,1,0.0000,1.0000,0.0000
data/test/healthy/2b50c7a7-e22e-4103-9e23-909377ab00e3___RS_HL 0193_final_masked.jpg,healthy,healthy,0.9991,1,0.0008,0.9991,0.0001
data/test/healthy/2b815107-e4d1-4f97-b8eb-72a06b2198f3___RS_HL 0399.JPG,healthy,healthy,0.9999,1,0.0001,0.9999,0.0000
data/test/healthy/2b8306e4-7898-4f27-b659-b0061c4c3832___RS_HL 0440.JPG,healthy,healthy,0.9835,1,0.0104,0.9835,0.0061
data/test/healthy/2b8306e4-7898-4f27-b659-b0061c4c3832___RS_HL 0440_final_masked.jpg,healthy,healthy,0.9997,1,0.0002,0.9997,0.0002
data/test/healthy/2b91175f-d3de-47dd-b386-5fd639e8b531___RS_HL 0216_final_masked.jpg,healthy,healthy,0.9988,1,0.0007,0.9988,0.0005
data/test/healthy/2bce59d3-c971-46da-8bb5-bc36b712e208___GH_HL Leaf 257_final_masked.jpg,healthy,healthy,0.9985,1,0.0008,0.9985,0.0007
data/test/healthy/2bd08574-9555-42a5-93b1-7fab8f9f8786___GH_HL Leaf 475.2.JPG,healthy,healthy,0.9657,1,0.0055,0.9657,0.0287
data/test/healthy/2c22b17b-e914-453a-a379-15b29fe294b0___RS_HL 9720_final_masked.jpg,healthy,healthy,0.9999,1,0.0001,0.9999,0.0001
data/test/healthy/2c741e7d-d03b-4903-8e42-1e43f5ad7286___RS_HL 0131_final_masked.jpg,healthy,healthy,0.9999,1,0.0000,0.9999,0.0000
data/test/healthy/2d02a0d6-0734-4ac7-957f-44f2a011fdc3___RS_HL 0375_final_masked.jpg,healthy,healthy,0.9954,1,0.0038,0.9954,0.0009
data/test/healthy/2d4db3f7-a768-4a27-832c-fc72496e79b4___GH_HL Leaf 446.JPG,healthy,healthy,0.9999,1,0.0000,0.9999,0.0000
data/test/healthy/2d4db3f7-a768-4a27-832c-fc72496e79b4___GH_HL Leaf 446_final_masked.jpg,healthy,healthy,0.9996,1,0.0003,0.9996,0.0001
data/test/healthy/2de3b39c-9fbd-4e94-b9e4-3f97dac9c34d___GH_HL Leaf 286.1.JPG,healthy,healthy,0.9857,1,0.0019,0.9857,0.0123
data/test/healthy/2df73051-0fdf-4ed5-a626-205e245ad8c7___GH_HL Leaf 233.JPG,healthy,healthy,0.9992,1,0.0006,0.9992,0.0002
data/test/healthy/2e4b9ef4-4ee8-4a50-aac0-de7c001f36d4___GH_HL Leaf 288.1.JPG,healthy,healthy,0.9769,1,0.0045,0.9769,0.0186
data/test/healthy/2e96661f-a313-4deb-bf32-1eacbc10c48d___GH_HL Leaf 424_final_masked.jpg,healthy,healthy,0.9994,1,0.0002,0.9994,0.0004
data/test/healthy/2ec18b22-c51c-456b-bf94-d5f3d282fb6c___RS_HL 0179.JPG,healthy,healthy,0.9996,1,0.0003,0.9996,0.0001
data/test/healthy/2ee6d2c6-a766-422c-a710-e89582d8155e___GH_HL Leaf 470.JPG,healthy,healthy,0.9973,1,0.0018,0.9973,0.0009
data/test/healthy/2f9e1c60-06fc-41e9-af7d-a91c4a5e9f3d___GH_HL Leaf 504.1_final_masked.jpg,healthy,healthy,0.9924,1,0.0027,0.9924,0.0050
data/test/healthy/2fd78b0f-a307-4824-9e6c-ff4a3f27e3c8___GH_HL Leaf 403_final_masked.jpg,healthy,healthy,0.9991,1,0.0003,0.9991,0.0006
data/test/healthy/3005a6ed-8ede-4bc5-ab3c-a54f87c45716___GH_HL Leaf 353.1.JPG,healthy,healthy,0.9897,1,0.0019,0.9897,0.0084
data/test/healthy/30c8f7b8-e0cf-4cfb-b7fe-e2b75ce22789___GH_HL Leaf 333.1.JPG,healthy,healthy,0.9853,1,0.0021,0.9853,0.0126
data/test/healthy/3169aa41-66a8-4f36-ab6e-a5664f5b1839___RS_HL 0471.JPG,healthy,healthy,0.9859,1,0.0094,0.9859,0.0047
data/test/healthy/3247a6d7-a473-414f-af51-2d8de917ee82___RS_HL 9622_final_masked.jpg,healthy,healthy,0.9999,1,0.0000,0.9999,0.0000
data/test/healthy/32a852af-ca60-4235-806a-21940281ed8b___RS_HL 0625.JPG,healthy,healthy,0.9394,1,0.0375,0.9394,0.0232
data/test/healthy/337e35e3-7b0d-4760-a1f6-c26c7db90a0b___GH_HL Leaf 425.JPG,healthy,healthy,0.9999,1,0.0000,0.9999,0.0001
data/test/healthy/338994aa-89ca-4fa5-80ea-9efc94093280___RS_HL 0194_final_masked.jpg,healthy,healthy,0.9995,1,0.0004,0.9995,0.0001
data/test/healthy/33936d1f-7074-49d2-9b3e-3964972fc636___RS_HL 0119.JPG,healthy,healthy,0.9729,1,0.0176,0.9729,0.0095
data/test/healthy/33936d1f-7074-49d2-9b3e-3964972fc636___RS_HL 0119_1.JPG,healthy,healthy,0.9999,1,0.0001,0.9999,0.0000
data/test/healthy/33936d1f-7074-49d2-9b3e-3964972fc636___RS_HL 0119_final_masked.jpg,healthy,healthy,0.9999,1,0.0001,0.9999,0.0000
data/test/healthy/33a75eb9-0745-4159-8c6e-3c4e4e418992___RS_HL 9767.JPG,healthy,healthy,0.9820,1,0.0153,0.9820,0.0028
data/test/healthy/3483a0b2-f04c-429f-a10e-f7f33ba5be6e___RS_HL 0439.JPG,healthy,healthy,0.9999,1,0.0001,0.9999,0.0000
data/test/healthy/34c81c57-e1fa-49dd-a49d-34fe8b2385fe___GH_HL Leaf 466.1.JPG,healthy,healthy,0.9999,1,0.0000,0.9999,0.0001
data/test/healthy/3574c8fc-19bd-4163-adc8-c36276fff0fb___GH_HL Leaf 362.JPG,healthy,healthy,0.9895,1,0.0022,0.9895,0.0083
data/test/healthy/35f9364b-1ec2-42ee-99f4-3cdeda433f92___RS_HL 9778.JPG,healthy,healthy,0.9979,1,0.0017,0.9979,0.0005
data/test/healthy/362f6311-e53a-4c35-80b4-8f865b662bd0___RS_HL 9649_final_masked.jpg,healthy,healthy,0.9989,1,0.0005,0.9989,0.0006
data/test/healthy/37081fee-4a04-4134-99d9-f9ac3801ad47___GH_HL Leaf 201.1_final_masked.jpg,healthy,healthy,0.9996,1,0.0002,0.9996,0.0001
data/test/healthy/3767f857-a7b6-4801-b56e-b62e642fc508___RS_HL 0425.JPG,healthy,healthy,0.9985,1,0.0012,0.9985,0.0003
data/test/healthy/3767f857-a7b6-4801-b56e-b62e642fc508___RS_HL 0425_1.JPG,healthy,healthy,1.0000,1,0.0000,1.0000,0.0000
data/test/healthy/3796ec31-0263-4e17-a312-7871e7b5c0c2___GH_HL Leaf 486_final_masked.jpg,healthy,healthy,0.9958,1,0.0021,0.9958,0.0021
data/test/healthy/37aad83b-7ff8-4b35-b3ed-fb8e0f54910b___GH_HL Leaf 342.1.JPG,healthy,healthy,0.9998,1,0.0001,0.9998,0.0001
data/test/healthy/381a69d2-9a7d-40e2-adcb-9d7e362229e2___GH_HL Leaf 478.JPG,healthy,healthy,0.9988,1,0.0005,0.9988,0.0007
data/test/healthy/381a69d2-9a7d-40e2-adcb-9d7e362229e2___GH_HL Leaf 478_final_masked.jpg,healthy,healthy,0.9933,1,0.0028,0.9933,0.0039
data/test/healthy/3887cbce-afde-4244-b39e-25ee0c9e24fc___GH_HL Leaf 235.1_final_masked.jpg,healthy,healthy,0.9989,1,0.0008,0.9989,0.0003
data/test/healthy/397c68cc-c2f8-4a52-8468-557c8181bc9e___GH_HL Leaf 247.JPG,healthy,healthy,0.9884,1,0.0010,0.9884,0.0106
data/test/healthy/397c68cc-c2f8-4a52-8468-557c8181bc9e___GH_HL Leaf 247_final_masked.jpg,healthy,healthy,0.9987,1,0.0005,0.9987,0.0009
data/test/healthy/399da916-8ffa-40f0-a7a6-62442f14067b___RS_HL 0088.JPG,healthy,healthy,0.9823,1,0.0147,0.9823,0.0029
data/test/healthy/39b1d9c6-7a13-426f-9154-563e6a8d0438___RS_HL 0563.JPG,healthy,healthy,0.9998,1,0.0002,0.9998,0.0000
data/test/healthy/39b1d9c6-7a13-426f-9154-563e6a8d0438___RS_HL 0563_final_masked.jpg,healthy,healthy,0.9974,1,0.0021,0.9974,0.0005
data/test/healthy/3a211a87-cac9-4393-84ca-51e240e1b043___RS_HL 0210.JPG,healthy,healthy,1.0000,1,0.0000,1.0000,0.0000
data/test/healthy/3a48952b-cb72-4678-baca-d622971c78d0___RS_HL 9877.JPG,healthy,healthy,1.0000,1,0.0000,1.0000,0.0000
data/test/healthy/3b05e678-aa3c-47c6-9ebd-0650efd82b16___GH_HL Leaf 399_final_masked.jpg,healthy,healthy,0.9982,1,0.0010,0.9982,0.0008
data/test/healthy/3b0677fb-ff25-4871-aa89-37f756e917af___GH_HL Leaf 253.JPG,healthy,healthy,0.9999,1,0.0000,0.9999,0.0000
data/test/healthy/3b0d89df-61d0-407f-9a26-661c8bb730cf___GH_HL Leaf 242.JPG,healthy,healthy,0.9999,1,0.0001,0.9999,0.0000
data/test/healthy/3b0d89df-61d0-407f-9a26-661c8bb730cf___GH_HL Leaf 242_final_masked.jpg,healthy,healthy,0.9995,1,0.0002,0.9995,0.0002
data/test/healthy/3b1ba616-6a8f-44e9-948f-5c056eb565c8___RS_HL 9980.JPG,healthy,healthy,0.9997,1,0.0002,0.9997,0.0001
data/test/healthy/3b4a011c-68ae-4b84-90b5-27ef4b2d3447___GH_HL Leaf 255.JPG,healthy,healthy,0.9998,1,0.0000,0.9998,0.0002
data/test/healthy/3b87f866-1d80-4b22-99f8-108e315c9029___RS_HL 0394.JPG,healthy,healthy,0.9997,1,0.0003,0.9997,0.0001
data/test/healthy/3b97d56b-a10d-4518-a332-a16f58238d6c___RS_HL 0240_final_masked.jpg,healthy,healthy,0.9607,1,0.0251,0.9607,0.0142
data/test/healthy/3bbaca2e-d2fd-4fcb-bbd7-e1ad4f7a84ae___RS_HL 0630.JPG,healthy,healthy,0.9992,1,0.0006,0.9992,0.0002
data/test/healthy/3be4b3ce-9fc7-4216-98f0-abd0faa9e45c___RS_HL 9945_final_masked.jpg,healthy,healthy,0.9999,1,0.0001,0.9999,0.0001
data/test/healthy/3be50742-0fe9-404a-809e-9597793748a8___GH_HL Leaf 191_final_masked.jpg,healthy,healthy,0.9994,1,0.0004,0.9994,0.0002
data/test/healthy/3be7ae8c-bacb-4877-b6b5-c2251d22b431___GH_HL Leaf 497.1.JPG,healthy,healthy,0.9748,1,0.0029,0.9748,0.0223
data/test/healthy/3d1ab8b2-d61c-4ab1-9222-52bf63eb0315___RS_HL 0548.JPG,healthy,healthy,0.9998,1,0.0002,0.9998,0.0000
data/test/healthy/3d1ab8b2-d61c-4ab1-9222-52bf63eb0315___RS_HL 0548_final_masked.jpg,healthy,healthy,0.9998,1,0.0002,0.9998,0.0000
data/test/healthy/3d8a687c-febd-4bd6-8fa5-62a3e1d5ebf6___GH_HL Leaf 443.1.JPG,healthy,healthy,0.9910,1,0.0010,0.9910,0.0080
data/test/healthy/3dd714a8-5c95-4d47-a9d0-0ac15a499c2c___RS_HL 0386.JPG,healthy,healthy,0.9999,1,0.0001,0.9999,0.0000
data/test/healthy/3df51cfe-b583-40ae-a2d5-d4928a8a763f___RS_HL 9765.JPG,healthy,healthy,0.9606,1,0.0311,0.9606,0.0083
data/test/healthy/3e03aa27-3c0c-447c-87da-c3375ef47ead___RS_HL 9899_final_masked.jpg,healthy,healthy,0.9959,1,0.0010,0.9959,0.0032
data/test/healthy/3e2fa71c-73a6-48f5-9175-4d43a078115a___RS_HL 0159.JPG,healthy,healthy,0.9586,1,0.0315,0.9586,0.0099
data/test/healthy/3e4cc1b0-e071-4b9e-a944-21de55b99fc3___RS_HL 0292.JPG,healthy,healthy,0.9999,1,0.0001,0.9999,0.0000
data/test/healthy/3e4f86b3-55d1-4efc-bd8a-f13af318b181___GH_HL Leaf 492.JPG,healthy,healthy,0.9983,1,0.0000,0.9983,0.0017
data/test/healthy/3e4f86b3-55d1-4efc-bd8a-f13af318b181___GH_HL Leaf 492_final_masked.jpg,healthy,healthy,0.9926,1,0.0006,0.9926,0.0068
data/test/healthy/3e51f746-2ed2-4eb4-96e7-f6717ec068fd___RS_HL 0122.JPG,healthy,healthy,0.5461,1,0.2250,0.5461,0.2288
data/test/healthy/3e6c73ad-cfcb-4614-b927-150c2c642c9e___RS_HL 0074_final_masked.jpg,healthy,healthy,0.9996,1,0.0001,0.9996,0.0002
data/test/healthy/3ea001ac-b49b-4382-a95d-a602fba00a5a___GH_HL Leaf 445.JPG,healthy,healthy,0.9934,1,0.0013,0.9934,0.0053
data/test/healthy/3eaf72d6-be20-4929-b6dc-58f6c9edf2bd___RS_HL 0031.JPG,healthy,healthy,0.9999,1,0.0001,0.9999,0.0000
data/test/healthy/3ee909e6-4de7-4120-bb0e-bd71627f8bf1___RS_HL 9782_final_masked.jpg,healthy,healthy,0.9871,1,0.0118,0.9871,0.0011
data/test/healthy/3f5047d4-f421-4313-9281-f333f60caadd___RS_HL 9659.JPG,healthy,healthy,0.9999,1,0.0000,0.9999,0.0001
data/test/healthy/3f5047d4-f421-4313-9281-f333f60caadd___RS_HL 9659_final_masked.jpg,healthy,healthy,0.9991,1,0.0007,0.9991,0.0002
data/test/healthy/4022afd0-756b-4f07-9a8a-3cdf425d0cc5___RS_HL 0134.JPG,healthy,healthy,1.0000,1,0.0000,1.0000,0.0000
data/test/healthy/409c349a-7738-41fc-8a3a-844cd33cfcae___RS_HL 9825.JPG,healthy,healthy,0.9995,1,0.0002,0.9995,0.0003
data/test/healthy/409c349a-7738-41fc-8a3a-844cd33cfcae___RS_HL 9825_final_masked.jpg,healthy,healthy,0.9855,1,0.0063,0.9855,0.0083
data/test/healthy/416458ca-7db6-4383-ae0b-21ae2860af1b___RS_HL 0535.JPG,healthy,healthy,0.9989,1,0.0009,0.9989,0.0002
data/test/healthy/416458ca-7db6-4383-ae0b-21ae2860af1b___RS_HL 0535_final_masked.jpg,healthy,healthy,0.9970,1,0.0026,0.9970,0.0004
data/test/healthy/4187b29a-6f70-4d07-b88c-73f6f60dcb26___RS_HL 0343.JPG,healthy,healthy,0.9998,1,0.0002,0.9998,0.0001
data/test/healthy/4187b29a-6f70-4d07-b88c-73f6f60dcb26___RS_HL 0343_final_masked.jpg,healthy,healthy,0.9994,1,0.0004,0.9994,0.0001
data/test/healthy/41b01db4-dcc7-4f71-8d24-11a581577f71___RS_HL 9715.JPG,healthy,healthy,0.9998,1,0.0001,0.9998,0.0001
data/test/healthy/41c4774e-5193-47db-947c-27a724d0d993___RS_HL 0234.JPG,healthy,healthy,0.9929,1,0.0060,0.9929,0.0011
data/test/healthy/41dc5ea4-076f-4539-8cbb-6d4e53371c50___RS_HL 0472.JPG,healthy,healthy,0.9895,1,0.0070,0.9895,0.0035
data/test/healthy/425e5c47-5495-40ad-8c96-6c51768bc673___RS_HL 0025.JPG,healthy,healthy,0.9974,1,0.0021,0.9974,0.0005
data/test/healthy/425e5c47-5495-40ad-8c96-6c51768bc673___RS_HL 0025_final_masked.jpg,healthy,healthy,0.9999,1,0.0001,0.9999,0.0000
data/test/healthy/42ae0091-fbfd-43e6-8a48-805051f770a0___RS_HL 0463_final_masked.jpg,healthy,healthy,0.9999,1,0.0001,0.9999,0.0000
data/test/healthy/43014e59-9f8f-4e30-9548-22afff8a0d65___RS_HL 0201.JPG,healthy,healthy,0.9906,1,0.0061,0.9906,0.0033
data/test/healthy/431e5099-0b4d-433c-bba9-85e6ded06f4d___RS_HL 9876.JPG,healthy,healthy,1.0000,1,0.0000,1.0000,0.0000
data/test/healthy/43851153-bb56-46c3-b61c-b4e84baf0516___RS_HL 9935.JPG,healthy,healthy,0.9903,1,0.0068,0.9903,0.0030
data/test/healthy/45167988-3f78-4309-8ce2-633d7521847f___GH_HL Leaf 432.1_final_masked.jpg,healthy,healthy,0.9994,1,0.0002,0.9994,0.0004
data/test/healthy/452703f7-9106-4ed2-8f38-8ece42a32613___RS_HL 0248.JPG,healthy,healthy,0.9998,1,0.0002,0.9998,0.0001
data/test/healthy/45a1a63e-d00e-434d-b1b8-5b14dcde5b1e___GH_HL Leaf 250.JPG,healthy,healthy,0.9841,1,0.0058,0.9841,0.0102
data/test/healthy/45a1e50e-e504-40a6-8378-39c28914ca43___GH_HL Leaf 448.1_final_masked.jpg,healthy,healthy,0.9994,1,0.0001,0.9994,0.0005
data/test/healthy/45b3e6ad-f79c-4132-9bb5-9e9d26cbdfce___RS_HL 9908_final_masked.jpg,healthy,healthy,0.9999,1,0.0000,0.9999,0.0000
data/test/healthy/461aa22a-be16-4dc8-9d60-45c38eabe504___RS_HL 0501.JPG,healthy,healthy,0.9935,1,0.0044,0.9935,0.0021
data/test/healthy/461aa22a-be16-4dc8-9d60-45c38eabe504___RS_HL 0501_final_masked.jpg,healthy,healthy,0.9995,1,0.0003,0.9995,0.0003
data/test/healthy/466832f0-bff9-4766-a597-dc89880a7b4a___RS_HL 0111.JPG,healthy,healthy,0.9224,1,0.0476,0.9224,0.0300
data/test/healthy/4715a717-ed38-43b7-9ee1-4f83fba00743___RS_HL 0005.JPG,healthy,healthy,0.9999,1,0.0000,0.9999,0.0000
data/test/healthy/4715a717-ed38-43b7-9ee1-4f83fba00743___RS_HL 0005_final_masked.jpg,healthy,healthy,0.9996,1,0.0003,0.9996,0.0001
data/test/healthy/476e6aa3-ad1e-4f86-abea-c37dfb3f8df9___RS_HL 0522_final_masked.jpg,healthy,healthy,0.9959,1,0.0033,0.9959,0.0009
data/test/healthy/47a9bf22-281f-49d6-a03a-97be4983fc68___RS_HL 0604.JPG,healthy,healthy,0.9913,1,0.0064,0.9913,0.0023
data/test/healthy/47a9bf22-281f-49d6-a03a-97be4983fc68___RS_HL 0604_final_masked.jpg,healthy,healthy,0.9999,1,0.0001,0.9999,0.0000
data/test/healthy/47b93075-4991-4f6a-8510-5fe75a73567f___RS_HL 9719.JPG,healthy,healthy,0.9992,1,0.0004,0.9992,0.0004
data/test/healthy/488feb1c-4b9f-44e7-8aa6-4103a9601f5f___GH_HL Leaf 434.JPG,healthy,healthy,0.6693,1,0.0223,0.6693,0.3084
data/test/healthy/48cd0ef9-4e84-4f83-ad6b-e8ddc3eb6b3b___GH_HL Leaf 317.1_final_masked.jpg,healthy,healthy,0.9801,1,0.0042,0.9801,0.0157
data/test/healthy/48ffe8ac-3cd7-4d15-a928-6775f657ddae___GH_HL Leaf 264.1_final_masked.jpg,healthy,healthy,0.9975,1,0.0014,0.9975,0.0011
data/test/healthy/49291f4a-e689-4a59-8f40-60ee9f1aac26___RS_HL 9820.JPG,healthy,healthy,0.9992,1,0.0006,0.9992,0.0002
data/test/healthy/49291f4a-e689-4a59-8f40-60ee9f1aac26___RS_HL 9820_final_masked.jpg,healthy,healthy,0.9999,1,0.0001,0.9999,0.0000
data/test/healthy/4946ed4e-9003-485c-830f-1ef42bf78185___RS_HL 0191.JPG,healthy,healthy,0.9998,1,0.0002,0.9998,0.0000
data/test/healthy/4959798b-5c9b-4f8e-b0a0-3778259614b1___CG1.JPG,healthy,healthy,0.7029,1,0.0209,0.7029,0.2762
data/test/healthy/49a59716-84d4-44bd-b1c7-4571def5be12___GH_HL Leaf 421_final_masked.jpg,healthy,healthy,0.9992,1,0.0004,0.9992,0.0004
data/test/healthy/49d1f23f-f284-4397-a0a3-295f4eae4343___RS_HL 0067.JPG,healthy,healthy,0.9999,1,0.0000,0.9999,0.0001
data/test/healthy/49d1f23f-f284-4397-a0a3-295f4eae4343___RS_HL 0067_final_masked.jpg,healthy,healthy,0.9978,1,0.0006,0.9978,0.0016
data/test/healthy/4a0a9092-e70e-4a73-bb51-4d83b3c90a38___GH_HL Leaf 195.JPG,healthy,healthy,0.9932,1,0.0029,0.9932,0.0039
data/test/healthy/4a0a9092-e70e-4a73-bb51-4d83b3c90a38___GH_HL Leaf 195_final_masked.jpg,healthy,healthy,0.9950,1,0.0027,0.9950,0.0023
data/test/healthy/4a1e2b71-992a-4a64-a599-b49b8fa75378___RS_HL 0627.JPG,healthy,healthy,0.9199,1,0.0447,0.9199,0.0354
data/test/healthy/4b696198-bb02-426d-bcbd-cc00177a0fb7___RS_HL 0093.JPG,healthy,healthy,1.0000,1,0.0000,1.0000,0.0000
data/test/healthy/4b8df56a-6124-4e5c-a1b7-8e771a472813___RS_HL 0520.JPG,healthy,healthy,0.9793,1,0.0124,0.9793,0.0083
data/test/healthy/4b9bc37a-a9af-4e3f-a4e4-1e6cfb79c673___RS_HL 0262.JPG,healthy,healthy,0.9657,1,0.0223,0.9657,0.0120
data/test/healthy/4c3bf302-573e-4240-9d67-60412ea836d0___RS_HL 0254_final_masked.jpg,healthy,healthy,0.9996,1,0.0002,0.9996,0.0001
data/test/healthy/4c70f748-028a-49d2-92b6-3bf77d33bb9e___RS_HL 9786.JPG,healthy,healthy,0.9998,1,0.0001,0.9998,0.0001
data/test/healthy/4c70f748-028a-49d2-92b6-3bf77d33bb9e___RS_HL 9786_final_masked.jpg,healthy,healthy,0.9984,1,0.0012,0.9984,0.0004
data/test/healthy/4ce3098b-aad2-4e5b-8f3b-fd827cad2c0b___RS_HL 0026.JPG,healthy,healthy,0.9666,1,0.0259,0.9666,0.0075
data/test/healthy/4ce3098b-aad2-4e5b-8f3b-fd827cad2c0b___RS_HL 0026_1.JPG,healthy,healthy,0.9999,1,0.0001,0.9999,0.0000
data/test/healthy/4d374048-0e08-4a09-ae57-e83f8e64082b___RS_HL 0564_final_masked.jpg,healthy,healthy,0.9998,1,0.0002,0.9998,0.0000
data/test/healthy/4d82bf50-5e71-4597-8684-6db7300e0cd4___GH_HL Leaf 316.JPG,healthy,healthy,0.9998,1,0.0001,0.9998,0.0001
data/test/healthy/4de74e9a-e32a-467a-b6fd-512a16a09d22___GH_HL Leaf 329.JPG,healthy,healthy,0.9890,1,0.0011,0.9890,0.0098
data/test/healthy/4e3e2f5a-04a7-4142-aad1-acfa13344e33___GH_HL Leaf 358.JPG,healthy,healthy,0.9999,1,0.0000,0.9999,0.0001
data/test/healthy/4e4e685a-6f47-44df-957c-b667a1a5034e___RS_HL 9938.JPG,healthy,healthy,0.9979,1,0.0016,0.9979,0.0004
data/test/healthy/4e67dd9d-8a92-4b30-bb08-2e30d34acde7___RS_HL 0245_final_masked.jpg,healthy,healthy,0.9807,1,0.0169,0.9807,0.0024
data/test/healthy/4e88356d-0238-4f3c-b718-34bddc184407___RS_HL 0136_final_masked.jpg,healthy,healthy,0.9980,1,0.0012,0.9980,0.0008
data/test/healthy/4e8e1275-37a2-48fa-84cb-96ffa0824571___RS_HL 0574.JPG,healthy,healthy,0.9997,1,0.0002,0.9997,0.0001
data/test/healthy/4e8e1275-37a2-48fa-84cb-96ffa0824571___RS_HL 0574_final_masked.jpg,healthy,healthy,0.9993,1,0.0003,0.9993,0.0005
data/test/healthy/4ed0a372-fe3d-49a6-82a1-2e904e6c66e3___GH_HL Leaf 200_final_masked.jpg,healthy,healthy,0.9998,1,0.0002,0.9998,0.0001
data/test/healthy/4ed95a13-f09b-452e-84d0-b4b6a94a022d___RS_HL 9975.JPG,healthy,healthy,0.9998,1,0.0002,0.9998,0.0000
data/test/healthy/4f09b157-f5d2-4f99-ac0a-1be52cc7a27d___RS_HL 0402.JPG,healthy,healthy,0.9894,1,0.0068,0.9894,0.0037
data/test/healthy/4f256237-9e94-4703-b128-8e91ffac8075___GH_HL Leaf 364.JPG,healthy,healthy,0.9981,1,0.0013,0.9981,0.0006
data/test/healthy/4f8ac9da-206a-40e3-b647-f691dcda931e___RS_HL 9819_final_masked.jpg,healthy,healthy,0.9998,1,0.0001,0.9998,0.0001
data/test/healthy/4ff86e18-434e-4d1d-819c-c40c908e064a___RS_HL 0273.JPG,healthy,healthy,0.9999,1,0.0001,0.9999,0.0000
data/test/healthy/5015e0d2-a6e3-4859-aceb-78089d1b60f7___GH_HL Leaf 186.2_final_masked.jpg,healthy,healthy,0.9993,1,0.0003,0.9993,0.0004
data/test/healthy/50653809-a548-4b7e-898d-6e3dac85ac8d___RS_HL 9855.JPG,healthy,healthy,0.9754,1,0.0225,0.9754,0.0021
data/test/healthy/509601a4-652c-4666-bb90-44e4a6d98062___RS_HL 9764.JPG,healthy,healthy,0.7732,1,0.1747,0.7732,0.0521
data/test/healthy/509601a4-652c-4666-bb90-44e4a6d98062___RS_HL 9764_1.JPG,healthy,healthy,0.9996,1,0.0002,0.9996,0.0002
data/test/healthy/513e1e06-d736-4317-b86b-73464b111958___GH_HL Leaf 385.JPG,healthy,healthy,0.9781,1,0.0022,0.9781,0.0196
data/test/healthy/514c77da-8edc-4ce5-948c-fbab6f3b2d96___RS_HL 0478_final_masked.jpg,healthy,healthy,0.9993,1,0.0003,0.9993,0.0004
data/test/healthy/5153c319-4ab2-4ad0-af02-37219b0766d3___GH_HL Leaf 500.3_final_masked.jpg,healthy,healthy,0.9843,1,0.0036,0.9843,0.0121
data/test/healthy/51c29eaf-bd3a-427b-8ff7-ef970131ba95___GH_HL Leaf 345_final_masked.jpg,healthy,healthy,0.9995,1,0.0004,0.9995,0.0001
data/test/healthy/51fda747-5f6a-4870-a874-2a53f706c015___GH_HL Leaf 220.1.JPG,healthy,healthy,0.9881,1,0.0024,0.9881,0.0094
data/test/healthy/5216e02b-891f-4b00-9768-73f13e6d8ebf___GH_HL Leaf 433.1_final_masked.jpg,healthy,healthy,0.9968,1,0.0012,0.9968,0.0019
data/test/healthy/52325034-c2a2-4f00-b49d-e67cafcd2828___GH_HL Leaf 399.1.JPG,healthy,healthy,0.6877,1,0.0096,0.6877,0.3026
data/test/healthy/525c2813-206e-40ee-80a2-83b56ef45b13___RS_HL 0547_final_masked.jpg,healthy,healthy,0.9972,1,0.0027,0.9972,0.0001
data/test/healthy/530faba8-67fa-45bc-8aad-353f879b224c___GH_HL Leaf 462_final_masked.jpg,healthy,healthy,0.9985,1,0.0009,0.9985,0.0006
data/test/healthy/532a6e3c-5dd5-4adf-9bc0-c13551dae536___GH_HL Leaf 354.JPG,healthy,healthy,0.9907,1,0.0028,0.9907,0.0066
data/test/healthy/53471454-9f9a-4182-91a3-c2c6c1268c56___RS_HL 0209.JPG,healthy,healthy,0.9977,1,0.0016,0.9977,0.0007
data/test/healthy/534e4d2c-e2cc-4448-9181-95b9af3ff56a___RS_HL 0198.JPG,healthy,healthy,0.9907,1,0.0065,0.9907,0.0028
data/test/healthy/5393abd2-b4e2-4af2-94d4-c52c919fc157___RS_HL 0322.JPG,healthy,healthy,0.9988,1,0.0010,0.9988,0.0002
data/test/healthy/54059d2e-8903-4cf1-9856-676620a5be93___GH_HL Leaf 484.JPG,healthy,healthy,0.9764,1,0.0045,0.9764,0.0191
data/test/healthy/5418b9ca-804d-4219-8272-805c0d78c28b___GH_HL Leaf 404.1.JPG,healthy,healthy,0.9903,1,0.0030,0.9903,0.0067
data/test/healthy/5418b9ca-804d-4219-8272-805c0d78c28b___GH_HL Leaf 404.1_final_masked.jpg,healthy,healthy,0.9983,1,0.0007,0.9983,0.0010
data/test/healthy/541d6033-1cc7-4c86-a37b-423bc08d25a7___RS_HL 9973.JPG,healthy,healthy,0.9529,1,0.0302,0.9529,0.0168
data/test/healthy/54a6ab64-9e7f-4126-8497-857c7c339a80___RS_HL 0461_final_masked.jpg,healthy,healthy,0.9953,1,0.0035,0.9953,0.0012
data/test/healthy/5546f7a3-67af-432a-9a09-35f02e6cc741___GH_HL Leaf 216_final_masked.jpg,healthy,healthy,0.9994,1,0.0004,0.9994,0.0002
data/test/healthy/5576cac9-71e4-4ec3-96bd-9b5cfa94fef4___GH_HL Leaf 267.JPG,healthy,healthy,0.9999,1,0.0001,0.9999,0.0001
data/test/healthy/5576cac9-71e4-4ec3-96bd-9b5cfa94fef4___GH_HL Leaf 267_1.JPG,healthy,healthy,0.9918,1,0.0021,0.9918,0.0061
data/test/healthy/56a12dcc-cd88-47c3-97b2-8c3a33f7dba2___GH_HL Leaf 370_final_masked.jpg,healthy,healthy,0.9992,1,0.0007,0.9992,0.0002
data/test/healthy/5733d6bf-494a-4da8-a15f-5903f4f05807___RS_HL 0259_final_masked.jpg,healthy,healthy,0.9999,1,0.0000,0.9999,0.0000
data/test/healthy/579cec1c-8304-4b8c-84bb-be54a7e8c93f___GH_HL Leaf 367.JPG,healthy,healthy,0.9924,1,0.0026,0.9924,0.0050
data/test/healthy/57cc95ac-1fae-4959-ba16-d65c3db753d1___RS_HL 0312.JPG,healthy,healthy,0.9999,1,0.0001,0.9999,0.0000
data/test/healthy/57cc95ac-1fae-4959-ba16-d65c3db753d1___RS_HL 0312_final_masked.jpg,healthy,healthy,0.9998,1,0.0002,0.9998,0.0000
data/test/healthy/5853fc45-5ce0-4b2c-a36e-18eda75a97c6___RS_HL 9632.JPG,healthy,healthy,0.9946,1,0.0041,0.9946,0.0013
data/test/healthy/5876e77a-8598-418c-bae2-b7492c8e46bd___RS_HL 9859.JPG,healthy,healthy,0.9999,1,0.0000,0.9999,0.0000
data/test/healthy/591c89ff-a75f-4613-b06d-4f3fbf6c426c___GH_HL Leaf 435.JPG,healthy,healthy,0.9870,1,0.0023,0.9870,0.0107
data/test/healthy/591c89ff-a75f-4613-b06d-4f3fbf6c426c___GH_HL Leaf 435_final_masked.jpg,healthy,healthy,0.9917,1,0.0024,0.9917,0.0058
data/test/healthy/593c58eb-71d4-4626-89d4-de6f59964aa8___RS_HL 0106.JPG,healthy,healthy,0.9998,1,0.0001,0.9998,0.0000
data/test/healthy/59b3cd39-7a2f-4dc0-a08b-4c88f893f338___RS_HL 9792_final_masked.jpg,healthy,healthy,0.9905,1,0.0051,0.9905,0.0043
data/test/healthy/59f54d36-b98b-4271-88ed-7a9672907bee___RS_HL 0519.JPG,healthy,healthy,0.9992,1,0.0006,0.9992,0.0002
data/test/healthy/5a7de071-ba6b-4a06-a3d4-eab0abdc6ecf___GH_HL Leaf 398.1.JPG,healthy,healthy,0.9634,1,0.0029,0.9634,0.0337
data/test/healthy/5b2457f5-96d5-4bcd-8025-dc55e666f660___RS_HL 0605.JPG,healthy,healthy,0.9999,1,0.0000,0.9999,0.0000
data/test/healthy/5b7b9824-0cdd-4c67-9377-136a0615d784___RS_HL 0056.JPG,healthy,healthy,0.9793,1,0.0137,0.9793,0.0070
data/test/healthy/5b7b9824-0cdd-4c67-9377-136a0615d784___RS_HL 0056_final_masked.jpg,healthy,healthy,0.9984,1,0.0004,0.9984,0.0012
data/test/healthy/5bded339-547a-4f93-b7cf-bbf8c948aa26___RS_HL 9748.JPG,healthy,healthy,0.9747,1,0.0179,0.9747,0.0074
data/test/healthy/5bded339-547a-4f93-b7cf-bbf8c948aa26___RS_HL 9748_final_masked.jpg,healthy,healthy,0.9999,1,0.0000,0.9999,0.0000
data/test/healthy/5c00f8ca-ad19-4df3-a1ac-8b6aefc0ddd5___RS_HL 0319.JPG,healthy,healthy,0.9989,1,0.0010,0.9989,0.0001
data/test/healthy/5c00f8ca-ad19-4df3-a1ac-8b6aefc0ddd5___RS_HL 0319_1.JPG,healthy,healthy,0.8667,1,0.0961,0.8667,0.0373
data/test/healthy/5c51ad21-b0e9-4b61-8980-d5e7a225b594___GH_HL Leaf 485_final_masked.jpg,healthy,healthy,0.9862,1,0.0053,0.9862,0.0085
data/test/healthy/5d11d60f-fb4a-4178-9594-d017a0f51b59___GH_HL Leaf 271.JPG,healthy,healthy,0.9859,1,0.0036,0.9859,0.0105
data/test/healthy/5d3ceaec-e677-475f-b8ec-1efa66a6c84b___RS_HL 0237.JPG,healthy,healthy,0.9787,1,0.0148,0.9787,0.0065
data/test/healthy/5d5b9f07-dd6a-4927-9ca0-92945e9ad8df___GH_HL Leaf 209.1.JPG,healthy,healthy,0.9999,1,0.0001,0.9999,0.0000
data/test/healthy/5dd2a498-7eff-4da7-9c0f-8c394103e52c___RS_HL 0611.JPG,healthy,healthy,0.9924,1,0.0052,0.9924,0.0024
data/test/healthy/5ecf00da-161c-4e2f-a525-b9223adce0b6___GH_HL Leaf 252.1.JPG,healthy,healthy,0.9866,1,0.0011,0.9866,0.0123
data/test/healthy/5f67b4d4-4503-4149-950b-6cd08a20aaf8___RS_HL 9696_final_masked.jpg,healthy,healthy,0.9998,1,0.0001,0.9998,0.0001
data/test/healthy/5f8189f2-51cf-49b4-8a34-4955f26cf222___RS_HL 0352.JPG,healthy,healthy,0.9893,1,0.0049,0.9893,0.0058
data/test/healthy/5f887895-963a-4a96-8962-5af383dbe29a___GH_HL Leaf 425.1_final_masked.jpg,healthy,healthy,0.9995,1,0.0002,0.9995,0.0002
data/test/healthy/5faa74ba-8f46-4b2b-a7bf-3bc8d9458526___RS_HL 9741.JPG,healthy,healthy,0.9685,1,0.0238,0.9685,0.0078
data/test/healthy/5faa74ba-8f46-4b2b-a7bf-3bc8d9458526___RS_HL 9741_1.JPG,healthy,healthy,0.9999,1,0.0000,0.9999,0.0000
data/test/healthy/61a348ec-8afa-4445-9a98-6e38ba0cd6d4___RS_HL 9914_final_masked.jpg,healthy,healthy,0.9999,1,0.0000,0.9999,0.0000
data/test/healthy/61db52ae-d868-4ba0-bac0-b2c9dc539cd8___RS_HL 0140.JPG,healthy,healthy,0.9253,1,0.0359,0.9253,0.0388
data/test/healthy/61db52ae-d868-4ba0-bac0-b2c9dc539cd8___RS_HL 0140_final_masked.jpg,healthy,healthy,0.9973,1,0.0016,0.9973,0.0010
data/test/healthy/6270efe7-db0f-4953-a7c7-eb86bb8967dd___RS_HL 9761.JPG,healthy,healthy,0.9881,1,0.0091,0.9881,0.0028
data/test/healthy/62c9e613-b9ae-4be2-9000-2bc800549baa___RS_HL 9625.JPG,healthy,healthy,0.9760,1,0.0183,0.9760,0.0056
data/test/healthy/62c9e613-b9ae-4be2-9000-2bc800549baa___RS_HL 9625_final_masked.jpg,healthy,healthy,0.9999,1,0.0000,0.9999,0.0000
data/test/healthy/62e5933a-1405-4f56-b5c6-3bb6996465f5___RS_HL 0378.JPG,healthy,healthy,0.9998,1,0.0002,0.9998,0.0001
data/test/healthy/62fa284f-8fc8-46b7-a74d-71bada562464___RS_HL 0303.JPG,healthy,healthy,0.9821,1,0.0144,0.9821,0.0035
data/test/healthy/630ae481-49e7-470c-ad05-177132a6648a___RS_HL 0178.JPG,healthy,healthy,0.9952,1,0.0021,0.9952,0.0027
data/test/healthy/6323ad6c-28ea-4050-bc40-310d58715755___RS_HL 0294.JPG,healthy,healthy,0.9996,1,0.0003,0.9996,0.0001
data/test/healthy/64796c19-d026-48ed-b433-0be64b859a7c___RS_HL 9892.JPG,healthy,healthy,0.9993,1,0.0006,0.9993,0.0001
data/test/healthy/647d15d1-5520-458d-92a4-bd647bbccb90___RS_HL 9934.JPG,healthy,healthy,0.9999,1,0.0001,0.9999,0.0000
data/test/healthy/648594b0-d275-4e4c-8872-5136e01658c2___GH_HL Leaf 183_final_masked.jpg,healthy,healthy,0.9957,1,0.0022,0.9957,0.0021
data/test/healthy/6516ac80-5103-4d40-8200-af7dbdc239e7___GH_HL Leaf 202.1.JPG,healthy,healthy,0.9932,1,0.0012,0.9932,0.0055
data/test/healthy/6516ac80-5103-4d40-8200-af7dbdc239e7___GH_HL Leaf 202.1_final_masked.jpg,healthy,healthy,0.9991,1,0.0006,0.9991,0.0003
data/test/healthy/651c7556-f25e-46b9-97db-4793a2a3b642___RS_HL 0219_final_masked.jpg,healthy,healthy,0.9033,1,0.0540,0.9033,0.0426
data/test/healthy/65c31a47-0609-481c-b077-1ff6225fe2bb___RS_HL 0208.JPG,healthy,healthy,0.9999,1,0.0000,0.9999,0.0000
data/test/healthy/666598c7-f09e-4f8b-baf1-7d99e38de8c9___GH_HL Leaf 430.1_final_masked.jpg,healthy,healthy,0.9915,1,0.0020,0.9915,0.0065
data/test/healthy/666b3b4d-5510-4413-88cd-838fffe72003___RS_HL 0098.JPG,healthy,healthy,0.9782,1,0.0173,0.9782,0.0045
data/test/healthy/666b3b4d-5510-4413-88cd-838fffe72003___RS_HL 0098_final_masked.jpg,healthy,healthy,0.9999,1,0.0001,0.9999,0.0000
data/test/healthy/668e811e-7b65-404e-9bc5-6519efb1c708___RS_HL 0160_final_masked.jpg,healthy,healthy,0.9994,1,0.0004,0.9994,0.0001
data/test/healthy/66b194fd-6db3-453c-b851-e82862db9c24___RS_HL 0019.JPG,healthy,healthy,0.9999,1,0.0001,0.9999,0.0000
data/test/healthy/67549f03-2c86-44b7-9730-32d4a23287f3___GH_HL Leaf 495.2_final_masked.jpg,healthy,healthy,0.9976,1,0.0012,0.9976,0.0012
data/test/healthy/679fc520-5ef8-499f-9d88-a963325bee3f___RS_HL 0571.JPG,healthy,healthy,0.9997,1,0.0002,0.9997,0.0000
data/test/healthy/67dfa474-5a26-4bfb-a7ea-33f6f6f7a497___RS_HL 9794_final_masked.jpg,healthy,healthy,0.9999,1,0.0000,0.9999,0.0000
data/test/healthy/67fe557e-2e6e-4145-8d3f-468be8f7480e___RS_HL 9800.JPG,healthy,healthy,1.0000,1,0.0000,1.0000,0.0000
data/test/healthy/689696df-e7cd-4c53-9559-3b16f48c3788___RS_HL 0256.JPG,healthy,healthy,0.9998,1,0.0002,0.9998,0.0000
data/test/healthy/68c910fc-3e1a-4db6-b225-d94ee5c60bbf___RS_HL 9713_final_masked.jpg,healthy,healthy,0.9963,1,0.0005,0.9963,0.0032
data/test/healthy/68e18442-2f1d-458d-b1ef-865c7390622c___RS_HL 9919.JPG,healthy,healthy,0.9986,1,0.0009,0.9986,0.0006
data/test/healthy/6900666d-da67-433d-a8bd-5a131c7ea4a9___GH_HL Leaf 467.JPG,healthy,healthy,0.9988,1,0.0005,0.9988,0.0006
data/test/healthy/691682b4-7c83-4cb9-a0d6-e1fbdcc4fea3___RS_HL 0232.JPG,healthy,healthy,0.9706,1,0.0199,0.9706,0.0095
data/test/healthy/691682b4-7c83-4cb9-a0d6-e1fbdcc4fea3___RS_HL 0232_final_masked.jpg,healthy,healthy,0.9998,1,0.0002,0.9998,0.0000
data/test/healthy/6949b108-03f0-4cee-b91a-bb5b23e93249___GH_HL Leaf 331.3_final_masked.jpg,healthy,healthy,0.9985,1,0.0006,0.9985,0.0008
data/test/healthy/69d1a3dc-54cd-4917-99b7-a315d7932edf___GH_HL Leaf 347.1_final_masked.jpg,healthy,healthy,0.9988,1,0.0007,0.9988,0.0005
data/test/healthy/6a159b17-b233-4b65-ba45-9fbced7f1d39___RS_HL 0339.JPG,healthy,healthy,0.9809,1,0.0136,0.9809,0.0055
data/test/healthy/6a159b17-b233-4b65-ba45-9fbced7f1d39___RS_HL 0339_1.JPG,healthy,healthy,0.9991,1,0.0009,0.9991,0.0001
data/test/healthy/6a74d0a9-4a5e-4dc2-9e14-aeade8b0c3b2___GH_HL Leaf 400.1_final_masked.jpg,healthy,healthy,0.9994,1,0.0002,0.9994,0.0004
data/test/healthy/6a800f5d-f218-4c0b-b78b-7cedcc70a3aa___GH_HL Leaf 337.1.JPG,healthy,healthy,0.9882,1,0.0033,0.9882,0.0085
data/test/healthy/6a8b21cc-35c6-4e5e-8f9d-a4a3591cc665___RS_HL 9961.JPG,healthy,healthy,0.9701,1,0.0184,0.9701,0.0114
data/test/healthy/6a8b21cc-35c6-4e5e-8f9d-a4a3591cc665___RS_HL 9961_1.JPG,healthy,healthy,0.9998,1,0.0001,0.9998,0.0001
data/test/healthy/6aed746b-e45b-40d6-addb-71bdd0456618___RS_HL 0638.JPG,healthy,healthy,1.0000,1,0.0000,1.0000,0.0000
data/test/healthy/6b9b1ad6-3e75-4378-ad97-7dc9b8fa084e___GH_HL Leaf 179.1.JPG,healthy,healthy,0.9997,1,0.0000,0.9997,0.0002
data/test/healthy/6b9b1ad6-3e75-4378-ad97-7dc9b8fa084e___GH_HL Leaf 179.1_final_masked.jpg,healthy,healthy,0.9982,1,0.0009,0.9982,0.0009
data/test/healthy/6bcd0525-7b7a-4503-aff0-73cc04db5105___RS_HL 9916.JPG,healthy,healthy,0.9919,1,0.0062,0.9919,0.0019
data/test/healthy/6bcd0525-7b7a-4503-aff0-73cc04db5105___RS_HL 9916_1.JPG,healthy,healthy,1.0000,1,0.0000,1.0000,0.0000
data/test/healthy/6c125a79-9b14-4a91-8f03-342910c7fe57___GH_HL Leaf 433.JPG,healthy,healthy,0.9995,1,0.0001,0.9995,0.0003
data/test/healthy/6c46af84-675e-4e35-8309-169c20ae8b62___RS_HL 0383.JPG,healthy,healthy,1.0000,1,0.0000,1.0000,0.0000
data/test/healthy/6c5ad7e4-a826-40af-abf9-0a9e6346e656___RS_HL 0196.JPG,healthy,healthy,1.0000,1,0.0000,1.0000,0.0000
data/test/healthy/6c8f3087-94d6-4cfb-83cd-93a59f2a646a___RS_HL 0433.JPG,healthy,healthy,0.9999,1,0.0001,0.9999,0.0000
data/test/healthy/6c93e40c-bd94-4583-8651-2b9d7215a392___RS_HL 0054_final_masked.jpg,healthy,healthy,0.9992,1,0.0006,0.9992,0.0002
data/test/healthy/6ce07d35-afb2-4290-9239-ef1dcb92acd8___GH_HL Leaf 492.1.JPG,healthy,healthy,0.9987,1,0.0001,0.9987,0.0013
data/test/healthy/6ce07d35-afb2-4290-9239-ef1dcb92acd8___GH_HL Leaf 492.1_final_masked.jpg,healthy,healthy,0.9895,1,0.0011,0.9895,0.0094
data/test/healthy/6d1dc982-e62e-448b-85bc-63b0d8363fa0___GH_HL Leaf 328.1.JPG,healthy,healthy,0.9899,1,0.0041,0.9899,0.0060
data/test/healthy/6d1dc982-e62e-448b-85bc-63b0d8363fa0___GH_HL Leaf 328.1_final_masked.jpg,healthy,healthy,0.9928,1,0.0047,0.9928,0.0025
data/test/healthy/6d4285ef-e3f2-4cd3-a873-efdd989cf1cb___RS_HL 0182.JPG,healthy,healthy,0.9999,1,0.0001,0.9999,0.0000
data/test/healthy/6d7934cb-69fc-48fe-b493-a64b349a9094___RS_HL 9930.JPG,healthy,healthy,0.9999,1,0.0000,0.9999,0.0000
data/test/healthy/6da1cf1b-a236-4d45-a390-dac6b65c45f7___GH_HL Leaf 264.JPG,healthy,healthy,0.9996,1,0.0002,0.9996,0.0002
data/test/healthy/6da1cf1b-a236-4d45-a390-dac6b65c45f7___GH_HL Leaf 264_final_masked.jpg,healthy,healthy,0.9950,1,0.0022,0.9950,0.0028
data/test/healthy/6dca3464-9e71-4edf-9ca5-746b5eebe418___GH_HL Leaf 352.JPG,healthy,healthy,0.9863,1,0.0043,0.9863,0.0094
data/test/healthy/6e1abdb8-4020-48c9-9488-2d320e8d5a4d___RS_HL 0168.JPG,healthy,healthy,0.9921,1,0.0062,0.9921,0.0017
data/test/healthy/6e970455-6b05-4c23-82e0-ce913197ff8e___RS_HL 9684.JPG,healthy,healthy,0.9753,1,0.0183,0.9753,0.0064
data/test/healthy/6f46242c-3654-4670-8587-91c6b74af742___RS_HL 9731.JPG,healthy,healthy,0.9999,1,0.0000,0.9999,0.0001
data/test/healthy/6f46242c-3654-4670-8587-91c6b74af742___RS_HL 9731_1.JPG,healthy,healthy,0.9870,1,0.0098,0.9870,0.0031
data/test/healthy/6f489b75-4fca-4aae-834d-409db790224b___GH_HL Leaf 205_final_masked.jpg,healthy,healthy,0.9995,1,0.0003,0.9995,0.0002
data/test/healthy/6f5b57d9-46c8-41b6-9f79-eda044f687b1___RS_HL 9962_final_masked.jpg,healthy,healthy,1.0000,1,0.0000,1.0000,0.0000
data/test/healthy/6f6c7236-d6b5-4bbb-a89e-e1c8246550dd___RS_HL 0559_final_masked.jpg,healthy,healthy,0.9999,1,0.0000,0.9999,0.0000
data/test/healthy/6f8aa21a-0209-4d38-b937-d0e1e809bf16___RS_HL 0027.JPG,healthy,healthy,0.9809,1,0.0112,0.9809,0.0079
data/test/healthy/70097a25-88b2-4c9a-800b-5a978cdf4c7c___GH_HL Leaf 384.1.JPG,healthy,healthy,0.9749,1,0.0084,0.9749,0.0167
data/test/healthy/70097a25-88b2-4c9a-800b-5a978cdf4c7c___GH_HL Leaf 384.1_final_masked.jpg,healthy,healthy,0.9995,1,0.0004,0.9995,0.0001
data/test/healthy/7079935b-c669-47db-a6ae-5a12d9ccf9d7___GH_HL Leaf 331.1.JPG,healthy,healthy,0.9934,1,0.0020,0.9934,0.0045
data/test/healthy/709ca1e9-9c0f-4ebb-a3c1-529675210010___GH_HL Leaf 310.JPG,healthy,healthy,0.9995,1,0.0002,0.9995,0.0003
data/test/healthy/709e6c14-61e3-4157-b371-f143ca5b1fda___GH_HL Leaf 256.JPG,healthy,healthy,0.9999,1,0.0000,0.9999,0.0000
data/test/healthy/70ae81f5-0d05-4b69-a182-fa35bb3fe0ad___GH_HL Leaf 339.1.JPG,healthy,healthy,0.9995,1,0.0003,0.9995,0.0002
data/test/healthy/70ae81f5-0d05-4b69-a182-fa35bb3fe0ad___GH_HL Leaf 339.1_final_masked.jpg,healthy,healthy,0.9967,1,0.0015,0.9967,0.0018
data/test/healthy/70e2244d-152b-4dc7-b002-5991e1a195db___RS_HL 9948.JPG,healthy,healthy,0.9896,1,0.0077,0.9896,0.0028
data/test/healthy/7141e8d1-1554-4030-85dc-be5e984eb6ef___GH_HL Leaf 471.JPG,healthy,healthy,0.9588,1,0.0052,0.9588,0.0360
data/test/healthy/7141e8d1-1554-4030-85dc-be5e984eb6ef___GH_HL Leaf 471_1.JPG,healthy,healthy,0.9995,1,0.0002,0.9995,0.0003
data/test/healthy/717a4bbc-52b1-42c1-a718-ca94744ff52d___RS_HL 9726.JPG,healthy,healthy,0.9997,1,0.0001,0.9997,0.0001
data/test/healthy/717a4bbc-52b1-42c1-a718-ca94744ff52d___RS_HL 9726_1.JPG,healthy,healthy,0.9772,1,0.0147,0.9772,0.0080
data/test/healthy/717a4bbc-52b1-42c1-a718-ca94744ff52d___RS_HL 9726_final_masked.jpg,healthy,healthy,0.9990,1,0.0007,0.9990,0.0003
data/test/healthy/717efedc-6fcb-4509-895f-369d82161acf___RS_HL 0184.JPG,healthy,healthy,0.9763,1,0.0124,0.9763,0.0113
data/test/healthy/71867583-027b-4304-8854-7b88efaf280b___RS_HL 9920.JPG,healthy,healthy,0.9568,1,0.0305,0.9568,0.0127
data/test/healthy/71867583-027b-4304-8854-7b88efaf280b___RS_HL 9920_1.JPG,healthy,healthy,0.9986,1,0.0009,0.9986,0.0004
data/test/healthy/71867583-027b-4304-8854-7b88efaf280b___RS_HL 9920_final_masked.jpg,healthy,healthy,0.9952,1,0.0031,0.9952,0.0017
data/test/healthy/7188d286-5201-40b6-925a-52af6e6c7c03___GH_HL Leaf 479.1_final_masked.jpg,healthy,healthy,0.9977,1,0.0010,0.9977,0.0013
data/test/healthy/71967e69-6356-49c1-81ce-624792b4d964___GH_HL Leaf 315.1_final_masked.jpg,healthy,healthy,0.9992,1,0.0005,0.9992,0.0003
data/test/healthy/71c4512d-05ba-456f-ba4e-f2861b7e7837___RS_HL 0390.JPG,healthy,healthy,0.9994,1,0.0005,0.9994,0.0001
data/test/healthy/71c4512d-05ba-456f-ba4e-f2861b7e7837___RS_HL 0390_1.JPG,healthy,healthy,0.8628,1,0.0937,0.8628,0.0435
data/test/healthy/71d75a62-1278-4092-aec5-5749c737eaa2___GH_HL Leaf 513.1.JPG,healthy,healthy,0.9686,1,0.0030,0.9686,0.0285
data/test/healthy/73815ecf-ee85-4bba-864f-f47d01a96615___RS_HL 0348.JPG,healthy,healthy,0.9852,1,0.0124,0.9852,0.0023
data/test/healthy/73815ecf-ee85-4bba-864f-f47d01a96615___RS_HL 0348_final_masked.jpg,healthy,healthy,0.9556,1,0.0337,0.9556,0.0107
data/test/healthy/73cc02ea-96ad-4e02-8240-b599cf1e0384___RS_HL 9839.JPG,healthy,healthy,0.9625,1,0.0293,0.9625,0.0082
data/test/healthy/73cc02ea-96ad-4e02-8240-b599cf1e0384___RS_HL 9839_final_masked.jpg,healthy,healthy,0.9999,1,0.0000,0.9999,0.0001
data/test/healthy/74579097-2dd7-4d15-8f73-f09e7d919b51___RS_HL 9773_final_masked.jpg,healthy,healthy,0.9984,1,0.0002,0.9984,0.0013
data/test/healthy/750a42ee-b73f-4137-934d-501b311a5528___GH_HL Leaf 330.JPG,healthy,healthy,0.9999,1,0.0001,0.9999,0.0001
data/test/healthy/757dc01f-63b5-47aa-b15d-37cbb3f8e76c___GH_HL Leaf 184.1.JPG,healthy,healthy,0.9923,1,0.0027,0.9923,0.0051
data/test/healthy/757dc01f-63b5-47aa-b15d-37cbb3f8e76c___GH_HL Leaf 184.1_1.JPG,healthy,healthy,0.9997,1,0.0002,0.9997,0.0001
data/test/healthy/75a4f049-e99c-4666-845f-7b1577dbd662___RS_HL 9955_final_masked.jpg,healthy,healthy,1.0000,1,0.0000,1.0000,0.0000
data/test/healthy/75fe127d-147b-495a-ac06-ded6b64a4ffa___RS_HL 0116.JPG,healthy,healthy,0.9998,1,0.0002,0.9998,0.0000
data/test/healthy/7620a603-c3cd-4893-9481-901c9950bb00___GH_HL Leaf 263.1.JPG,healthy,healthy,0.9983,1,0.0001,0.9983,0.0017
data/test/healthy/776714ac-7a89-4449-bde9-9b9911f1a371___RS_HL 9886.JPG,healthy,healthy,1.0000,1,0.0000,1.0000,0.0000
data/test/healthy/776714ac-7a89-4449-bde9-9b9911f1a371___RS_HL 9886_final_masked.jpg,healthy,healthy,0.9999,1,0.0000,0.9999,0.0001
data/test/healthy/77919a16-c47c-46ca-857b-8cfb67139857___RS_HL 9695.JPG,healthy,healthy,0.9780,1,0.0179,0.9780,0.0042
data/test/healthy/77c978a3-7285-4d36-a858-1b77729020b7___GH_HL Leaf 462.1.JPG,healthy,healthy,0.9934,1,0.0009,0.9934,0.0057
data/test/healthy/784b04db-e95c-4afb-b451-1b6837d0d90e___RS_HL 0059.JPG,healthy,healthy,0.9681,1,0.0215,0.9681,0.0103
data/test/healthy/7853cc96-2ac8-479e-83f5-353b88a351a2___GH_HL Leaf 514.3.JPG,healthy,healthy,0.9800,1,0.0004,0.9800,0.0196
data/test/healthy/7864a688-3ee0-4ddc-83e8-6edb177dd6bf___GH_HL Leaf 193.1_final_masked.jpg,healthy,healthy,0.9978,1,0.0012,0.9978,0.0010
data/test/healthy/787fe2db-da4f-4655-bbb7-6fd8025feffe___RS_HL 9795.JPG,healthy,healthy,0.9999,1,0.0001,0.9999,0.0000
data/test/healthy/7890f4dc-0c55-454b-ab23-3b25d3d973c4___GH_HL Leaf 366.1.JPG,healthy,healthy,0.9989,1,0.0008,0.9989,0.0003
data/test/healthy/79ceff7d-4092-419c-b7c1-340ae2dc0605___RS_HL 0225.JPG,healthy,healthy,1.0000,1,0.0000,1.0000,0.0000
data/test/healthy/79debbff-9c0f-4a5c-a4c7-4b2bc97406dc___RS_HL 0244.JPG,healthy,healthy,0.9709,1,0.0175,0.9709,0.0116
data/test/healthy/79e298b2-32c5-40c6-abb7-67bb7f174751___GH_HL Leaf 391.JPG,healthy,healthy,0.9818,1,0.0021,0.9818,0.0161
data/test/healthy/7a5fe2a0-ac85-4a37-b0f6-8cfc8fb21c9c___RS_HL 9865_final_masked.jpg,healthy,healthy,0.9974,1,0.0004,0.9974,0.0022
data/test/healthy/7a73a7f9-27e3-4898-be48-97ddcaa094a4___GH_HL Leaf 381.JPG,healthy,healthy,0.9820,1,0.0025,0.9820,0.0155
data/test/healthy/7acc2f36-b465-4131-9110-265965ccdb87___RS_HL 0150.JPG,healthy,healthy,0.9999,1,0.0000,0.9999,0.0000
data/test/healthy/7ad747e8-af36-4128-a819-b35e55c93b56___GH_HL Leaf 489.1.JPG,healthy,healthy,0.9987,1,0.0000,0.9987,0.0013
data/test/healthy/7af927ee-8940-49bf-bcb3-78ec3fcc40f3___RS_HL 9626_final_masked.jpg,healthy,healthy,0.9984,1,0.0006,0.9984,0.0011
data/test/healthy/7b246e09-0a8c-4078-9e0a-6207de8dc804___RS_HL 9809.JPG,healthy,healthy,0.9881,1,0.0097,0.9881,0.0021
data/test/healthy/7b651761-da31-437a-be17-6e49912f622a___RS_HL 9703.JPG,healthy,healthy,0.9805,1,0.0120,0.9805,0.0075
data/test/healthy/7b651761-da31-437a-be17-6e49912f622a___RS_HL 9703_final_masked.jpg,healthy,healthy,0.9980,1,0.0009,0.9980,0.0011
data/test/healthy/7b93db88-7c70-444a-9096-1812426217f7___RS_HL 0167_final_masked.jpg,healthy,healthy,0.9999,1,0.0000,0.9999,0.0000
data/test/healthy/7ce1f8c1-1542-4d7b-be27-11e29d572283___GH_HL Leaf 508.2_final_masked.jpg,healthy,healthy,0.9846,1,0.0015,0.9846,0.0139
data/test/healthy/7d3cd4c9-2c10-422d-a5f2-474c5569649d___RS_HL 9686_final_masked.jpg,healthy,healthy,0.9999,1,0.0000,0.9999,0.0000
data/test/healthy/7de93009-6180-4027-8779-76947cda3e2f___2700323949_95aa2eaa01_o.jpg,healthy,healthy,0.9553,1,0.0060,0.9553,0.0387
data/test/healthy/7de93009-6180-4027-8779-76947cda3e2f___2700323949_95aa2eaa01_o_1.jpg,healthy,late_blight,0.9538,0,0.0461,0.0001,0.9538
data/test/healthy/7de93009-6180-4027-8779-76947cda3e2f___2700323949_95aa2eaa01_o_final_masked.jpg,healthy,healthy,0.9947,1,0.0004,0.9947,0.0048
data/test/healthy/7e3c7e5d-172c-4a25-ad05-2b32e49c7bd2___GH_HL Leaf 387.JPG,healthy,healthy,0.9939,1,0.0015,0.9939,0.0045
data/test/healthy/7e3c7e5d-172c-4a25-ad05-2b32e49c7bd2___GH_HL Leaf 387_final_masked.jpg,healthy,healthy,0.9992,1,0.0003,0.9992,0.0005
data/test/healthy/7f7b6cff-3d29-45ad-a0df-56f568289be9___GH_HL Leaf 506.1.JPG,healthy,healthy,0.9653,1,0.0009,0.9653,0.0338
data/test/healthy/806a1f93-1b9f-4860-91e1-9aff2d68c494___RS_HL 0468_final_masked.jpg,healthy,healthy,0.9997,1,0.0003,0.9997,0.0000
data/test/healthy/807ee562-f616-4cf6-a28e-b4db6536a203___RS_HL 0050.JPG,healthy,healthy,0.9740,1,0.0213,0.9740,0.0047
data/test/healthy/809e36cd-8251-4fcf-854d-6b7bb2f41a64___RS_HL 0215.JPG,healthy,healthy,0.9998,1,0.0001,0.9998,0.0001
data/test/healthy/80ad21d3-4571-49bd-a96e-2f75e9a9b673___RS_HL 9729_final_masked.jpg,healthy,healthy,0.9876,1,0.0024,0.9876,0.0101
data/test/healthy/80e6c399-040d-426f-94d9-8fb720b3836d___RS_HL 0333.JPG,healthy,healthy,0.9944,1,0.0040,0.9944,0.0017
data/test/healthy/8140c767-937d-450c-8070-2936aeb73834___GH_HL Leaf 439.1.JPG,healthy,healthy,0.8133,1,0.0165,0.8133,0.1702
data/test/healthy/81453f31-6152-44e0-bfaf-fcd1336fc064___GH_HL Leaf 479.JPG,healthy,healthy,0.9994,1,0.0001,0.9994,0.0006
data/test/healthy/81453f31-6152-44e0-bfaf-fcd1336fc064___GH_HL Leaf 479_final_masked.jpg,healthy,healthy,0.9984,1,0.0008,0.9984,0.0008
data/test/healthy/824ae544-73d2-448a-b442-a8d2cdd83922___RS_HL 9900.JPG,healthy,healthy,0.9892,1,0.0072,0.9892,0.0037
data/test/healthy/824ae544-73d2-448a-b442-a8d2cdd83922___RS_HL 9900_final_masked.jpg,healthy,healthy,0.9979,1,0.0007,0.9979,0.0014
data/test/healthy/8295c1b4-7674-4b15-8a32-bb665a969e9b___RS_HL 9776.JPG,healthy,healthy,0.9999,1,0.0000,0.9999,0.0000
data/test/healthy/82a343d3-1a57-4190-b0d7-8e8c88e832a7___GH_HL Leaf 306_final_masked.jpg,healthy,healthy,0.9988,1,0.0007,0.9988,0.0005
data/test/healthy/82a3d470-940b-431f-9d79-3963b4e41028___GH_HL Leaf 475.1.JPG,healthy,healthy,0.9995,1,0.0003,0.9995,0.0002
data/test/healthy/82a3d470-940b-431f-9d79-3963b4e41028___GH_HL Leaf 475.1_1.JPG,healthy,healthy,0.9773,1,0.0053,0.9773,0.0174
data/test/healthy/82df832d-43d4-41c5-97b8-baf8ff9c658c___RS_HL 9917.JPG,healthy,healthy,0.9443,1,0.0430,0.9443,0.0128
data/test/healthy/8312b46c-abee-4c16-9790-d577e026d571___RS_HL 9860.JPG,healthy,healthy,1.0000,1,0.0000,1.0000,0.0000
data/test/healthy/8328f7fb-5929-4920-921a-ae9a24db66c2___RS_HL 0597.JPG,healthy,healthy,0.9968,1,0.0020,0.9968,0.0012
data/test/healthy/83781ea3-eaed-467a-9147-678002262295___RS_HL 0330_final_masked.jpg,healthy,healthy,0.9976,1,0.0010,0.9976,0.0014
data/test/healthy/839daf12-8d8b-478e-b214-2d5dd0fa509a___GH_HL Leaf 445.1_final_masked.jpg,healthy,healthy,0.9989,1,0.0006,0.9989,0.0005
data/test/healthy/83d9992c-b4ee-41f5-b3eb-792afd464f4e___RS_HL 9629.JPG,healthy,healthy,0.9970,1,0.0001,0.9970,0.0030
data/test/healthy/83eb200d-ef9d-4b98-b4c1-58b7f0b169e4___RS_HL 0421.JPG,healthy,healthy,0.9999,1,0.0000,0.9999,0.0000
data/test/healthy/83eb200d-ef9d-4b98-b4c1-58b7f0b169e4___RS_HL 0421_final_masked.jpg,healthy,healthy,0.9997,1,0.0001,0.9997,0.0002
data/test/healthy/83fa8d6f-4c08-46bf-b4cf-7a33d4fe0031___GH_HL Leaf 180_final_masked.jpg,healthy,healthy,0.9991,1,0.0007,0.9991,0.0002
data/test/healthy/846276ae-4ccd-45ba-9a46-f913d04a9456___RS_HL 0012.JPG,healthy,healthy,0.8470,1,0.1193,0.8470,0.0337
data/test/healthy/846276ae-4ccd-45ba-9a46-f913d04a9456___RS_HL 0012_final_masked.jpg,healthy,healthy,0.9992,1,0.0004,0.9992,0.0003
data/test/healthy/84b9dbb3-98bb-48b0-893f-74627840a2b9___GH_HL Leaf 225.JPG,healthy,healthy,0.8942,1,0.0132,0.8942,0.0926
data/test/healthy/84b9dbb3-98bb-48b0-893f-74627840a2b9___GH_HL Leaf 225_final_masked.jpg,healthy,healthy,0.9984,1,0.0009,0.9984,0.0007
data/test/healthy/84cbb98b-5c2f-4367-8d78-52be491e66bd___GH_HL Leaf 336.JPG,healthy,healthy,0.9862,1,0.0044,0.9862,0.0094
data/test/healthy/84cbb98b-5c2f-4367-8d78-52be491e66bd___GH_HL Leaf 336_final_masked.jpg,healthy,healthy,0.9989,1,0.0006,0.9989,0.0005
data/test/healthy/85305af1-0d24-4eba-a750-f74c0e6657f4___RS_HL 9635.JPG,healthy,healthy,0.9997,1,0.0000,0.9997,0.0002
data/test/healthy/85487c92-0a3d-4dd9-a8f9-6d7b7e1887e6___RS_HL 9789.JPG,healthy,healthy,0.9830,1,0.0104,0.9830,0.0066
data/test/healthy/8558f71b-626f-40f3-863d-69493941f829___RS_HL 0044_final_masked.jpg,healthy,healthy,0.9999,1,0.0000,0.9999,0.0000
data/test/healthy/85656232-738b-4a83-ab54-cfa6ecff99f1___RS_HL 0477_final_masked.jpg,healthy,healthy,0.9998,1,0.0001,0.9998,0.0000
data/test/healthy/86a7487a-e9a1-413c-b8ad-6dfacf9c0b2a___GH_HL Leaf 413.1.JPG,healthy,healthy,0.9898,1,0.0005,0.9898,0.0097
data/test/healthy/876e3a03-14fb-4a13-888b-02b2d9fa8e86___RS_HL 0313.JPG,healthy,healthy,0.9939,1,0.0050,0.9939,0.0011
data/test/healthy/879b48e5-11f8-4989-8226-08af79bd6eb1___RS_HL 0453.JPG,healthy,healthy,0.9999,1,0.0001,0.9999,0.0000
data/test/healthy/879b48e5-11f8-4989-8226-08af79bd6eb1___RS_HL 0453_final_masked.jpg,healthy,healthy,0.9998,1,0.0002,0.9998,0.0000
data/test/healthy/87a77f4d-38bd-42dc-bdd3-5f2a1fa95ca7___GH_HL Leaf 469.3.JPG,healthy,healthy,0.9992,1,0.0001,0.9992,0.0008
data/test/healthy/8809940a-a097-4488-9e49-3ffdc10d8d9a___GH_HL Leaf 245_final_masked.jpg,healthy,healthy,0.9994,1,0.0004,0.9994,0.0002
data/test/healthy/8811ef44-071b-430a-a0a4-989bf7668582___GH_HL Leaf 193.JPG,healthy,healthy,0.9994,1,0.0003,0.9994,0.0003
data/test/healthy/8834fdc1-4946-4cfc-a569-80eabaeebe1d___RS_HL 0154.JPG,healthy,healthy,0.9997,1,0.0002,0.9997,0.0001
data/test/healthy/883b7c13-7aef-4ae9-bd70-065a16226e9d___GH_HL Leaf 170.1.JPG,healthy,healthy,0.9903,1,0.0014,0.9903,0.0083
data/test/healthy/886c81aa-0494-4dd7-adc5-301af73df1f7___GH_HL Leaf 215.JPG,healthy,healthy,0.9995,1,0.0003,0.9995,0.0002
data/test/healthy/886c81aa-0494-4dd7-adc5-301af73df1f7___GH_HL Leaf 215_final_masked.jpg,healthy,healthy,0.9961,1,0.0029,0.9961,0.0010
data/test/healthy/8887e405-f98f-43c6-a85e-71aea03092b9___RS_HL 0238_final_masked.jpg,healthy,healthy,0.9999,1,0.0000,0.9999,0.0001
data/test/healthy/8887e457-f477-426d-bcf7-a6e7d43d42c1___GH_HL Leaf 296.JPG,healthy,healthy,0.9878,1,0.0045,0.9878,0.0077
data/test/healthy/8934ec44-9624-4e9e-af58-29ec2f1d88a7___GH_HL Leaf 494.JPG,healthy,healthy,0.9788,1,0.0031,0.9788,0.0181
data/test/healthy/8940094d-3432-4690-b2b7-9a5996a82f86___RS_HL 0426_final_masked.jpg,healthy,healthy,1.0000,1,0.0000,1.0000,0.0000
data/test/healthy/89aa561a-1ea7-4e24-a92b-47f3dedcecdb___RS_HL 0107_final_masked.jpg,healthy,healthy,0.9996,1,0.0002,0.9996,0.0001
data/test/healthy/89c3d1ee-38dd-4a9c-a9e9-f1c1e6004eff___RS_HL 0393.JPG,healthy,healthy,0.9979,1,0.0017,0.9979,0.0004
data/test/healthy/89e63d70-677a-41e3-a5fe-c38d6b98abbc___RS_HL 9902.JPG,healthy,healthy,1.0000,1,0.0000,1.0000,0.0000
data/test/healthy/8ab801ee-afee-4025-b5e8-5927465bd455___RS_HL 0212.JPG,healthy,healthy,0.9426,1,0.0339,0.9426,0.0234
data/test/healthy/8ac1645d-48d9-4f3e-842b-0187daeeb57c___RS_HL 0523.JPG,healthy,healthy,0.9993,1,0.0005,0.9993,0.0001
data/test/healthy/8ac1645d-48d9-4f3e-842b-0187daeeb57c___RS_HL 0523_final_masked.jpg,healthy,healthy,0.9998,1,0.0001,0.9998,0.0000
data/test/healthy/8accf0ce-a43d-449c-86fb-e327fb6ab2c9___GH_HL Leaf 241.JPG,healthy,healthy,0.9938,1,0.0019,0.9938,0.0043
data/test/healthy/8c4ce164-9f46-4426-aff9-137acdc42c19___RS_HL 0424.JPG,healthy,healthy,0.9987,1,0.0010,0.9987,0.0003
data/test/healthy/8c4cf935-765a-4689-a093-08e8c64fb124___GH_HL Leaf 369.JPG,healthy,healthy,0.9810,1,0.0045,0.9810,0.0145
data/test/healthy/8cbf5a0d-8937-4f72-adf0-294fb7c947c1___RS_HL 0128.JPG,healthy,healthy,0.9795,1,0.0129,0.9795,0.0075
data/test/healthy/8cc9bd20-8bc9-49c2-bef6-5d43644e7216___GH_HL Leaf 459.JPG,healthy,healthy,0.9810,1,0.0031,0.9810,0.0159
data/test/healthy/8cc9bd20-8bc9-49c2-bef6-5d43644e7216___GH_HL Leaf 459_final_masked.jpg,healthy,healthy,0.9967,1,0.0016,0.9967,0.0017
data/test/healthy/8d39c92d-db17-4a32-a350-1fa670fe2268___GH_HL Leaf 224_final_masked.jpg,healthy,healthy,0.9994,1,0.0003,0.9994,0.0003
data/test/healthy/8d4a3b2d-bcef-4861-a0a0-c3cb0a1990ce___GH_HL Leaf 204.JPG,healthy,healthy,0.9894,1,0.0035,0.9894,0.0072
data/test/healthy/8d78a34f-1777-4bd8-a925-795c57c11787___GH_HL Leaf 429.1.JPG,healthy,healthy,0.9996,1,0.0000,0.9996,0.0004
data/test/healthy/8db2e3c6-c5d9-41ec-9977-7b1a71964f24___GH_HL Leaf 501.2.JPG,healthy,healthy,0.9975,1,0.0000,0.9975,0.0024
data/test/healthy/8db2e3c6-c5d9-41ec-9977-7b1a71964f24___GH_HL Leaf 501.2_final_masked.jpg,healthy,healthy,0.9955,1,0.0021,0.9955,0.0024
data/test/healthy/8ddc8178-4609-4267-bd55-028de3f759c8___RS_HL 0004.JPG,healthy,healthy,0.9980,1,0.0017,0.9980,0.0003
data/test/healthy/8e117b61-5360-49c8-aa55-4e90f8fae129___GH_HL Leaf 261.JPG,healthy,healthy,0.9995,1,0.0002,0.9995,0.0003
data/test/healthy/8e117b61-5360-49c8-aa55-4e90f8fae129___GH_HL Leaf 261_final_masked.jpg,healthy,healthy,0.9978,1,0.0013,0.9978,0.0009
data/test/healthy/8e152ac8-9de2-4f59-a527-bf86d400f184___GH_HL Leaf 482.JPG,healthy,healthy,0.9816,1,0.0014,0.9816,0.0170
data/test/healthy/8e152ac8-9de2-4f59-a527-bf86d400f184___GH_HL Leaf 482_1.JPG,healthy,healthy,0.9938,1,0.0004,0.9938,0.0057
data/test/healthy/8e19f6ec-51c4-496a-9970-746085371064___RS_HL 9829.JPG,healthy,healthy,0.9951,1,0.0042,0.9951,0.0006
data/test/healthy/8e4af6b9-0f8a-48ad-ade6-4e1fff6d4bbf___RS_HL 0606_final_masked.jpg,healthy,healthy,0.9998,1,0.0001,0.9998,0.0001
data/test/healthy/8e9914bb-920e-4469-b1d4-580ab5e8790a___RS_HL 0069.JPG,healthy,healthy,0.9888,1,0.0065,0.9888,0.0047
data/test/healthy/8eb8512f-fbbe-4415-832a-52e58e3cde9e___RS_HL 0003_final_masked.jpg,healthy,healthy,0.9997,1,0.0002,0.9997,0.0001
data/test/healthy/8edbb3bf-ae44-4870-9c39-cd33fd088a55___RS_HL 0429.JPG,healthy,healthy,0.9996,1,0.0002,0.9996,0.0002
data/test/healthy/902d49e5-febf-4970-b0fb-99a57e8e284b___GH_HL Leaf 179.JPG,healthy,healthy,0.9997,1,0.0002,0.9997,0.0001
data/test/healthy/912988d9-48b0-4a21-b3cd-1e136cbe5cc6___RS_HL 0629.JPG,healthy,healthy,0.9463,1,0.0329,0.9463,0.0208
data/test/healthy/9299f3e8-15ee-4cf2-997a-058bb19900a5___RS_HL 9781.JPG,healthy,healthy,0.9999,1,0.0000,0.9999,0.0000
data/test/healthy/93807606-0aed-435b-adb2-cf303a7d586e___RS_HL 0135_final_masked.jpg,healthy,healthy,0.9989,1,0.0006,0.9989,0.0005
data/test/healthy/9397ecfe-6f1f-47cf-8549-43711ec0e734___GH_HL Leaf 213_final_masked.jpg,healthy,healthy,0.9980,1,0.0013,0.9980,0.0007
data/test/healthy/939be2cc-6c00-4205-85cd-5276c12969e0___RS_HL 9883.JPG,healthy,healthy,0.9334,1,0.0448,0.9334,0.0218
data/test/healthy/93c9da62-19ca-4e90-b355-0dc71ff5cc4b___RS_HL 9752_final_masked.jpg,healthy,healthy,0.9994,1,0.0003,0.9994,0.0003
data/test/healthy/93e8763c-b124-48c4-bc46-df4d92625fa3___RS_HL 0261.JPG,healthy,healthy,0.9967,1,0.0020,0.9967,0.0013
data/test/healthy/95706580-86d7-49c2-be2e-66f19331c731___GH_HL Leaf 335.JPG,healthy,healthy,0.9934,1,0.0010,0.9934,0.0056
data/test/healthy/9582a64b-e8a3-476f-9127-af5b45b0d833___RS_HL 0121.JPG,healthy,healthy,0.9995,1,0.0002,0.9995,0.0003
data/test/healthy/958b8eb8-7004-434a-ad02-e62ff64dded0___RS_HL 0276.JPG,healthy,healthy,0.9661,1,0.0189,0.9661,0.0149
data/test/healthy/958b8eb8-7004-434a-ad02-e62ff64dded0___RS_HL 0276_final_masked.jpg,healthy,healthy,0.9299,1,0.0443,0.9299,0.0258
data/test/healthy/95a43787-4b69-4ad8-854f-7d8cbd1e6cac___RS_HL 9642.JPG,healthy,healthy,0.9969,1,0.0000,0.9969,0.0030
data/test/healthy/95abb641-4435-4531-88f6-a4a597c5ff33___RS_HL 9779.JPG,healthy,healthy,0.9999,1,0.0001,0.9999,0.0000
data/test/healthy/961e5369-8899-4d35-a83c-82eb55c2a848___GH_HL Leaf 188.2.JPG,healthy,healthy,0.9997,1,0.0001,0.9997,0.0001
data/test/healthy/961e5369-8899-4d35-a83c-82eb55c2a848___GH_HL Leaf 188.2_final_masked.jpg,healthy,healthy,0.9974,1,0.0008,0.9974,0.0018
data/test/healthy/9656bc21-12c3-420c-a316-d2bf46b5fd0a___RS_HL 0316.JPG,healthy,healthy,0.9999,1,0.0001,0.9999,0.0000
data/test/healthy/9656bc21-12c3-420c-a316-d2bf46b5fd0a___RS_HL 0316_final_masked.jpg,healthy,healthy,0.9999,1,0.0001,0.9999,0.0000
data/test/healthy/96d85e53-b980-42f7-8e3d-cd6f7ec9c287___GH_HL Leaf 520.5.JPG,healthy,healthy,0.9983,1,0.0001,0.9983,0.0016
data/test/healthy/9721c76f-52cc-4a63-a465-4cc32974806c___GH_HL Leaf 431.1_final_masked.jpg,healthy,healthy,0.9984,1,0.0008,0.9984,0.0008
data/test/healthy/973bc347-b335-4333-8536-82db4a41fa6c___RS_HL 0142.JPG,healthy,healthy,0.9737,1,0.0157,0.9737,0.0107
data/test/healthy/973c9431-f521-462d-82fa-442196087ca8___GH_HL Leaf 204.1.JPG,healthy,healthy,0.9996,1,0.0002,0.9996,0.0002
data/test/healthy/977bcf65-3e68-4be3-bb8a-4a860a6fef9d___RS_HL 9986_final_masked.jpg,healthy,healthy,0.9982,1,0.0008,0.9982,0.0010
data/test/healthy/97f4f8ad-c220-43f4-b25e-a6ae315057f0___RS_HL 0078.JPG,healthy,healthy,0.8522,1,0.0771,0.8522,0.0707
data/test/healthy/982903ac-ec41-4bc3-8faf-c38a45d9b193___RS_HL 9960.JPG,healthy,healthy,0.9998,1,0.0002,0.9998,0.0000
data/test/healthy/982903ac-ec41-4bc3-8faf-c38a45d9b193___RS_HL 9960_final_masked.jpg,healthy,healthy,0.9998,1,0.0002,0.9998,0.0000
data/test/healthy/982bdd12-cce3-413e-89ae-444ebc3ee32e___RS_HL 0487.JPG,healthy,healthy,0.9992,1,0.0004,0.9992,0.0004
data/test/healthy/982bdd12-cce3-413e-89ae-444ebc3ee32e___RS_HL 0487_1.JPG,healthy,healthy,0.9792,1,0.0133,0.9792,0.0075
data/test/healthy/989c19ba-120b-472c-abe1-821da1b065d0___RS_HL 0280.JPG,healthy,healthy,0.9999,1,0.0001,0.9999,0.0000
data/test/healthy/98e0a217-023f-45ad-a1b7-3719a5fdea49___GH_HL Leaf 283.JPG,healthy,healthy,0.9999,1,0.0001,0.9999,0.0000
data/test/healthy/98f3de1f-2505-4e4b-94ad-fb16f66f27d8___RS_HL 9852.JPG,healthy,healthy,0.9723,1,0.0151,0.9723,0.0125
data/test/healthy/98f3de1f-2505-4e4b-94ad-fb16f66f27d8___RS_HL 9852_final_masked.jpg,healthy,healthy,0.9953,1,0.0019,0.9953,0.0028
data/test/healthy/991e779d-ffcb-4f55-98f6-20575d202757___RS_HL 0166.JPG,healthy,healthy,0.9780,1,0.0149,0.9780,0.0071
data/test/healthy/991e779d-ffcb-4f55-98f6-20575d202757___RS_HL 0166_final_masked.jpg,healthy,healthy,0.9971,1,0.0020,0.9971,0.0009
data/test/healthy/99330465-d609-4f9b-b1cf-da0410f6122c___RS_HL 0388_final_masked.jpg,healthy,healthy,0.9998,1,0.0002,0.9998,0.0001
data/test/healthy/99736699-54e4-4c14-bcce-6c249444e156___RS_HL 0165.JPG,healthy,healthy,0.9880,1,0.0088,0.9880,0.0031
data/test/healthy/99fcb52b-0e4f-47a6-b350-1d49d26bc649___GH_HL Leaf 298.JPG,healthy,healthy,0.9905,1,0.0036,0.9905,0.0059
data/test/healthy/9a3e2912-5d94-4eb0-9bb2-4035eaf4c884___RS_HL 0102.JPG,healthy,healthy,0.9751,1,0.0192,0.9751,0.0056
data/test/healthy/9a5d3900-8707-4088-8ec0-1fad45d8bd11___GH_HL Leaf 339.JPG,healthy,healthy,0.9989,1,0.0001,0.9989,0.0010
data/test/healthy/9ae93bcc-5cfb-4407-a711-de800fb2853a___GH_HL Leaf 519.4_final_masked.jpg,healthy,healthy,0.9617,1,0.0016,0.9617,0.0366
data/test/healthy/9b0e031b-27c2-4c62-8923-ccc3ce5a4048___GH_HL Leaf 401.1_final_masked.jpg,healthy,healthy,0.9993,1,0.0004,0.9993,0.0003
data/test/healthy/9b5626b0-ea1d-45d0-bc41-c898f7253a75___GH_HL Leaf 315.2.JPG,healthy,healthy,0.9766,1,0.0042,0.9766,0.0192
data/test/healthy/9b5626b0-ea1d-45d0-bc41-c898f7253a75___GH_HL Leaf 315.2_1.JPG,healthy,healthy,0.9997,1,0.0001,0.9997,0.0001
data/test/healthy/9b5c0a85-5a16-4589-ae76-ef4247e78663___RS_HL 0281.JPG,healthy,healthy,1.0000,1,0.0000,1.0000,0.0000
data/test/healthy/9b668abb-fc96-412e-948f-442af45ec580___RS_HL 9972.JPG,healthy,healthy,0.9991,1,0.0007,0.9991,0.0002
data/test/healthy/9b8f108a-010b-4b8b-98ea-b30cbf62b805___GH_HL Leaf 349.1.JPG,healthy,healthy,0.9998,1,0.0002,0.9998,0.0001
data/test/healthy/9c3ad610-7677-4f3c-9646-88069e0c61cb___GH_HL Leaf 449.2.JPG,healthy,healthy,0.9769,1,0.0048,0.9769,0.0183
data/test/healthy/9d06e189-6e39-4fb9-853b-e2ce180469a5___RS_HL 0407.JPG,healthy,healthy,0.9873,1,0.0118,0.9873,0.0009
data/test/healthy/9d447b38-bd33-46f0-880b-324481fbae19___RS_HL 0366.JPG,healthy,healthy,0.9496,1,0.0241,0.9496,0.0263
data/test/healthy/9d59d9f3-d9f2-45e7-b441-bcf453ceea73___RS_HL 0329.JPG,healthy,healthy,0.9999,1,0.0000,0.9999,0.0000
data/test/healthy/9dab9ebd-6fbf-4565-99c3-06138ca51050___RS_HL 0500_final_masked.jpg,healthy,healthy,0.9997,1,0.0002,0.9997,0.0001
data/test/healthy/9dc940f8-cd79-4341-95ef-f845583d9dff___RS_HL 9751.JPG,healthy,healthy,0.9995,1,0.0001,0.9995,0.0003
data/test/healthy/9dcb8870-47cb-4816-bb88-a435b5844cf6___GH_HL Leaf 207.JPG,healthy,healthy,0.9606,1,0.0176,0.9606,0.0218
data/test/healthy/9df3c983-0c0c-4e9b-a0c8-f3e1fd3ec908___RS_HL 0634.JPG,healthy,healthy,0.9997,1,0.0002,0.9997,0.0002
data/test/healthy/9e2a71e5-2a59-4e62-9c6c-581fe9091a10___RS_HL 0132.JPG,healthy,healthy,0.9999,1,0.0001,0.9999,0.0000
data/test/healthy/9e2a71e5-2a59-4e62-9c6c-581fe9091a10___RS_HL 0132_1.JPG,healthy,healthy,0.9923,1,0.0054,0.9923,0.0023
data/test/healthy/9e43d49b-abbe-4b9b-8566-42586a58a705___RS_HL 0462.JPG,healthy,healthy,0.9986,1,0.0010,0.9986,0.0003
data/test/healthy/9e43d49b-abbe-4b9b-8566-42586a58a705___RS_HL 0462_1.JPG,healthy,healthy,0.9864,1,0.0069,0.9864,0.0067
data/test/healthy/9ed00c97-7867-4e6f-a274-f2bad77ecfaf___GH_HL Leaf 515.1_final_masked.jpg,healthy,healthy,0.9830,1,0.0029,0.9830,0.0141
data/test/healthy/9ee73ce8-ea9e-4a76-8b41-39500bdf3514___RS_HL 0110.JPG,healthy,healthy,0.9896,1,0.0071,0.9896,0.0032
data/test/healthy/9f959699-166c-4ac9-ba4a-a9e7d0c9e03b___RS_HL 0143.JPG,healthy,healthy,1.0000,1,0.0000,1.0000,0.0000
data/test/healthy/9fb8872e-e963-4d2c-9b16-62757705ca3f___RS_HL 0130.JPG,healthy,healthy,0.9744,1,0.0183,0.9744,0.0073
data/test/healthy/a01d8297-f16b-41ab-b7b9-6343d5b7d8a6___RS_HL 0419.JPG,healthy,healthy,1.0000,1,0.0000,1.0000,0.0000
data/test/healthy/a0285527-98c1-40b7-992b-404644387ad8___GH_HL Leaf 509.4.JPG,healthy,healthy,0.9885,1,0.0012,0.9885,0.0103
data/test/healthy/a0285527-98c1-40b7-992b-404644387ad8___GH_HL Leaf 509.4_final_masked.jpg,healthy,healthy,0.9722,1,0.0031,0.9722,0.0247
data/test/healthy/a05f8f2d-6ac6-45d8-b7ad-394bbda892fc___RS_HL 0613_final_masked.jpg,healthy,healthy,1.0000,1,0.0000,1.0000,0.0000
data/test/healthy/a1238cae-087e-42de-824b-35a967fe43a6___RS_HL 0624.JPG,healthy,healthy,0.9992,1,0.0006,0.9992,0.0002
data/test/healthy/a154b0c0-ad46-47ec-b9f4-50a4ee625849___RS_HL 9827_final_masked.jpg,healthy,healthy,0.9999,1,0.0000,0.9999,0.0000
data/test/healthy/a1aa732c-1c39-4c6b-b5d1-e0ea7a8587a5___RS_HL 0565.JPG,healthy,healthy,0.9996,1,0.0003,0.9996,0.0001
data/test/healthy/a1b90ce3-79b4-404d-a848-4471b793772f___RS_HL 0544.JPG,healthy,healthy,0.9276,1,0.0344,0.9276,0.0380
data/test/healthy/a2118ec3-8434-4e93-8a4a-aa93262dfa76___RS_HL 0551.JPG,healthy,healthy,1.0000,1,0.0000,1.0000,0.0000
data/test/healthy/a2bbffab-17fd-4608-8994-28f7a62e3a4f___RS_HL 0251.JPG,healthy,healthy,1.0000,1,0.0000,1.0000,0.0000
data/test/healthy/a3e61ed6-3c67-48d7-af39-9a69b2c5c7bc___GH_HL Leaf 250.1_final_masked.jpg,healthy,healthy,0.9992,1,0.0003,0.9992,0.0004
data/test/healthy/a4dea30d-6551-4107-bba6-1390e74b6b0b___GH_HL Leaf 261.1_final_masked.jpg,healthy,healthy,0.9957,1,0.0020,0.9957,0.0022
data/test/healthy/a54804c7-1bc2-439a-a09f-3d1a6ce81856___GH_HL Leaf 309.1.JPG,healthy,healthy,0.9998,1,0.0001,0.9998,0.0001
data/test/healthy/a6e38349-62a4-43e6-bf92-84bc17e6d8eb___GH_HL Leaf 485.1.JPG,healthy,healthy,0.9926,1,0.0009,0.9926,0.0065
data/test/healthy/a6e38349-62a4-43e6-bf92-84bc17e6d8eb___GH_HL Leaf 485.1_1.JPG,healthy,healthy,0.9983,1,0.0001,0.9983,0.0016
data/test/healthy/a6e38349-62a4-43e6-bf92-84bc17e6d8eb___GH_HL Leaf 485.1_final_masked.jpg,healthy,healthy,0.9887,1,0.0034,0.9887,0.0080
data/test/healthy/a7abffa7-2c5e-4bc2-ab36-450ef1129f37___RS_HL 9856.JPG,healthy,healthy,0.9991,1,0.0008,0.9991,0.0002
data/test/healthy/a7c1d137-6609-4659-94ce-81c62f64665e___RS_HL 0195_final_masked.jpg,healthy,healthy,1.0000,1,0.0000,1.0000,0.0000
data/test/healthy/a8070204-763a-47f2-9b83-445c17975cdf___RS_HL 0024.JPG,healthy,healthy,0.9884,1,0.0081,0.9884,0.0035
data/test/healthy/a8264fd4-d1e7-4114-b1e1-51b0f141db03___GH_HL Leaf 243.JPG,healthy,healthy,0.9998,1,0.0001,0.9998,0.0001
data/test/healthy/a8264fd4-d1e7-4114-b1e1-51b0f141db03___GH_HL Leaf 243_final_masked.jpg,healthy,healthy,0.9996,1,0.0003,0.9996,0.0002
data/test/healthy/a882bb71-3c0f-4778-94db-9a228cfe619a___RS_HL 0095.JPG,healthy,healthy,0.9953,1,0.0035,0.9953,0.0011
data/test/healthy/a90b4d5b-86f9-48ae-9ede-ae3ac462f9bc___RS_HL 9872.JPG,healthy,healthy,1.0000,1,0.0000,1.0000,0.0000
data/test/healthy/a90b4d5b-86f9-48ae-9ede-ae3ac462f9bc___RS_HL 9872_1.JPG,healthy,healthy,0.9966,1,0.0027,0.9966,0.0007
data/test/healthy/a90b4d5b-86f9-48ae-9ede-ae3ac462f9bc___RS_HL 9872_final_masked.jpg,healthy,healthy,1.0000,1,0.0000,1.0000,0.0000
data/test/healthy/a9108826-cab0-429d-9a81-c42b21ee2682___RS_HL 9874.JPG,healthy,healthy,0.9999,1,0.0000,0.9999,0.0001
data/test/healthy/a9108826-cab0-429d-9a81-c42b21ee2682___RS_HL 9874_1.JPG,healthy,healthy,0.9988,1,0.0009,0.9988,0.0003
data/test/healthy/a98d00cf-f048-44d7-b82b-3328a8e891b3___RS_HL 0585.JPG,healthy,healthy,0.9994,1,0.0001,0.9994,0.0004
data/test/healthy/a98d00cf-f048-44d7-b82b-3328a8e891b3___RS_HL 0585_1.JPG,healthy,healthy,0.9781,1,0.0120,0.9781,0.0099
data/test/healthy/ab1658d8-ef48-4068-b2b5-ce49fb3d06c0___GH_HL Leaf 397.1.JPG,healthy,healthy,0.9921,1,0.0056,0.9921,0.0022
data/test/healthy/ab19440f-0642-4dd8-820f-2f67d5abee98___RS_HL 0172.JPG,healthy,healthy,0.9999,1,0.0001,0.9999,0.0000
data/test/healthy/abaaf21a-3c59-4a00-825e-2f05f045bbf9___RS_HL 0066.JPG,healthy,healthy,0.9999,1,0.0001,0.9999,0.0000
data/test/healthy/abaaf21a-3c59-4a00-825e-2f05f045bbf9___RS_HL 0066_1.JPG,healthy,healthy,0.9156,1,0.0528,0.9156,0.0316
data/test/healthy/acdbf632-8d26-472d-874f-6d7df5cd0432___RS_HL 9897.JPG,healthy,healthy,0.9991,1,0.0008,0.9991,0.0001
data/test/healthy/acdf2283-0e7c-4ccd-8817-1019e3a8ed20___RS_HL 9943.JPG,healthy,healthy,0.9999,1,0.0001,0.9999,0.0000
data/test/healthy/ad270b53-60f2-4d27-8d7a-54d8f60f268b___RS_HL 0253.JPG,healthy,healthy,0.9923,1,0.0062,0.9923,0.0014
data/test/healthy/adb15e56-fb9c-4b1f-aae1-4ec8bedecd1b___RS_HL 9712.JPG,healthy,healthy,0.9996,1,0.0003,0.9996,0.0002
data/test/healthy/ae0ad0c2-8693-4aff-8c4b-2f4d2d6f7f41___RS_HL 0454.JPG,healthy,healthy,0.9610,1,0.0198,0.9610,0.0191
data/test/healthy/ae0ad0c2-8693-4aff-8c4b-2f4d2d6f7f41___RS_HL 0454_1.JPG,healthy,healthy,0.9996,1,0.0003,0.9996,0.0001
data/test/healthy/ae3582b0-2528-4534-954b-1f9b1372c10f___RS_HL 9861.JPG,healthy,healthy,0.9826,1,0.0128,0.9826,0.0046
data/test/healthy/ae3582b0-2528-4534-954b-1f9b1372c10f___RS_HL 9861_final_masked.jpg,healthy,healthy,0.9995,1,0.0001,0.9995,0.0003
data/test/healthy/af83b40a-8cac-4467-a44b-1a129b25e4fc___GH_HL Leaf 362.1.JPG,healthy,healthy,0.9999,1,0.0000,0.9999,0.0001
data/test/healthy/afb36858-a9e4-45d0-8b7a-2e4a8e8bf72c___RS_HL 0286.JPG,healthy,healthy,0.9859,1,0.0091,0.9859,0.0050
data/test/healthy/afbedba8-4d3a-4816-9c55-bd666d262b59___RS_HL 9841.JPG,healthy,healthy,1.0000,1,0.0000,1.0000,0.0000
data/test/healthy/b089aa0a-1778-4c3d-ad5d-7997a9b97dbb___GH_HL Leaf 481.JPG,healthy,healthy,0.9657,1,0.0025,0.9657,0.0318
data/test/healthy/b208c306-c151-4941-85f0-47735d9b6984___RS_HL 0263_final_masked.jpg,healthy,healthy,0.9998,1,0.0001,0.9998,0.0001
data/test/healthy/b212b78d-286a-4eec-b5b2-194ce2511695___GH_HL Leaf 345.1.JPG,healthy,healthy,0.9946,1,0.0013,0.9946,0.0041
data/test/healthy/b2497a4d-6951-46d3-810b-7072e908eea9___RS_HL 9907.JPG,healthy,healthy,0.9997,1,0.0003,0.9997,0.0001
data/test/healthy/b2497a4d-6951-46d3-810b-7072e908eea9___RS_HL 9907_final_masked.jpg,healthy,healthy,0.9998,1,0.0001,0.9998,0.0001
data/test/healthy/b2639bc5-e165-4cdd-8557-fa73c6d4137f___RS_HL 0072.JPG,healthy,healthy,0.9999,1,0.0001,0.9999,0.0000
data/test/healthy/b2639bc5-e165-4cdd-8557-fa73c6d4137f___RS_HL 0072_final_masked.jpg,healthy,healthy,0.9998,1,0.0001,0.9998,0.0001
data/test/healthy/b2652ef9-f0d2-4039-b40a-520073551b16___RS_HL 0009_final_masked.jpg,healthy,healthy,1.0000,1,0.0000,1.0000,0.0000
data/test/healthy/b2793705-a666-4ba0-ac9f-3b60fc0bbdf4___RS_HL 0342.JPG,healthy,healthy,0.9032,1,0.0579,0.9032,0.0389
data/test/healthy/b286becf-e2d6-4269-aaf4-e2df25c80cba___RS_HL 0355.JPG,healthy,healthy,0.9998,1,0.0001,0.9998,0.0001
data/test/healthy/b2deac55-9527-41dc-9b02-36097d4a8d21___RS_HL 0152.JPG,healthy,healthy,0.9748,1,0.0183,0.9748,0.0069
data/test/healthy/b41196ab-88ea-4057-bf87-b1435d5a0d1d___GH_HL Leaf 258.1.JPG,healthy,healthy,0.9998,1,0.0001,0.9998,0.0001
data/test/healthy/b485c91b-36c7-42be-9572-69327a0ece88___RS_HL 9678_final_masked.jpg,healthy,healthy,0.9999,1,0.0000,0.9999,0.0000
data/test/healthy/b4a648b8-4132-4bfa-9a7d-13c1a8696c9b___GH_HL Leaf 295.1.JPG,healthy,healthy,0.9998,1,0.0001,0.9998,0.0001
data/test/healthy/b4a854a1-cd40-4bac-b377-97fc49b8314c___RS_HL 9628.JPG,healthy,healthy,0.9955,1,0.0002,0.9955,0.0043
data/test/healthy/b593dd4e-e792-4469-a855-109e9edbe1ce___RS_HL 9796_final_masked.jpg,healthy,healthy,1.0000,1,0.0000,1.0000,0.0000
data/test/healthy/b59425a2-e983-49c8-a9fd-61da8f38e7f3___RS_HL 0537.JPG,healthy,healthy,0.9993,1,0.0006,0.9993,0.0001
data/test/healthy/b5d4e7f6-24a7-4151-8035-07fef4f6f726___RS_HL 9771_final_masked.jpg,healthy,healthy,0.9915,1,0.0022,0.9915,0.0063
data/test/healthy/b5f50782-f831-4b0c-821d-3d60879b4758___RS_HL 0064.JPG,healthy,healthy,0.9996,1,0.0003,0.9996,0.0002
data/test/healthy/b6185c0e-e2ea-4283-b808-c37ee374b776___RS_HL 0094.JPG,healthy,healthy,0.9662,1,0.0223,0.9662,0.0115
data/test/healthy/b6185c0e-e2ea-4283-b808-c37ee374b776___RS_HL 0094_1.JPG,healthy,healthy,1.0000,1,0.0000,1.0000,0.0000
data/test/healthy/b6185c0e-e2ea-4283-b808-c37ee374b776___RS_HL 0094_final_masked.jpg,healthy,healthy,0.9998,1,0.0001,0.9998,0.0001
data/test/healthy/b6690f04-b49a-43eb-8804-67eeffae7950___RS_HL 0518.JPG,healthy,healthy,0.9604,1,0.0263,0.9604,0.0133
data/test/healthy/b66ce067-f338-4ae5-8f62-578ce164456a___RS_HL 0610.JPG,healthy,healthy,0.9969,1,0.0019,0.9969,0.0012
data/test/healthy/b6714886-142d-44dd-9fda-f9481bb28fcb___RS_HL 9978.JPG,healthy,healthy,0.9999,1,0.0000,0.9999,0.0000
data/test/healthy/b67b2bfe-af4a-45ce-8df0-ab679ac9c559___RS_HL 9797_final_masked.jpg,healthy,healthy,0.9999,1,0.0000,0.9999,0.0001
data/test/healthy/b7e3a280-a031-475d-95b2-a1d2f0f49e02___GH_HL Leaf 279.JPG,healthy,healthy,0.9806,1,0.0054,0.9806,0.0141
data/test/healthy/b840b04b-5909-4e35-beb8-7f53098975b1___RS_HL 0324.JPG,healthy,healthy,0.9668,1,0.0221,0.9668,0.0111
data/test/healthy/b840daeb-319f-4cf3-b2a0-3010387fd5d3___GH_HL Leaf 493.JPG,healthy,healthy,0.9954,1,0.0001,0.9954,0.0045
data/test/healthy/b842ca3c-1910-4ff3-8691-c7759830651a___RS_HL 9784_final_masked.jpg,healthy,healthy,0.9998,1,0.0002,0.9998,0.0001
data/test/healthy/b89c8996-9a04-45fe-a517-97e23227881c___GH_HL Leaf 430.JPG,healthy,healthy,0.9583,1,0.0068,0.9583,0.0349
data/test/healthy/b9046af2-28a7-4546-9107-1ae6d0bb7de7___RS_HL 0174.JPG,healthy,healthy,0.9713,1,0.0203,0.9713,0.0083
data/test/healthy/b912741f-b778-4e29-98d0-eb33de28c180___RS_HL 9656.JPG,healthy,healthy,0.9994,1,0.0005,0.9994,0.0001
data/test/healthy/b917c931-67a8-4a67-9055-858c5e329b37___RS_HL 0590_final_masked.jpg,healthy,healthy,0.9986,1,0.0009,0.9986,0.0005
data/test/healthy/b91da997-c7c4-44aa-b00c-e558887d0ba6___GH_HL Leaf 368.1.JPG,healthy,healthy,0.9894,1,0.0019,0.9894,0.0087
data/test/healthy/b92d2f0f-ba99-44bd-be14-a5ad7763543f___RS_HL 9953_final_masked.jpg,healthy,healthy,0.9999,1,0.0000,0.9999,0.0001
data/test/healthy/b951fffc-404c-4b85-a7ec-fe8b4f9a15fa___RS_HL 0540.JPG,healthy,healthy,0.9918,1,0.0052,0.9918,0.0030
data/test/healthy/ba541656-6ae6-4471-8c17-7144e4c23edf___RS_HL 9947.JPG,healthy,healthy,1.0000,1,0.0000,1.0000,0.0000
data/test/healthy/ba6d8256-1d1e-4642-b7f1-8e0f220fb0a4___GH_HL Leaf 359_final_masked.jpg,healthy,healthy,0.9946,1,0.0020,0.9946,0.0034
data/test/healthy/bab33032-182b-43c7-8eea-392267cd11ef___RS_HL 9822.JPG,healthy,healthy,0.9988,1,0.0003,0.9988,0.0009
data/test/healthy/bb06c1c7-3f4d-45d0-8882-b2eb8861b834___GH_HL Leaf 372.JPG,healthy,healthy,0.9997,1,0.0001,0.9997,0.0002
data/test/healthy/bb49e566-90cf-48c2-ae3a-83b7f362b703___RS_HL 0347.JPG,healthy,healthy,0.9676,1,0.0296,0.9676,0.0028
data/test/healthy/bb8b0b14-a5f5-4c11-887f-71aed1864d84___GH_HL Leaf 409.1.JPG,healthy,healthy,0.9790,1,0.0063,0.9790,0.0148
data/test/healthy/bb8b0b14-a5f5-4c11-887f-71aed1864d84___GH_HL Leaf 409.1_final_masked.jpg,healthy,healthy,0.9992,1,0.0005,0.9992,0.0003
data/test/healthy/bb9683d5-9302-4525-bd77-05153f65ffa3___RS_HL 0623.JPG,healthy,healthy,0.7531,1,0.1119,0.7531,0.1350
data/test/healthy/bb9683d5-9302-4525-bd77-05153f65ffa3___RS_HL 0623_final_masked.jpg,healthy,healthy,0.9845,1,0.0116,0.9845,0.0039
data/test/healthy/bc0e8e3d-0cd4-4650-ac73-c099a0b75d4e___GH_HL Leaf 426.1_final_masked.jpg,healthy,healthy,0.9995,1,0.0003,0.9995,0.0002
data/test/healthy/bc3ca9e1-86c1-4945-9993-c61a38a942ed___GH_HL Leaf 294.JPG,healthy,healthy,0.9850,1,0.0040,0.9850,0.0110
data/test/healthy/bc5e650e-075e-4359-9f31-79cd0ef3208b___RS_HL 9807.JPG,healthy,healthy,1.0000,1,0.0000,1.0000,0.0000
data/test/healthy/bc825946-3ee5-4269-8ba4-202afc766654___RS_HL 0368.JPG,healthy,healthy,0.9721,1,0.0199,0.9721,0.0080
data/test/healthy/bca86bca-56dd-4336-afea-5e42b5deec35___RS_HL 0197.JPG,healthy,healthy,0.9973,1,0.0020,0.9973,0.0007
data/test/healthy/bcf2a4c7-5e73-4443-b39c-74fd6895afb5___GH_HL Leaf 248.1.JPG,healthy,healthy,0.9925,1,0.0019,0.9925,0.0056
data/test/healthy/bd18b0d8-3ee7-4c96-a2d4-cf8db766c047___GH_HL Leaf 498.2.JPG,healthy,healthy,0.7745,1,0.0034,0.7745,0.2221
data/test/healthy/bd4111eb-69bf-44b7-b02c-13477b5dc8e1___GH_HL Leaf 357.JPG,healthy,healthy,0.9996,1,0.0001,0.9996,0.0003
data/test/healthy/bd531960-92ec-4745-9e25-645decb4b2b0___RS_HL 0542_final_masked.jpg,healthy,healthy,1.0000,1,0.0000,1.0000,0.0000
data/test/healthy/be5a8881-cc33-42c0-adc7-52d2380a9902___GH_HL Leaf 505.4.JPG,healthy,healthy,0.9952,1,0.0001,0.9952,0.0048
data/test/healthy/be5a8881-cc33-42c0-adc7-52d2380a9902___GH_HL Leaf 505.4_final_masked.jpg,healthy,healthy,0.9931,1,0.0030,0.9931,0.0039
data/test/healthy/beaa693e-fa0d-4bde-943a-0a834f251301___RS_HL 0290_final_masked.jpg,healthy,healthy,0.9994,1,0.0001,0.9994,0.0005
data/test/healthy/beb8ecc5-3283-430e-b598-343f6754a752___GH_HL Leaf 328.JPG,healthy,healthy,0.9860,1,0.0042,0.9860,0.0098
data/test/healthy/beda9c8f-88eb-43c7-9670-60bd8fd5c43e___RS_HL 0038.JPG,healthy,healthy,1.0000,1,0.0000,1.0000,0.0000
data/test/healthy/beda9c8f-88eb-43c7-9670-60bd8fd5c43e___RS_HL 0038_final_masked.jpg,healthy,healthy,0.9998,1,0.0001,0.9998,0.0001
data/test/healthy/bef34d1a-3d57-4b46-a4ac-70702a4ca5db___RS_HL 9799.JPG,healthy,healthy,0.9821,1,0.0134,0.9821,0.0044
data/test/healthy/bef34d1a-3d57-4b46-a4ac-70702a4ca5db___RS_HL 9799_final_masked.jpg,healthy,healthy,0.9999,1,0.0000,0.9999,0.0000
data/test/healthy/c09f9b09-e43d-46bd-96d7-bb1162b4bb52___RS_HL 9644.JPG,healthy,healthy,0.9998,1,0.0000,0.9998,0.0002
data/test/healthy/c09f9b09-e43d-46bd-96d7-bb1162b4bb52___RS_HL 9644_1.JPG,healthy,healthy,0.9843,1,0.0110,0.9843,0.0047
data/test/healthy/c0b3ea2d-4889-4693-8590-cef2d32b81e3___RS_HL 0370.JPG,healthy,healthy,0.9782,1,0.0108,0.9782,0.0110
data/test/healthy/c0c7cd05-de91-47b6-9702-823e34e7d332___RS_HL 0505.JPG,healthy,healthy,0.9999,1,0.0001,0.9999,0.0000
data/test/healthy/c11a3cf1-de74-421e-89d0-11ea1508673d___RS_HL 0185.JPG,healthy,healthy,0.8817,1,0.0602,0.8817,0.0581
data/test/healthy/c1413079-dfb4-41c5-b129-bc5b6b419e0e___RS_HL 0133_final_masked.jpg,healthy,healthy,1.0000,1,0.0000,1.0000,0.0000
data/test/healthy/c14e3118-373b-4164-8f54-6c4239908d0f___GH_HL Leaf 488.JPG,healthy,healthy,0.9137,1,0.0014,0.9137,0.0849
data/test/healthy/c1dfd66e-7c0c-40a7-8280-0aa1aaf5436b___GH_HL Leaf 431.JPG,healthy,healthy,0.9994,1,0.0002,0.9994,0.0004
data/test/healthy/c1fe17e6-7776-4f80-a048-6095504dd0cf___RS_HL 9690.JPG,healthy,healthy,1.0000,1,0.0000,1.0000,0.0000
data/test/healthy/c296246d-42ab-4274-9037-df2470e2d3a5___RS_HL 0085.JPG,healthy,healthy,1.0000,1,0.0000,1.0000,0.0000
data/test/healthy/c2f44d15-cc56-44eb-afce-b53e919becb9___GH_HL Leaf 398.JPG,healthy,healthy,0.9956,1,0.0016,0.9956,0.0028
data/test/healthy/c3724cd0-50c4-4780-8dc8-fe3e9d0d0680___GH_HL Leaf 292.JPG,healthy,healthy,0.9993,1,0.0004,0.9993,0.0003
data/test/healthy/c3724cd0-50c4-4780-8dc8-fe3e9d0d0680___GH_HL Leaf 292_final_masked.jpg,healthy,healthy,0.9989,1,0.0006,0.9989,0.0005
data/test/healthy/c40b106b-14bf-4af2-88b5-51182169d548___RS_HL 0298.JPG,healthy,healthy,0.9919,1,0.0058,0.9919,0.0023
data/test/healthy/c4238856-a924-4621-a4eb-3f34668aa23c___RS_HL 0592.JPG,healthy,healthy,0.8466,1,0.0904,0.8466,0.0630
data/test/healthy/c4238856-a924-4621-a4eb-3f34668aa23c___RS_HL 0592_final_masked.jpg,healthy,healthy,0.9991,1,0.0006,0.9991,0.0003
data/test/healthy/c49577fa-06ce-40f1-ab69-ff21836b5061___GH_HL Leaf 277.2.JPG,healthy,healthy,0.9999,1,0.0000,0.9999,0.0000
data/test/healthy/c54a5152-b470-4037-ab1e-59b474c12fc6___RS_HL 9921.JPG,healthy,healthy,0.9968,1,0.0020,0.9968,0.0012
data/test/healthy/c54a5152-b470-4037-ab1e-59b474c12fc6___RS_HL 9921_final_masked.jpg,healthy,healthy,0.8956,1,0.0757,0.8956,0.0287
data/test/healthy/c56b4a9c-dd6f-48ac-ac94-c4fbf6194031___GH_HL Leaf 364.1.JPG,healthy,healthy,0.9762,1,0.0033,0.9762,0.0205
data/test/healthy/c5708e70-747e-44d9-ab7f-356157bfe0ec___RS_HL 9813.JPG,healthy,healthy,1.0000,1,0.0000,1.0000,0.0000
data/test/healthy/c57d8785-87fa-4ac4-af26-048936a5dbf0___RS_HL 0325.JPG,healthy,healthy,0.9999,1,0.0000,0.9999,0.0000
data/test/healthy/c58defb7-5515-4b89-896f-13039c13051f___GH_HL Leaf 372.1.JPG,healthy,healthy,0.9999,1,0.0000,0.9999,0.0000
data/test/healthy/c5f1eec0-35c2-43ce-8a14-575d86258f73___RS_HL 0337_final_masked.jpg,healthy,healthy,0.9883,1,0.0076,0.9883,0.0041
data/test/healthy/c6d62e0c-15e0-4e99-8dbd-40e8f7181131___RS_HL 9954.JPG,healthy,healthy,1.0000,1,0.0000,1.0000,0.0000
data/test/healthy/c7a532ff-1b42-4a36-8207-646f8d71d994___RS_HL 0202.JPG,healthy,healthy,1.0000,1,0.0000,1.0000,0.0000
data/test/healthy/c7cedd2f-dfae-4232-9cab-d75197d48948___GH_HL Leaf 226.6.JPG,healthy,healthy,0.9834,1,0.0054,0.9834,0.0112
data/test/healthy/c7cedd2f-dfae-4232-9cab-d75197d48948___GH_HL Leaf 226.6_final_masked.jpg,healthy,healthy,0.9990,1,0.0007,0.9990,0.0003
data/test/healthy/c8b14af0-f81f-474d-8fa9-aa3f5b05c618___RS_HL 0532.JPG,healthy,healthy,0.8292,1,0.0971,0.8292,0.0737
data/test/healthy/c8b14af0-f81f-474d-8fa9-aa3f5b05c618___RS_HL 0532_final_masked.jpg,healthy,healthy,0.9733,1,0.0083,0.9733,0.0185
data/test/healthy/c8bb9905-8eb3-4d57-9c4b-caa1d4dca255___RS_HL 0243.JPG,healthy,healthy,0.9970,1,0.0025,0.9970,0.0005
data/test/healthy/c900278c-3216-4142-8a6c-797143fc9c95___RS_HL 0299.JPG,healthy,healthy,1.0000,1,0.0000,1.0000,0.0000
data/test/healthy/c978eccc-99c6-45d0-879c-713167f863f4___RS_HL 9888.JPG,healthy,healthy,1.0000,1,0.0000,1.0000,0.0000
data/test/healthy/c9bc09dd-7a19-46b6-ac5a-d857d50f0e5c___RS_HL 0484.JPG,healthy,healthy,0.9999,1,0.0001,0.9999,0.0000
data/test/healthy/ca050e4b-ec58-4b88-a1be-980e908b84d4___RS_HL 0567.JPG,healthy,healthy,1.0000,1,0.0000,1.0000,0.0000
data/test/healthy/ca050e4b-ec58-4b88-a1be-980e908b84d4___RS_HL 0567_1.JPG,healthy,healthy,0.9988,1,0.0010,0.9988,0.0002
data/test/healthy/ca553e23-a738-485a-95e6-3b578477d3f4___RS_HL 9854_final_masked.jpg,healthy,healthy,0.9999,1,0.0000,0.9999,0.0000
data/test/healthy/ca6ad351-41f5-4893-8188-1c1c4b4184b4___GH_HL Leaf 496.4.JPG,healthy,healthy,0.9771,1,0.0020,0.9771,0.0208
data/test/healthy/ca9e9564-bf57-4e2e-837f-a847db99a316___GH_HL Leaf 401.JPG,healthy,healthy,0.9999,1,0.0001,0.9999,0.0001
data/test/healthy/ca9e9564-bf57-4e2e-837f-a847db99a316___GH_HL Leaf 401_final_masked.jpg,healthy,healthy,0.9994,1,0.0004,0.9994,0.0002
data/test/healthy/caab6cf8-07a8-422a-84e9-3311f85d2427___RS_HL 0455.JPG,healthy,healthy,0.9976,1,0.0019,0.9976,0.0005
data/test/healthy/cb4a744a-1f1d-4cb1-b2a4-f1e1a12426ca___RS_HL 9970.JPG,healthy,healthy,0.9971,1,0.0019,0.9971,0.0010
data/test/healthy/cb4a744a-1f1d-4cb1-b2a4-f1e1a12426ca___RS_HL 9970_final_masked.jpg,healthy,healthy,0.9992,1,0.0004,0.9992,0.0004
data/test/healthy/cbb3f283-baaa-40b1-9e46-3414d8f74f99___GH_HL Leaf 231.1.JPG,healthy,healthy,0.9992,1,0.0004,0.9992,0.0004
data/test/healthy/cbd86fc5-7f88-4984-a1ed-445de8b76573___GH_HL Leaf 354.1_final_masked.jpg,healthy,healthy,0.9991,1,0.0007,0.9991,0.0002
data/test/healthy/cc289e5c-7899-4081-9ea9-c3dc3ad3d2d4___GH_HL Leaf 408.1.JPG,healthy,healthy,0.9985,1,0.0007,0.9985,0.0008
data/test/healthy/cc86c41e-9f5d-4b68-af29-a3e405edf69d___GH_HL Leaf 324.JPG,healthy,healthy,0.9998,1,0.0001,0.9998,0.0001
data/test/healthy/cdf10741-0ed4-4a27-a2e9-8970e4426730___RS_HL 0356_final_masked.jpg,healthy,healthy,0.9672,1,0.0130,0.9672,0.0198
data/test/healthy/cdfe9df9-c3de-4660-8543-13911f281e47___RS_HL 0496.JPG,healthy,healthy,0.9843,1,0.0091,0.9843,0.0065
data/test/healthy/cdfeddb6-3064-48dc-bac9-05441dedc74e___RS_HL 0323.JPG,healthy,healthy,0.9999,1,0.0000,0.9999,0.0000
data/test/healthy/cdfeddb6-3064-48dc-bac9-05441dedc74e___RS_HL 0323_final_masked.jpg,healthy,healthy,0.9997,1,0.0002,0.9997,0.0001
data/test/healthy/ce081d63-8710-460f-9f20-cc67ef62fa37___RS_HL 9685_final_masked.jpg,healthy,healthy,0.9943,1,0.0019,0.9943,0.0038
data/test/healthy/cea7fe83-103c-4b51-a9d2-75ced9a7d1a2___RS_HL 0531.JPG,healthy,healthy,0.9578,1,0.0281,0.9578,0.0141
data/test/healthy/cea7fe83-103c-4b51-a9d2-75ced9a7d1a2___RS_HL 0531_1.JPG,healthy,healthy,0.9996,1,0.0003,0.9996,0.0001
data/test/healthy/ceb2bf82-b22d-43bb-9a32-cac11e19febd___RS_HL 0406_final_masked.jpg,healthy,healthy,1.0000,1,0.0000,1.0000,0.0000
data/test/healthy/cf6c530d-522f-4990-9d02-3445623266d7___RS_HL 0364.JPG,healthy,healthy,0.9997,1,0.0003,0.9997,0.0001
data/test/healthy/cfd491d6-4af5-4728-8f0e-0d330a07174a___GH_HL Leaf 482.2_final_masked.jpg,healthy,healthy,0.9910,1,0.0035,0.9910,0.0055
data/test/healthy/d01d616c-7259-461f-9f3e-98fa7a3f86e1___RS_HL 9922.JPG,healthy,healthy,0.9849,1,0.0112,0.9849,0.0040
data/test/healthy/d02f79d7-34a8-4313-924b-ca75fa38b1fb___RS_HL 9655.JPG,healthy,healthy,0.8534,1,0.1161,0.8534,0.0305
data/test/healthy/d02f79d7-34a8-4313-924b-ca75fa38b1fb___RS_HL 9655_final_masked.jpg,healthy,healthy,0.9999,1,0.0001,0.9999,0.0001
data/test/healthy/d030352a-d87f-4ee2-a619-bc68d9896004___GH_HL Leaf 197.JPG,healthy,healthy,0.9902,1,0.0022,0.9902,0.0076
data/test/healthy/d074483d-5063-4bed-93f5-c0d798e9283c___RS_HL 0231.JPG,healthy,healthy,0.9999,1,0.0001,0.9999,0.0000
data/test/healthy/d0d0643e-c7f1-4cf3-8399-cfd8a73d1af3___RS_HL 9650.JPG,healthy,healthy,0.9996,1,0.0003,0.9996,0.0000
data/test/healthy/d15336df-9f16-4f8b-805f-d74f27af2735___RS_HL 9723.JPG,healthy,healthy,0.9090,1,0.0563,0.9090,0.0347
data/test/healthy/d15336df-9f16-4f8b-805f-d74f27af2735___RS_HL 9723_1.JPG,healthy,healthy,0.9994,1,0.0002,0.9994,0.0004
data/test/healthy/d1750517-689b-4372-a717-6b81c0dd64b0___GH_HL Leaf 262.JPG,healthy,healthy,0.9999,1,0.0000,0.9999,0.0000
data/test/healthy/d19a7818-769b-4633-bd09-5c3c20d2b4d1___GH_HL Leaf 172_final_masked.jpg,healthy,healthy,0.9991,1,0.0004,0.9991,0.0005
data/test/healthy/d2ce7896-6fa4-45e6-96c5-d162da0e3e1c___GH_HL Leaf 220.JPG,healthy,healthy,0.9950,1,0.0004,0.9950,0.0046
data/test/healthy/d2d4ff14-b875-4b6f-93d5-ef48ec437e86___RS_HL 0362.JPG,healthy,healthy,0.9506,1,0.0369,0.9506,0.0125
data/test/healthy/d2d4ff14-b875-4b6f-93d5-ef48ec437e86___RS_HL 0362_final_masked.jpg,healthy,healthy,0.9668,1,0.0120,0.9668,0.0212
data/test/healthy/d2f0f578-3b6e-433c-962a-8c81f79eab7a___RS_HL 9623.JPG,healthy,healthy,0.9997,1,0.0001,0.9997,0.0002
data/test/healthy/d3997d9d-f607-44f2-9473-b41db6b1116b___GH_HL Leaf 473.JPG,healthy,healthy,0.9995,1,0.0002,0.9995,0.0003
data/test/healthy/d4091850-464c-4655-9edc-395f43c365e9___RS_HL 9657.JPG,healthy,healthy,0.9534,1,0.0308,0.9534,0.0158
data/test/healthy/d41e126d-fc0d-4224-96e0-2d5ae074e4ac___RS_HL 9933.JPG,healthy,healthy,0.9268,1,0.0536,0.9268,0.0195
data/test/healthy/d41e126d-fc0d-4224-96e0-2d5ae074e4ac___RS_HL 9933_final_masked.jpg,healthy,healthy,0.9989,1,0.0005,0.9989,0.0006
data/test/healthy/d454ff7e-7a9d-45c1-b7f1-d098edcb1fa7___RS_HL 0418.JPG,healthy,healthy,0.9999,1,0.0000,0.9999,0.0000
data/test/healthy/d45c5eb7-c7b7-430b-9b2c-917a4a34315e___RS_HL 0151.JPG,healthy,healthy,0.9808,1,0.0133,0.9808,0.0059
data/test/healthy/d461b7c8-4c81-4309-8ccd-4400ddbb25aa___RS_HL 0586.JPG,healthy,healthy,0.9997,1,0.0001,0.9997,0.0002
data/test/healthy/d4c014c8-81db-47ce-8a1a-277ef1159a3d___RS_HL 0211_final_masked.jpg,healthy,healthy,0.9999,1,0.0001,0.9999,0.0000
data/test/healthy/d5633146-eac5-49e6-a6b4-8562aa7d1a1f___GH_HL Leaf 283.1.JPG,healthy,healthy,0.9999,1,0.0001,0.9999,0.0000
data/test/healthy/d6128bab-2cc4-4005-9184-2b7303773682___RS_HL 9828_final_masked.jpg,healthy,healthy,1.0000,1,0.0000,1.0000,0.0000
data/test/healthy/d6587652-47aa-4518-9534-468194f22953___RS_HL 0595_final_masked.jpg,healthy,healthy,0.9999,1,0.0001,0.9999,0.0000
data/test/healthy/d676d2f7-13a7-4d79-91fc-757b5d0bde6f___RS_HL 0601.JPG,healthy,healthy,0.9999,1,0.0000,0.9999,0.0000
data/test/healthy/d6e27864-a8c9-426f-9e46-283d0eb3a7d0___RS_HL 0452.JPG,healthy,healthy,0.9193,1,0.0373,0.9193,0.0434
data/test/healthy/d750fda0-e49d-4160-a9da-8cf8e425034e___GH_HL Leaf 167.JPG,healthy,healthy,0.9860,1,0.0040,0.9860,0.0100
data/test/healthy/d75ed8c7-610e-4abd-8a3a-a08993a92df3___GH_HL Leaf 323.2.JPG,healthy,healthy,0.9999,1,0.0000,0.9999,0.0001
data/test/healthy/d75ed8c7-610e-4abd-8a3a-a08993a92df3___GH_HL Leaf 323.2_final_masked.jpg,healthy,healthy,0.9990,1,0.0003,0.9990,0.0006
data/test/healthy/d75f7a19-059a-4b25-a265-5c3f74e279a3___RS_HL 0030_final_masked.jpg,healthy,healthy,0.9994,1,0.0003,0.9994,0.0003
data/test/healthy/d76f5b4a-9205-4a14-9181-5d3add326231___GH_HL Leaf 447_final_masked.jpg,healthy,healthy,0.9991,1,0.0005,0.9991,0.0004
data/test/healthy/d80d474d-1d8a-4381-8960-db93b611b5c8___GH_HL Leaf 390.JPG,healthy,healthy,0.9799,1,0.0033,0.9799,0.0168
data/test/healthy/d835fbab-7301-4544-aba9-37cb5d25de9f___RS_HL 0506_final_masked.jpg,healthy,healthy,0.9961,1,0.0029,0.9961,0.0009
data/test/healthy/d84b65fd-6841-435f-9c9f-2ba8afe2f62a___RS_HL 0541.JPG,healthy,healthy,0.9984,1,0.0011,0.9984,0.0004
data/test/healthy/d84b65fd-6841-435f-9c9f-2ba8afe2f62a___RS_HL 0541_1.JPG,healthy,healthy,1.0000,1,0.0000,1.0000,0.0000
data/test/healthy/d88b90c0-2850-425d-af82-7bfb0f6a9dd4___GH_HL Leaf 361.JPG,healthy,healthy,0.9975,1,0.0002,0.9975,0.0023
data/test/healthy/d88e3218-6639-430b-a74b-6b7353b1b964___GH_HL Leaf 377.JPG,healthy,healthy,0.9960,1,0.0011,0.9960,0.0028
data/test/healthy/d8ce2a81-c366-4a88-bde3-ee9a98e1e30c___RS_HL 0036.JPG,healthy,healthy,0.9874,1,0.0099,0.9874,0.0027
data/test/healthy/d9974fa7-5337-4c75-af93-04828d6f503e___GH_HL Leaf 381.1.JPG,healthy,healthy,0.9952,1,0.0010,0.9952,0.0038
data/test/healthy/d9974fa7-5337-4c75-af93-04828d6f503e___GH_HL Leaf 381.1_1.JPG,healthy,healthy,0.9999,1,0.0000,0.9999,0.0001
data/test/healthy/d9bb47b1-fa25-49fb-9b30-df7a7db48f8d___GH_HL Leaf 290_final_masked.jpg,healthy,healthy,0.9987,1,0.0010,0.9987,0.0003
data/test/healthy/da1015eb-5c8e-436d-b367-d1f98a034e44___RS_HL 0382.JPG,healthy,healthy,0.9780,1,0.0163,0.9780,0.0057
data/test/healthy/da10b674-6bd2-4e1f-ba50-f08caac7a2ec___RS_HL 9742.JPG,healthy,healthy,0.9980,1,0.0015,0.9980,0.0005
data/test/healthy/da34f406-4f46-480c-a63d-fb093a83e670___GH_HL Leaf 499.2_final_masked.jpg,healthy,healthy,0.8898,1,0.0122,0.8898,0.0981
data/test/healthy/da5c938a-1baf-46cb-b1e6-c3bfef99b816___RS_HL 9981_final_masked.jpg,healthy,healthy,0.9893,1,0.0047,0.9893,0.0060
data/test/healthy/daa4e664-5ec5-4349-b8de-0673cdfe374d___GH_HL Leaf 168.1.JPG,healthy,healthy,0.9906,1,0.0033,0.9906,0.0062
data/test/healthy/daa4e664-5ec5-4349-b8de-0673cdfe374d___GH_HL Leaf 168.1_1.JPG,healthy,healthy,0.9998,1,0.0001,0.9998,0.0001
data/test/healthy/db03386a-1a65-4e4f-b9b7-d80ad6cabefd___RS_HL 0632_final_masked.jpg,healthy,healthy,0.9991,1,0.0005,0.9991,0.0004
data/test/healthy/db9db9c3-42af-4609-a30e-48e4797174c7___GH_HL Leaf 182.JPG,healthy,healthy,0.9995,1,0.0003,0.9995,0.0002
data/test/healthy/dbbde73f-e630-4799-9a08-37bd5602f1b2___GH_HL Leaf 208.JPG,healthy,healthy,0.9999,1,0.0001,0.9999,0.0000
data/test/healthy/dca7fa13-14bd-4d24-abbf-1fe2e02eac7e___GH_HL Leaf 295_final_masked.jpg,healthy,healthy,0.9967,1,0.0011,0.9967,0.0022
data/test/healthy/dd311971-e56c-4305-805e-a011ecebd38b___GH_HL Leaf 432.JPG,healthy,healthy,0.9995,1,0.0002,0.9995,0.0004
data/test/healthy/dd311971-e56c-4305-805e-a011ecebd38b___GH_HL Leaf 432_1.JPG,healthy,healthy,0.9233,1,0.0051,0.9233,0.0716
data/test/healthy/dd311971-e56c-4305-805e-a011ecebd38b___GH_HL Leaf 432_final_masked.jpg,healthy,healthy,0.9994,1,0.0003,0.9994,0.0003
data/test/healthy/dd50e041-1df0-45e4-8ab7-126f0ae2b984___GH_HL Leaf 270_final_masked.jpg,healthy,healthy,0.9976,1,0.0016,0.9976,0.0008
data/test/healthy/dd7a8ade-2bc7-4b28-9e27-f823e8466a76___GH_HL Leaf 236.JPG,healthy,healthy,0.9931,1,0.0014,0.9931,0.0055
data/test/healthy/dd7d8e47-35f8-4c97-900b-f095694c38ed___GH_HL Leaf 313.JPG,healthy,healthy,0.8321,1,0.1183,0.8321,0.0496
data/test/healthy/de40125f-3f01-4c7e-9406-529d033fdb52___RS_HL 0498.JPG,healthy,healthy,0.9995,1,0.0003,0.9995,0.0002
data/test/healthy/de56bf63-8f55-426a-a2a1-8a8a635ad5a0___RS_HL 9747.JPG,healthy,healthy,1.0000,1,0.0000,1.0000,0.0000
data/test/healthy/de56bf63-8f55-426a-a2a1-8a8a635ad5a0___RS_HL 9747_final_masked.jpg,healthy,healthy,0.9999,1,0.0000,0.9999,0.0001
data/test/healthy/debe033e-a878-46dc-8336-8bc25811df35___GH_HL Leaf 303_final_masked.jpg,healthy,healthy,0.9981,1,0.0008,0.9981,0.0011
data/test/healthy/df99e31e-11ab-49be-bd51-d1fda2667c76___GH_HL Leaf 458_final_masked.jpg,healthy,healthy,0.9917,1,0.0042,0.9917,0.0041
data/test/healthy/e020155a-f93a-496c-adc6-1810b4cea333___GH_HL Leaf 206_final_masked.jpg,healthy,healthy,0.9983,1,0.0010,0.9983,0.0007
data/test/healthy/e0587774-746c-41af-a876-b3d083756a23___RS_HL 0588.JPG,healthy,healthy,0.9979,1,0.0015,0.9979,0.0005
data/test/healthy/e090d873-c435-4d1b-95dd-29f5a2f22a09___GH_HL Leaf 266.1.JPG,healthy,healthy,0.9994,1,0.0002,0.9994,0.0004
data/test/healthy/e0d2d9f6-b29e-4cd8-8c2b-7d462271ceb3___RS_HL 9787.JPG,healthy,healthy,0.9996,1,0.0002,0.9996,0.0002
data/test/healthy/e1517f9b-6bab-415b-b8f5-1f52dd544b2d___RS_HL 0203_final_masked.jpg,healthy,healthy,0.9998,1,0.0001,0.9998,0.0001
data/test/healthy/e2085395-2d3c-4698-ad7f-da9fdc73c4d1___GH_HL Leaf 254.JPG,healthy,healthy,0.9999,1,0.0000,0.9999,0.0000
data/test/healthy/e2085395-2d3c-4698-ad7f-da9fdc73c4d1___GH_HL Leaf 254_1.JPG,healthy,healthy,0.9946,1,0.0013,0.9946,0.0041
data/test/healthy/e225eb60-d018-4014-a4f5-eadd0aad06ef___GH_HL Leaf 438.JPG,healthy,healthy,0.9953,1,0.0011,0.9953,0.0037
data/test/healthy/e25bc3a8-dd00-4c02-9f4e-81e6cf682729___RS_HL 0101.JPG,healthy,healthy,0.9999,1,0.0001,0.9999,0.0000
data/test/healthy/e25bc3a8-dd00-4c02-9f4e-81e6cf682729___RS_HL 0101_final_masked.jpg,healthy,healthy,0.9973,1,0.0021,0.9973,0.0007
data/test/healthy/e2869c8b-aedf-4074-bb99-28e6ed2b4223___RS_HL 9673.JPG,healthy,healthy,0.9770,1,0.0159,0.9770,0.0072
data/test/healthy/e28f30cb-755a-459b-b653-96d44b3b01b5___RS_HL 9926_final_masked.jpg,healthy,healthy,1.0000,1,0.0000,1.0000,0.0000
data/test/healthy/e2991a66-412d-4841-8dc0-524e38338a82___GH_HL Leaf 517.1.JPG,healthy,healthy,0.9715,1,0.0015,0.9715,0.0270
data/test/healthy/e2bd556e-fe0f-4a97-819c-83dbc4a61ac5___GH_HL Leaf 429_final_masked.jpg,healthy,healthy,0.9986,1,0.0004,0.9986,0.0011
data/test/healthy/e336eb74-a19d-4461-871e-3124c5e0d047___RS_HL 0558.JPG,healthy,healthy,0.9999,1,0.0001,0.9999,0.0001
data/test/healthy/e36e5c2c-277b-4e8f-b12b-46df2e569c85___GH_HL Leaf 187.1.JPG,healthy,healthy,0.9853,1,0.0036,0.9853,0.0112
data/test/healthy/e36e5c2c-277b-4e8f-b12b-46df2e569c85___GH_HL Leaf 187.1_final_masked.jpg,healthy,healthy,0.9993,1,0.0004,0.9993,0.0003
data/test/healthy/e3cc41f4-f960-44b9-96cd-61e3bd184e6d___RS_HL 0138.JPG,healthy,healthy,0.9923,1,0.0062,0.9923,0.0015
data/test/healthy/e435f5af-a994-46b5-a5c8-d721dd1788f8___RS_HL 0100.JPG,healthy,healthy,0.9928,1,0.0014,0.9928,0.0058
data/test/healthy/e435f5af-a994-46b5-a5c8-d721dd1788f8___RS_HL 0100_final_masked.jpg,healthy,healthy,0.9999,1,0.0000,0.9999,0.0001
data/test/healthy/e531e3da-a55b-41a9-8700-3e163226bfb2___GH_HL Leaf 188.1.JPG,healthy,healthy,0.9998,1,0.0001,0.9998,0.0001
data/test/healthy/e55fc417-6c08-4150-913e-11e7c7e15eb7___RS_HL 0504_final_masked.jpg,healthy,healthy,0.9686,1,0.0254,0.9686,0.0060
data/test/healthy/e59d735a-0312-46e4-943a-2262ea2cd502___RS_HL 0428_final_masked.jpg,healthy,healthy,0.9990,1,0.0008,0.9990,0.0002
data/test/healthy/e62a7ec8-3e5e-4a47-be14-a57db0322bb6___RS_HL 9627.JPG,healthy,healthy,0.5599,1,0.1902,0.5599,0.2499
data/test/healthy/e67f9352-aae3-45f5-9b36-f0da08037d51___RS_HL 9944.JPG,healthy,healthy,0.9934,1,0.0046,0.9934,0.0020
data/test/healthy/e6f3e3b6-8d73-4564-9e0b-771302aaa6ef___RS_HL 0626_final_masked.jpg,healthy,healthy,0.9962,1,0.0032,0.9962,0.0007
data/test/healthy/e73a233d-84c8-407a-aefa-8a3865450351___GH_HL Leaf 222.JPG,healthy,healthy,0.9998,1,0.0001,0.9998,0.0001
data/test/healthy/e73f62f9-46f5-4827-a891-169cd96e066e___RS_HL 0467.JPG,healthy,healthy,0.9990,1,0.0008,0.9990,0.0002
data/test/healthy/e73f62f9-46f5-4827-a891-169cd96e066e___RS_HL 0467_final_masked.jpg,healthy,healthy,0.9999,1,0.0001,0.9999,0.0000
data/test/healthy/e7ca6603-d0c1-4bad-bc53-a45cfebb156f___GH_HL Leaf 355.1.JPG,healthy,healthy,0.9860,1,0.0048,0.9860,0.0093
data/test/healthy/e7ca6603-d0c1-4bad-bc53-a45cfebb156f___GH_HL Leaf 355.1_final_masked.jpg,healthy,healthy,0.9988,1,0.0007,0.9988,0.0005
data/test/healthy/e91d2c30-7a45-40db-b913-6714f9b89b1c___GH_HL Leaf 348.JPG,healthy,healthy,0.9865,1,0.0034,0.9865,0.0101
data/test/healthy/e91d2c30-7a45-40db-b913-6714f9b89b1c___GH_HL Leaf 348_1.JPG,healthy,healthy,0.9997,1,0.0002,0.9997,0.0001
data/test/healthy/e9392a5e-2fac-48c5-a23d-df3aa3f61048___GH_HL Leaf 217.JPG,healthy,healthy,0.9996,1,0.0002,0.9996,0.0002
data/test/healthy/ea0a8316-361e-4224-a700-5b86a8b93774___GH_HL Leaf 209.JPG,healthy,healthy,0.9879,1,0.0025,0.9879,0.0096
data/test/healthy/ea815fb4-7c6f-4088-94d0-59609294c65e___RS_HL 9785.JPG,healthy,healthy,0.9983,1,0.0011,0.9983,0.0006
data/test/healthy/eacb7fe2-5c0a-4058-a7d7-a2270faee988___RS_HL 9654.JPG,healthy,healthy,1.0000,1,0.0000,1.0000,0.0000
data/test/healthy/eb2c25bd-b896-45f1-b3a2-7ca6b78c219d___GH_HL Leaf 351.JPG,healthy,healthy,0.9866,1,0.0026,0.9866,0.0108
data/test/healthy/ec1bfc74-550b-4478-95c0-d60c1379957a___RS_HL 9879.JPG,healthy,healthy,0.9673,1,0.0227,0.9673,0.0100
data/test/healthy/ec2ace5b-0368-4012-a46e-21236926193c___RS_HL 0086.JPG,healthy,healthy,0.9918,1,0.0057,0.9918,0.0025
data/test/healthy/ec2ace5b-0368-4012-a46e-21236926193c___RS_HL 0086_1.JPG,healthy,healthy,1.0000,1,0.0000,1.0000,0.0000
data/test/healthy/ec2ace5b-0368-4012-a46e-21236926193c___RS_HL 0086_final_masked.jpg,healthy,healthy,0.9999,1,0.0000,0.9999,0.0000
data/test/healthy/ec57d9f8-7dcc-49e6-9ce7-af7d01eda4d1___RS_HL 9718.JPG,healthy,healthy,0.9948,1,0.0038,0.9948,0.0014
data/test/healthy/ec57d9f8-7dcc-49e6-9ce7-af7d01eda4d1___RS_HL 9718_1.JPG,healthy,healthy,0.9992,1,0.0006,0.9992,0.0002
data/test/healthy/ed76421e-84e4-408b-a1b3-c6164867b3d2___RS_HL 0560.JPG,healthy,healthy,0.9999,1,0.0000,0.9999,0.0000
data/test/healthy/edbb09c6-f6e6-4ce4-ac38-e4fa0b96f4c0___GH_HL Leaf 251.JPG,healthy,healthy,0.9998,1,0.0001,0.9998,0.0001
data/test/healthy/edbb09c6-f6e6-4ce4-ac38-e4fa0b96f4c0___GH_HL Leaf 251_1.JPG,healthy,healthy,0.9887,1,0.0037,0.9887,0.0077
data/test/healthy/edfbcb80-5821-4c6e-a464-79f119de35ae___RS_HL 9903.JPG,healthy,healthy,0.9973,1,0.0018,0.9973,0.0009
data/test/healthy/ef21da16-050f-4be8-a91f-e1fa13ce3991___RS_HL 0242.JPG,healthy,healthy,0.9972,1,0.0020,0.9972,0.0009
data/test/healthy/ef21da16-050f-4be8-a91f-e1fa13ce3991___RS_HL 0242_final_masked.jpg,healthy,healthy,0.9952,1,0.0032,0.9952,0.0016
data/test/healthy/efe6c986-b85c-40f1-8cb5-345acbb36b71___RS_HL 0579.JPG,healthy,healthy,0.9887,1,0.0092,0.9887,0.0021
data/test/healthy/f0037c61-001d-4b1f-b794-5b5ab49d50d5___RS_HL 0527_final_masked.jpg,healthy,healthy,0.9999,1,0.0001,0.9999,0.0000
data/test/healthy/f0336650-0021-43e9-9e8c-d921c5532116___RS_HL 0249.JPG,healthy,healthy,0.9999,1,0.0000,0.9999,0.0000
data/test/healthy/f0336650-0021-43e9-9e8c-d921c5532116___RS_HL 0249_final_masked.jpg,healthy,healthy,0.9998,1,0.0001,0.9998,0.0001
data/test/healthy/f0a9bd86-99c9-45d9-afe1-ca6cf6bbcdd6___RS_HL 9722_final_masked.jpg,healthy,healthy,0.9930,1,0.0058,0.9930,0.0012
data/test/healthy/f17dd662-f947-4892-9136-56dbe0feaca2___RS_HL 0503_final_masked.jpg,healthy,healthy,0.9988,1,0.0011,0.9988,0.0001
data/test/healthy/f2b8486a-71c9-43e2-8eb6-36476905dd40___GH_HL Leaf 346.JPG,healthy,healthy,0.9999,1,0.0001,0.9999,0.0001
data/test/healthy/f2f5162b-7cc7-4315-8692-d1eaab98c554___GH_HL Leaf 507.2.JPG,healthy,healthy,0.9751,1,0.0018,0.9751,0.0230
data/test/healthy/f3231f5f-c6cf-4a37-a3da-5d6e7a8afb0e___RS_HL 0450.JPG,healthy,healthy,0.9998,1,0.0001,0.9998,0.0001
data/test/healthy/f3231f5f-c6cf-4a37-a3da-5d6e7a8afb0e___RS_HL 0450_1.JPG,healthy,healthy,0.9511,1,0.0271,0.9511,0.0218
data/test/healthy/f3231f5f-c6cf-4a37-a3da-5d6e7a8afb0e___RS_HL 0450_final_masked.jpg,healthy,healthy,0.9979,1,0.0015,0.9979,0.0005
data/test/healthy/f437a6f0-4c35-4d6b-8eaa-ca57f18fad53___GH_HL Leaf 229.JPG,healthy,healthy,0.9999,1,0.0000,0.9999,0.0000
data/test/healthy/f437a6f0-4c35-4d6b-8eaa-ca57f18fad53___GH_HL Leaf 229_1.JPG,healthy,healthy,0.9863,1,0.0040,0.9863,0.0097
data/test/healthy/f44c5128-2575-4fda-82c7-9954ead65027___GH_HL Leaf 384.JPG,healthy,healthy,0.9238,1,0.0124,0.9238,0.0638
data/test/healthy/f48aed97-8db4-40a5-aa39-e2c3c70fe8be___GH_HL Leaf 524.1_final_masked.jpg,healthy,healthy,0.9706,1,0.0046,0.9706,0.0248
data/test/healthy/f4ef07ac-f42d-44b3-8433-368b03b422d2___RS_HL 9743.JPG,healthy,healthy,0.9999,1,0.0000,0.9999,0.0001
data/test/healthy/f4ef07ac-f42d-44b3-8433-368b03b422d2___RS_HL 9743_1.JPG,healthy,healthy,0.9703,1,0.0271,0.9703,0.0026
data/test/healthy/f60f6c8b-54f7-4002-b26d-636037912c4d___RS_HL 9956.JPG,healthy,healthy,1.0000,1,0.0000,1.0000,0.0000
data/test/healthy/f6a5a9a3-f9a6-4fad-83c3-2ce3e8618b52___RS_HL 0169.JPG,healthy,healthy,1.0000,1,0.0000,1.0000,0.0000
data/test/healthy/f7d044c0-6900-4624-9c20-fa27aa0911ff___GH_HL Leaf 275.JPG,healthy,healthy,0.9999,1,0.0000,0.9999,0.0001
data/test/healthy/f7d044c0-6900-4624-9c20-fa27aa0911ff___GH_HL Leaf 275_final_masked.jpg,healthy,healthy,0.9989,1,0.0005,0.9989,0.0006
data/test/healthy/f7df2411-8e50-46e1-b43a-cca357bee1af___GH_HL Leaf 521.1_final_masked.jpg,healthy,healthy,0.9852,1,0.0047,0.9852,0.0102
data/test/healthy/f9546cff-061d-4240-88ba-492272a92847___GH_HL Leaf 176.2.JPG,healthy,healthy,0.9139,1,0.0084,0.9139,0.0778
data/test/healthy/f96987aa-d19d-415b-a68c-73a07a47d521___RS_HL 9736.JPG,healthy,healthy,0.9998,1,0.0001,0.9998,0.0001
data/test/healthy/fad75ca9-7035-4045-b3d3-475b558d49ba___RS_HL 0010.JPG,healthy,healthy,0.9905,1,0.0070,0.9905,0.0026
data/test/healthy/fb084c48-8c42-43a1-8193-191ba873bd2d___GH_HL Leaf 514.1.JPG,healthy,healthy,0.9965,1,0.0001,0.9965,0.0034
data/test/healthy/fb2c7e00-39a7-4be3-b8d1-b4c42c65e20e___RS_HL 9636.JPG,healthy,healthy,1.0000,1,0.0000,1.0000,0.0000
data/test/healthy/fb73cd43-aa32-4aba-978f-034c9c809c25___RS_HL 9749_final_masked.jpg,healthy,healthy,0.9998,1,0.0001,0.9998,0.0001
data/test/healthy/fc1e8e1c-5939-4ad9-b87e-2cbb77cef418___RS_HL 0536.JPG,healthy,healthy,0.9995,1,0.0004,0.9995,0.0001
data/test/healthy/fc22b565-e97b-454d-8792-fd945d1badc5___RS_HL 9880.JPG,healthy,healthy,0.9999,1,0.0001,0.9999,0.0000
data/test/healthy/fcf52850-1cc7-4b7a-8e89-3c3ec1f4be1d___RS_HL 9766.JPG,healthy,healthy,0.9863,1,0.0118,0.9863,0.0019
data/test/healthy/fcf52850-1cc7-4b7a-8e89-3c3ec1f4be1d___RS_HL 9766_final_masked.jpg,healthy,healthy,0.9997,1,0.0002,0.9997,0.0000
data/test/healthy/fd061d12-644d-4ac5-a0b5-2e88469e506b___GH_HL Leaf 414_final_masked.jpg,healthy,healthy,0.9994,1,0.0002,0.9994,0.0003
data/test/healthy/fd27de23-27cd-4f09-a962-df0b26899b07___RS_HL 0039.JPG,healthy,healthy,0.9999,1,0.0000,0.9999,0.0000
data/test/healthy/fd75c626-bda9-4388-8b29-75d40ea7c6d4___RS_HL 0041.JPG,healthy,healthy,0.9999,1,0.0000,0.9999,0.0000
data/test/healthy/fe0e2d7f-3aee-4c36-8fe1-661b4eacc994___GH_HL Leaf 507.1_final_masked.jpg,healthy,healthy,0.9891,1,0.0026,0.9891,0.0083
data/test/healthy/feda8fd2-1d18-443e-a7d9-15bd6bf8ce66___RS_HL 0332_final_masked.jpg,healthy,healthy,0.9977,1,0.0018,0.9977,0.0005
data/test/healthy/ff354b62-5981-43d1-8cfe-ac58bc20ca20___GH_HL Leaf 221.JPG,healthy,healthy,0.9985,1,0.0010,0.9985,0.0005
data/test/healthy/ff8b36d5-feaf-4d2d-8126-18670a312657___RS_HL 0229.JPG,healthy,healthy,0.9977,1,0.0018,0.9977,0.0005
data/test/healthy/ffb39943-eabb-42cf-ad09-b17019e46d66___RS_HL 9871_final_masked.jpg,healthy,healthy,0.9999,1,0.0001,0.9999,0.0000
data/test/late_blight/005e3b43-9050-47da-9498-f9ecdcc703b3___RS_Late.B 5104.JPG,late_blight,late_blight,0.6078,1,0.1855,0.2066,0.6078
data/test/late_blight/005e3b43-9050-47da-9498-f9ecdcc703b3___RS_Late.B 5104_1.JPG,late_blight,late_blight,0.5940,1,0.4060,0.0000,0.5940
data/test/late_blight/008ebb44-eb77-4843-b621-4b88b5df7d43___RS_Late.B 5188.JPG,late_blight,late_blight,0.5063,1,0.4817,0.0120,0.5063
data/test/late_blight/008ebb44-eb77-4843-b621-4b88b5df7d43___RS_Late.B 5188_1.JPG,late_blight,late_blight,0.9841,1,0.0134,0.0026,0.9841
data/test/late_blight/01425d17-4c97-46e3-b395-c1453b78ab78___GHLB2 Leaf 9100_final_masked.jpg,late_blight,late_blight,0.9938,1,0.0051,0.0011,0.9938
data/test/late_blight/014eee0c-8000-4762-b4b8-63ecc2fadc13___GHLB2ES Leaf 69.1.JPG,late_blight,late_blight,0.9944,1,0.0051,0.0005,0.9944
data/test/late_blight/01527fac-41e4-484c-af41-1ed7bc3b5ce6___RS_Late.B 6134_final_masked.jpg,late_blight,late_blight,0.9245,1,0.0523,0.0232,0.9245
data/test/late_blight/0172b2ff-6f6f-43e1-9a63-ea4bb2bce450___GHLB_PS Leaf 17 Day 9.jpg,late_blight,late_blight,0.7857,1,0.2122,0.0021,0.7857
data/test/late_blight/01a68044-9c5b-4658-a944-6108c6862ce7___GHLB Leaf 2.1 Day 16.JPG,late_blight,late_blight,0.8077,1,0.1923,0.0000,0.8077
data/test/late_blight/01c391d2-1b3a-4b58-b205-a75674bba6e9___GHLB2 Leaf 8824.JPG,late_blight,late_blight,0.9933,1,0.0035,0.0032,0.9933
data/test/late_blight/01cd2d73-c741-45a5-9610-a2cea2266b80___GHLB2 Leaf 121.JPG,late_blight,late_blight,0.9609,1,0.0310,0.0080,0.9609
data/test/late_blight/01d9be0b-c5e7-49db-8cdf-46bd0ef2c6e7___RS_Late.B 7066_final_masked.jpg,late_blight,late_blight,0.9997,1,0.0002,0.0001,0.9997
data/test/late_blight/01ebf21e-ef94-4c92-b007-0b26741c2fc8___GHLB2 Leaf 9075.JPG,late_blight,late_blight,0.6039,1,0.1567,0.2395,0.6039
data/test/late_blight/01ebf21e-ef94-4c92-b007-0b26741c2fc8___GHLB2 Leaf 9075_1.JPG,late_blight,late_blight,0.8927,1,0.1065,0.0008,0.8927
data/test/late_blight/0220afd9-d40e-4b72-8405-78b417c7b8af___GHLB2 Leaf 8987.JPG,late_blight,late_blight,0.9976,1,0.0017,0.0007,0.9976
data/test/late_blight/0220afd9-d40e-4b72-8405-78b417c7b8af___GHLB2 Leaf 8987_final_masked.jpg,late_blight,late_blight,0.9718,1,0.0277,0.0005,0.9718
data/test/late_blight/02effbf1-e958-4531-a19b-f8be754d2805___RS_Late.B 5206.JPG,late_blight,late_blight,0.9254,1,0.0746,0.0000,0.9254
data/test/late_blight/02fe963e-7c68-4fd3-9f8f-36bf9e153c20___GHLB2 Leaf 8581.JPG,late_blight,early_blight,0.6214,0,0.6214,0.0002,0.3783
data/test/late_blight/02fe963e-7c68-4fd3-9f8f-36bf9e153c20___GHLB2 Leaf 8581_final_masked.jpg,late_blight,late_blight,0.6822,1,0.2755,0.0423,0.6822
data/test/late_blight/031ab3ab-02f4-4397-9886-54345461580d___RS_Late.B 6654_final_masked.jpg,late_blight,late_blight,0.9843,1,0.0026,0.0131,0.9843
data/test/late_blight/0334d40b-d880-442f-a7db-e5c85a2e0bed___RS_Late.B 6367.JPG,late_blight,late_blight,0.9998,1,0.0002,0.0000,0.9998
data/test/late_blight/037c55c7-6e33-4b8d-af05-4d555f4e658e___GHLB_PS Leaf 42.1 Day 18.jpg,late_blight,late_blight,0.9782,1,0.0203,0.0016,0.9782
data/test/late_blight/039e5d57-64e2-41de-8ccf-e44598bcedb0___RS_Late.B 6883_final_masked.jpg,late_blight,early_blight,0.9452,0,0.9452,0.0003,0.0545
data/test/late_blight/03a0f11e-9d47-49c4-ba45-773b8aa9f2e1___GHLB2 Leaf 8767_final_masked.jpg,late_blight,late_blight,0.9947,1,0.0037,0.0016,0.9947
data/test/late_blight/03ccfc6a-8142-4f46-8eb5-f7fc77978081___RS_Late.B 4916.JPG,late_blight,late_blight,0.8512,1,0.1484,0.0004,0.8512
data/test/late_blight/03ccfc6a-8142-4f46-8eb5-f7fc77978081___RS_Late.B 4916_final_masked.jpg,late_blight,late_blight,0.9518,1,0.0482,0.0000,0.9518
data/test/late_blight/03e8a2f9-6a7e-43dd-8a1b-3eb7cf99b89b___RS_Late.B 5034_final_masked.jpg,late_blight,early_blight,0.6777,0,0.6777,0.0002,0.3221
data/test/late_blight/03f008be-5b97-4827-a2e2-88136b3c8714___RS_Late.B 6290_final_masked.jpg,late_blight,late_blight,0.9945,1,0.0050,0.0005,0.9945
data/test/late_blight/04540250-4926-47a6-9240-e047a04befc5___GHLB2 Leaf 9019.JPG,late_blight,late_blight,0.9844,1,0.0104,0.0052,0.9844
data/test/late_blight/04d8f472-b6ba-4bf7-82eb-a643937af9aa___GHLB2 Leaf 113.3.JPG,late_blight,late_blight,0.8852,1,0.1146,0.0002,0.8852
data/test/late_blight/04d8f472-b6ba-4bf7-82eb-a643937af9aa___GHLB2 Leaf 113.3_1.JPG,late_blight,late_blight,0.8508,1,0.1489,0.0002,0.8508
data/test/late_blight/04da342d-5952-4f2f-b19c-14cdc7fcb07b___GHLB2 Leaf 8716.JPG,late_blight,late_blight,0.9980,1,0.0019,0.0001,0.9980
data/test/late_blight/050ddb3f-1eb7-4905-8fa3-fc537dc50b7a___GHLB2 Leaf 9042.JPG,late_blight,late_blight,0.9765,1,0.0178,0.0057,0.9765
data/test/late_blight/0524e8c4-56d9-41e2-b22d-33f22950ff93___RS_Late.B 5320.JPG,late_blight,late_blight,0.9987,1,0.0013,0.0000,0.9987
data/test/late_blight/0545d961-8c4c-43ee-9574-e05d7682a99f___GHLB2 Leaf 8631.JPG,late_blight,late_blight,0.9961,1,0.0025,0.0014,0.9961
data/test/late_blight/0545d961-8c4c-43ee-9574-e05d7682a99f___GHLB2 Leaf 8631_final_masked.jpg,late_blight,late_blight,0.9986,1,0.0012,0.0002,0.9986
data/test/late_blight/0566e4e3-675b-4289-9e36-ad199448975b___GHLB2 Leaf 161.2.JPG,late_blight,late_blight,0.9834,1,0.0166,0.0000,0.9834
data/test/late_blight/05a34df9-4fc9-460a-b675-3c4a37cfdf4c___GHLB2 Leaf 8917.JPG,late_blight,late_blight,0.9826,1,0.0119,0.0055,0.9826
data/test/late_blight/05b90bad-941f-499f-a2f6-a88e54c1da85___GHLB2 Leaf 155.2.JPG,late_blight,late_blight,0.9850,1,0.0017,0.0133,0.9850
data/test/late_blight/0605d1be-b99b-408d-bace-e5ba23e72b27___RS_Late.B 5282_final_masked.jpg,late_blight,late_blight,0.8828,1,0.1170,0.0002,0.8828
data/test/late_blight/06412832-90d3-4713-9e82-f2cca52dadc8___GHLB2 Leaf 8734.JPG,late_blight,late_blight,0.9863,1,0.0074,0.0063,0.9863
data/test/late_blight/06471eca-3cac-4cc9-afc3-1841af0ba672___GHLB2 Leaf 8893_final_masked.jpg,late_blight,late_blight,0.9230,1,0.0766,0.0003,0.9230
data/test/late_blight/06913075-dad1-4047-b5a2-74fe680efa3b___RS_Late.B 6048.JPG,late_blight,late_blight,0.9999,1,0.0001,0.0000,0.9999
data/test/late_blight/06913075-dad1-4047-b5a2-74fe680efa3b___RS_Late.B 6048_final_masked.jpg,late_blight,late_blight,0.9950,1,0.0045,0.0006,0.9950
data/test/late_blight/06a7cfd9-0992-4020-8a11-79249d657c0c___GHLB2 Leaf 131.JPG,late_blight,healthy,0.6595,0,0.1103,0.6595,0.2302
data/test/late_blight/06c6a302-ae34-4d38-9e4b-3a6acdd42d91___GHLB2 Leaf 9047_final_masked.jpg,late_blight,late_blight,0.9974,1,0.0022,0.0003,0.9974
data/test/late_blight/06f7c4e6-abd5-4399-9083-ed241a9c4bab___RS_Late.B 5407.JPG,late_blight,late_blight,0.6190,1,0.3732,0.0078,0.6190
data/test/late_blight/0736fe9f-bd15-4a85-ab6e-2b570b10f377___GHLB2 Leaf 64.1.JPG,late_blight,late_blight,0.9345,1,0.0652,0.0003,0.9345
data/test/late_blight/0736fe9f-bd15-4a85-ab6e-2b570b10f377___GHLB2 Leaf 64.1_1.JPG,late_blight,late_blight,0.9750,1,0.0242,0.0008,0.9750
data/test/late_blight/076b2ce4-1c8f-42a6-9f7d-b0be9c0a01cd___RS_Late.B 5108.JPG,late_blight,late_blight,0.9929,1,0.0070,0.0001,0.9929
data/test/late_blight/07897854-c2ab-465b-8cf7-a134b6066a1c___GHLB Leaf 1.1 Day 6.JPG,late_blight,late_blight,0.9415,1,0.0584,0.0001,0.9415
data/test/late_blight/079f7695-a60e-4a35-a1f3-fbe71cf19126___GHLB2 Leaf 8783_final_masked.jpg,late_blight,late_blight,0.9982,1,0.0017,0.0001,0.9982
data/test/late_blight/07d7ad48-0740-4cf5-9a26-91fd9296d6b3___RS_Late.B 5464_final_masked.jpg,late_blight,late_blight,0.8625,1,0.1373,0.0002,0.8625
data/test/late_blight/07eb29e8-112d-4bcb-8b65-aba4b4307f2a___RS_Late.B 6907_final_masked.jpg,late_blight,late_blight,0.9886,1,0.0112,0.0002,0.9886
data/test/late_blight/081d1e25-3f06-46a1-95ef-d10a62faa80f___GHLB2 Leaf 8600.JPG,late_blight,late_blight,0.9999,1,0.0000,0.0001,0.9999
data/test/late_blight/0862d3c1-82db-4f51-9acf-4908a7733600___GHLB2 Leaf 9005.JPG,late_blight,late_blight,0.9977,1,0.0008,0.0015,0.9977
data/test/late_blight/0879b927-2226-455f-9eac-10f5e1f36fdd___RS_Late.B 5331.JPG,late_blight,late_blight,0.7397,1,0.2586,0.0017,0.7397
data/test/late_blight/08816f81-65f4-4372-84e8-d27b67a193d5___GHLB2 Leaf 152.JPG,late_blight,late_blight,0.7645,1,0.2212,0.0143,0.7645
data/test/late_blight/08931b78-a571-41bf-b5b4-6904ffbbe8b7___GHLB Leaf 1.1 Day 12_final_masked.jpg,late_blight,late_blight,0.6544,1,0.3427,0.0029,0.6544
data/test/late_blight/0893ac69-4004-4577-b4aa-496983116208___GHLB2 Leaf 8738.JPG,late_blight,late_blight,0.9992,1,0.0001,0.0006,0.9992
data/test/late_blight/08a723e4-6b51-4395-8013-b1f3f03709b8___GHLB2 Leaf 8967.JPG,late_blight,late_blight,0.9174,1,0.0345,0.0481,0.9174
data/test/late_blight/08f6ed0a-4cd0-4bd3-8983-469002cad2d9___GHLB2 Leaf 9078.JPG,late_blight,late_blight,0.6706,1,0.2287,0.1007,0.6706
data/test/late_blight/08f6ed0a-4cd0-4bd3-8983-469002cad2d9___GHLB2 Leaf 9078_final_masked.jpg,late_blight,late_blight,0.8515,1,0.1474,0.0010,0.8515
data/test/late_blight/0920260a-69be-47bb-bb71-8a2c2cab149b___GHLB2 Leaf 88.1.JPG,late_blight,late_blight,0.9883,1,0.0112,0.0005,0.9883
data/test/late_blight/0931f7e6-8481-4d03-8fe6-d4ae7637142d___RS_Late.B 4917.JPG,late_blight,early_blight,0.7712,0,0.7712,0.0054,0.2233
data/test/late_blight/0931f7e6-8481-4d03-8fe6-d4ae7637142d___RS_Late.B 4917_final_masked.jpg,late_blight,late_blight,0.8044,1,0.1832,0.0124,0.8044
data/test/late_blight/098502fa-e07f-4d89-8279-adf307800887___GHLB2 Leaf 8980.JPG,late_blight,late_blight,0.9974,1,0.0024,0.0001,0.9974
data/test/late_blight/098f19fb-1064-4c96-9498-70adcd29f5ae___GHLB2 Leaf 8973.JPG,late_blight,late_blight,0.9941,1,0.0057,0.0002,0.9941
data/test/late_blight/09cdb8a4-0c20-4acd-b4c8-709fad7010fd___GHLB_PS Leaf 37 Day 16.jpg,late_blight,late_blight,0.9914,1,0.0086,0.0000,0.9914
data/test/late_blight/09d2deda-7403-489f-b723-5ae5e00e2311___GHLB2 Leaf 8756_final_masked.jpg,late_blight,late_blight,0.9798,1,0.0195,0.0007,0.9798
data/test/late_blight/09e2fe63-c535-4986-a697-ed275752dc75___GHLB2 Leaf 9030.JPG,late_blight,late_blight,0.7080,1,0.0337,0.2583,0.7080
data/test/late_blight/0a39aa48-3f94-4696-9e43-ff4a93529dc3___RS_Late.B 5103.JPG,late_blight,late_blight,0.7642,1,0.1642,0.0716,0.7642
data/test/late_blight/0a6203b9-ced0-4934-ae23-4a7d2e2e2fdd___RS_Late.B 6424.JPG,late_blight,late_blight,1.0000,1,0.0000,0.0000,1.0000
data/test/late_blight/0ab172fa-ac7b-4a3e-90c8-0708703eb3bb___RS_Late.B 5572.JPG,late_blight,late_blight,0.5094,1,0.4905,0.0001,0.5094
data/test/late_blight/0ab1cab4-a0c9-4323-9a64-cdafa4342a9b___GHLB2 Leaf 8918.JPG,late_blight,late_blight,0.9996,1,0.0002,0.0003,0.9996
data/test/late_blight/0ab1cab4-a0c9-4323-9a64-cdafa4342a9b___GHLB2 Leaf 8918_final_masked.jpg,late_blight,late_blight,0.9936,1,0.0058,0.0005,0.9936
data/test/late_blight/0b33d7a7-d017-4857-845a-874a004ccd26___RS_Late.B 4970.JPG,late_blight,late_blight,0.9275,1,0.0723,0.0002,0.9275
data/test/late_blight/0b988f87-fdce-40ba-aa09-7e6c9e1d6d30___GHLB_PS Leaf 21 Day 8.jpg,late_blight,late_blight,0.9781,1,0.0134,0.0085,0.9781
data/test/late_blight/0ba7d3d8-5c4c-4365-ba0c-69f61e96a36e___RS_Late.B 5312.JPG,late_blight,late_blight,0.9998,1,0.0001,0.0001,0.9998
data/test/late_blight/0c3153b2-0e64-41b6-902a-66eafbf7cae6___GHLB Leaf 4.1 Day 1.JPG,late_blight,late_blight,0.9047,1,0.0953,0.0000,0.9047
data/test/late_blight/0c47de5b-adbe-479f-8ccf-5b8c530c32f8___RS_Late.B 6312.JPG,late_blight,late_blight,0.6955,1,0.3044,0.0001,0.6955
data/test/late_blight/0ccaeb36-37ff-4328-91c8-99aabd68f442___RS_Late.B 6596.JPG,late_blight,late_blight,0.9992,1,0.0000,0.0008,0.9992
data/test/late_blight/0cdd34fe-e8f2-41a7-b634-475338233f87___GHLB2 Leaf 8801.JPG,late_blight,late_blight,0.9957,1,0.0041,0.0002,0.9957
data/test/late_blight/0d7b0e84-1c99-4699-84ed-ca86aec642e5___GHLB2 Leaf 8652.JPG,late_blight,late_blight,0.9961,1,0.0017,0.0022,0.9961
data/test/late_blight/0d98a9eb-18e7-47e7-9010-196189bae113___RS_Late.B 5047.JPG,late_blight,late_blight,0.5293,1,0.4702,0.0005,0.5293
data/test/late_blight/0da23640-656e-4f03-be14-4b4b36811861___GHLB2 Leaf 9072.JPG,late_blight,late_blight,0.9875,1,0.0124,0.0001,0.9875
data/test/late_blight/0da23640-656e-4f03-be14-4b4b36811861___GHLB2 Leaf 9072_final_masked.jpg,late_blight,late_blight,0.9902,1,0.0090,0.0008,0.9902
data/test/late_blight/0db85707-41f9-42df-ba3b-842d14f00a68___GHLB2 Leaf 8909.JPG,late_blight,late_blight,0.9919,1,0.0023,0.0058,0.9919
data/test/late_blight/0e669afb-1315-4903-b7ca-1a0ffa95d454___RS_Late.B 5626.JPG,late_blight,late_blight,0.8277,1,0.1722,0.0001,0.8277
data/test/late_blight/0ed7d5f6-9394-4ae7-87db-3de58f469263___GHLB2 Leaf 8732_final_masked.jpg,late_blight,late_blight,0.8527,1,0.1467,0.0006,0.8527
data/test/late_blight/0f575c94-5c7d-4058-9e65-9046572f9370___GHLB2 Leaf 8956.JPG,late_blight,late_blight,0.9967,1,0.0032,0.0001,0.9967
data/test/late_blight/0f8887d8-24b4-4f25-bc03-d47421ab47f7___RS_Late.B 4948.JPG,late_blight,late_blight,0.8494,1,0.1490,0.0017,0.8494
data/test/late_blight/0fca6d09-1931-4767-a195-1dd2b7cd10b7___GHLB Leaf 8 Day 12.JPG,late_blight,early_blight,0.6681,0,0.6681,0.0000,0.3319
data/test/late_blight/0fd882fa-471d-4bcc-ab2b-efdfaf904bc3___GHLB2 Leaf 8915_final_masked.jpg,late_blight,late_blight,0.7178,1,0.2820,0.0002,0.7178
data/test/late_blight/10019e40-277e-4d69-8dee-8c034a3752a1___GHLB2ES Leaf 62.JPG,late_blight,late_blight,0.9882,1,0.0109,0.0008,0.9882
data/test/late_blight/10020ad2-c9bc-448b-a2de-7a8d34796f96___GHLB_PS Leaf 2.1 Day 13.jpg,late_blight,late_blight,0.9074,1,0.0892,0.0033,0.9074
data/test/late_blight/10020ad2-c9bc-448b-a2de-7a8d34796f96___GHLB_PS Leaf 2.1 Day 13_final_masked.jpg,late_blight,late_blight,0.9894,1,0.0094,0.0012,0.9894
data/test/late_blight/1058d7d2-1b7d-40cc-ab26-95b2da23198b___RS_Late.B 4964.JPG,late_blight,early_blight,0.5794,0,0.5794,0.0003,0.4203
data/test/late_blight/10f6247e-c3d0-4f3f-92aa-f1da76db8086___RS_Late.B 5147.JPG,late_blight,late_blight,0.6936,1,0.2911,0.0153,0.6936
data/test/late_blight/10f6247e-c3d0-4f3f-92aa-f1da76db8086___RS_Late.B 5147_final_masked.jpg,late_blight,late_blight,0.9963,1,0.0037,0.0000,0.9963
data/test/late_blight/1159051e-1278-4b35-929c-e26b963d048f___GHLB_PS Leaf 8.1 Day 16_final_masked.jpg,late_blight,late_blight,0.9751,1,0.0234,0.0015,0.9751
data/test/late_blight/116c7fc2-8443-40b7-a8c0-9619e3e46f08___GHLB2 Leaf 8797.JPG,late_blight,late_blight,0.9939,1,0.0060,0.0000,0.9939
data/test/late_blight/117a7f38-eaa6-4f88-b892-33e2a66d77d5___RS_Late.B 5129_final_masked.jpg,late_blight,late_blight,0.9496,1,0.0501,0.0003,0.9496
data/test/late_blight/118be78d-e498-427f-8399-add5e8ab1b15___GHLB2 Leaf 149.3_final_masked.jpg,late_blight,late_blight,0.9259,1,0.0696,0.0045,0.9259
data/test/late_blight/123c4b62-8641-4d88-b8cd-1c2e24a6c3a5___GHLB_PS Leaf 26.2 Day 13.jpg,late_blight,late_blight,0.9860,1,0.0132,0.0008,0.9860
data/test/late_blight/126e12d3-3d51-4ba6-861f-e6ed09ee951f___GHLB2 Leaf 9021.JPG,late_blight,late_blight,0.9659,1,0.0155,0.0186,0.9659
data/test/late_blight/126e12d3-3d51-4ba6-861f-e6ed09ee951f___GHLB2 Leaf 9021_1.JPG,late_blight,late_blight,0.9975,1,0.0009,0.0015,0.9975
data/test/late_blight/126e12d3-3d51-4ba6-861f-e6ed09ee951f___GHLB2 Leaf 9021_final_masked.jpg,late_blight,late_blight,0.9254,1,0.0065,0.0680,0.9254
data/test/late_blight/127f2df5-4da2-40ef-ba65-91a732f2498e___GHLB_PS Leaf 40.1 Day 18.jpg,late_blight,late_blight,0.9777,1,0.0218,0.0005,0.9777
data/test/late_blight/127f2df5-4da2-40ef-ba65-91a732f2498e___GHLB_PS Leaf 40.1 Day 18_1.jpg,late_blight,late_blight,0.9876,1,0.0020,0.0104,0.9876
data/test/late_blight/12c80d02-59c6-4db4-a96e-b28c3fdaf3c2___GHLB_PS Leaf 1.2 Day 9.jpg,late_blight,early_blight,0.7068,0,0.7068,0.0017,0.2915
data/test/late_blight/12c80d02-59c6-4db4-a96e-b28c3fdaf3c2___GHLB_PS Leaf 1.2 Day 9_final_masked.jpg,late_blight,early_blight,0.6564,0,0.6564,0.0027,0.3409
data/test/late_blight/1350ac99-ea6a-43a2-8ab5-178219b286ba___GHLB2 Leaf 8673_final_masked.jpg,late_blight,late_blight,0.9651,1,0.0170,0.0179,0.9651
data/test/late_blight/136d79a3-4eea-4415-9f3e-0ccb61d7aeef___RS_Late.B 5216.JPG,late_blight,late_blight,0.9802,1,0.0197,0.0001,0.9802
data/test/late_blight/14113767-0c24-4607-97bc-04dccb35a23c___GHLB2 Leaf 8966_final_masked.jpg,late_blight,late_blight,0.9543,1,0.0157,0.0299,0.9543
data/test/late_blight/142fbb48-886a-4b2b-8a2a-52e548e7e2b7___GHLB2 Leaf 117.3.JPG,late_blight,late_blight,0.9993,1,0.0000,0.0007,0.9993
data/test/late_blight/1449ecb2-0325-49ba-80f1-2040b739fddd___RS_Late.B 7044.JPG,late_blight,late_blight,0.6786,1,0.3198,0.0016,0.6786
data/test/late_blight/14592b7a-517d-4c17-94d1-9c493e8c4ab5___RS_Late.B 6878.JPG,late_blight,late_blight,0.9995,1,0.0005,0.0000,0.9995
data/test/late_blight/149b8460-2bf2-409a-ad61-b8f34d33cd82___RS_Late.B 6826_final_masked.jpg,late_blight,late_blight,0.9828,1,0.0172,0.0001,0.9828
data/test/late_blight/14f55718-8942-41c1-9f1b-f5062aeb0ad8___GHLB2 Leaf 8905.JPG,late_blight,late_blight,0.9939,1,0.0060,0.0001,0.9939
data/test/late_blight/1510bf70-ab9e-43df-b5d9-9b5e4352e66b___GHLB2 Leaf 118.JPG,late_blight,late_blight,0.9986,1,0.0003,0.0012,0.9986
data/test/late_blight/1510bf70-ab9e-43df-b5d9-9b5e4352e66b___GHLB2 Leaf 118_final_masked.jpg,late_blight,late_blight,0.9974,1,0.0007,0.0020,0.9974
data/test/late_blight/15313d25-7420-46aa-a28d-92e4b631233e___GHLB2 Leaf 8698_final_masked.jpg,late_blight,late_blight,0.9960,1,0.0036,0.0004,0.9960
data/test/late_blight/1546f916-115c-42dc-90c7-ff8d53c4273f___RS_Late.B 4836.JPG,late_blight,late_blight,0.4904,1,0.4519,0.0577,0.4904
data/test/late_blight/157250ce-f291-48ec-9d81-184af5400f90___RS_Late.B 6652_final_masked.jpg,late_blight,late_blight,0.9987,1,0.0010,0.0004,0.9987
data/test/late_blight/16257155-3d28-49cd-bb96-c188e946c4ec___RS_Late.B 4935.JPG,late_blight,late_blight,0.7322,1,0.2674,0.0004,0.7322
data/test/late_blight/16613329-813d-4d3d-9f44-e52c0ad72bb0___RS_Late.B 4980.JPG,late_blight,late_blight,0.9634,1,0.0362,0.0004,0.9634
data/test/late_blight/16613329-813d-4d3d-9f44-e52c0ad72bb0___RS_Late.B 4980_final_masked.jpg,late_blight,late_blight,0.8760,1,0.1236,0.0004,0.8760
data/test/late_blight/16b43113-cc8c-4082-a88f-648b79036e49___GHLB_PS Leaf 23.4 Day 13_final_masked.jpg,late_blight,late_blight,0.9535,1,0.0407,0.0058,0.9535
data/test/late_blight/1745208a-82b2-4a82-9791-d812cb016850___GHLB2 Leaf 95.JPG,late_blight,late_blight,0.9410,1,0.0572,0.0018,0.9410
data/test/late_blight/178eb3a0-a4c6-4c2b-8bad-e11d66a76f52___RS_Late.B 4886_final_masked.jpg,late_blight,late_blight,0.9995,1,0.0005,0.0000,0.9995
data/test/late_blight/17948fd9-d37a-4324-b0e1-0b03701682f0___GHLB2 Leaf 8746.JPG,late_blight,late_blight,0.9877,1,0.0120,0.0004,0.9877
data/test/late_blight/17948fd9-d37a-4324-b0e1-0b03701682f0___GHLB2 Leaf 8746_final_masked.jpg,late_blight,late_blight,0.8909,1,0.1076,0.0015,0.8909
data/test/late_blight/17b9f7ec-5126-4d11-8c1b-a679e0fb9e74___GHLB2 Leaf 114.JPG,late_blight,late_blight,0.7883,1,0.2088,0.0029,0.7883
data/test/late_blight/18568211-18d7-453f-84a4-d22e2088ec33___RS_Late.B 5239.JPG,late_blight,late_blight,0.8340,1,0.1658,0.0003,0.8340
data/test/late_blight/18ab423e-c11a-4800-a84b-4598f08560d8___RS_Late.B 6571.JPG,late_blight,late_blight,0.9917,1,0.0082,0.0001,0.9917
data/test/late_blight/18ab423e-c11a-4800-a84b-4598f08560d8___RS_Late.B 6571_final_masked.jpg,late_blight,early_blight,0.5384,0,0.5384,0.0166,0.4450
data/test/late_blight/18cb836c-f351-41e4-933a-fae2feb4b9ad___RS_Late.B 6050.JPG,late_blight,late_blight,0.9999,1,0.0001,0.0000,0.9999
data/test/late_blight/19369d60-553a-416b-9378-84f4a1d203d9___GHLB2 Leaf 9006.JPG,late_blight,late_blight,0.9632,1,0.0234,0.0135,0.9632
data/test/late_blight/19f3e2cd-2900-4043-bb15-31a0098d26b9___RS_Late.B 5197.JPG,late_blight,late_blight,0.9993,1,0.0004,0.0003,0.9993
data/test/late_blight/1a69b38b-c4eb-42c4-9584-bcb14fb8db0c___GHLB2 Leaf 9011.JPG,late_blight,late_blight,0.9854,1,0.0146,0.0000,0.9854
data/test/late_blight/1a9a2cbf-75f3-4dd9-93ef-3d3c58e97d06___GHLB2 Leaf 8666.JPG,late_blight,late_blight,0.9357,1,0.0458,0.0185,0.9357
data/test/late_blight/1a9a2cbf-75f3-4dd9-93ef-3d3c58e97d06___GHLB2 Leaf 8666_1.JPG,late_blight,late_blight,0.9952,1,0.0048,0.0000,0.9952
data/test/late_blight/1aa88c5b-384f-43cf-8046-0d32d26a1133___GHLB Leaf 24 Day 12_final_masked.jpg,late_blight,late_blight,0.9561,1,0.0434,0.0004,0.9561
data/test/late_blight/1ac4f6ea-d2d0-4b94-93f0-788a5e92fe90___GHLB2 Leaf 8707.JPG,late_blight,late_blight,0.9996,1,0.0003,0.0001,0.9996
data/test/late_blight/1af98b62-adaf-43d0-b4eb-83ab3f1ee084___RS_Late.B 4908.JPG,late_blight,late_blight,0.9230,1,0.0756,0.0014,0.9230
data/test/late_blight/1af98b62-adaf-43d0-b4eb-83ab3f1ee084___RS_Late.B 4908_final_masked.jpg,late_blight,healthy,0.5837,0,0.0428,0.5837,0.3735
data/test/late_blight/1b36d656-ee17-43a1-8f47-0d163c69f754___RS_Late.B 5605.JPG,late_blight,late_blight,0.7149,1,0.2851,0.0001,0.7149
data/test/late_blight/1b5ec98a-5be3-408c-8d8c-e3042f68e225___RS_Late.B 5016_final_masked.jpg,late_blight,early_blight,0.8607,0,0.8607,0.0024,0.1369
data/test/late_blight/1c0bc46f-d72f-4826-9cb4-8879d80cac73___GHLB2 Leaf 9012.JPG,late_blight,late_blight,0.9991,1,0.0009,0.0000,0.9991
data/test/late_blight/1c35f7ce-8e8e-4c20-b625-b01f9bf7d0cd___GHLB2 Leaf 111.JPG,late_blight,late_blight,0.6496,1,0.2078,0.1425,0.6496
data/test/late_blight/1c35f7ce-8e8e-4c20-b625-b01f9bf7d0cd___GHLB2 Leaf 111_1.JPG,late_blight,late_blight,0.8726,1,0.1178,0.0096,0.8726
data/test/late_blight/1c5deb80-6bde-4aa4-843e-c69f80b7713a___RS_Late.B 6874.JPG,late_blight,late_blight,0.9976,1,0.0024,0.0000,0.9976
data/test/late_blight/1c74783c-7863-4b1b-bf1a-6b3ef55b34b8___RS_Late.B 7094_final_masked.jpg,late_blight,early_blight,0.7328,0,0.7328,0.0001,0.2671
data/test/late_blight/1c8bf271-8455-42f5-8e9f-8a92418116f9___GHLB2 Leaf 9066_final_masked.jpg,late_blight,late_blight,0.9768,1,0.0230,0.0002,0.9768
data/test/late_blight/1d83eef4-92a0-42a2-9ea7-1ec2e683dbc0___GHLB2 Leaf 8809.JPG,late_blight,late_blight,0.9715,1,0.0027,0.0258,0.9715
data/test/late_blight/1db51a76-0e89-45c6-8f00-9262c1c7732e___GHLB2ES Leaf 139.JPG,late_blight,late_blight,0.8843,1,0.1112,0.0045,0.8843
data/test/late_blight/1e0c01b6-5d75-47ea-b455-c9508882424a___RS_Late.B 6886.JPG,late_blight,late_blight,0.5372,1,0.4622,0.0006,0.5372
data/test/late_blight/1e5ba644-efeb-4bd3-b878-a0606cf8a992___RS_Late.B 6272_final_masked.jpg,late_blight,late_blight,0.9884,1,0.0101,0.0015,0.9884
data/test/late_blight/1ea54b98-1f87-4da7-9bc2-f6460f18b376___RS_Late.B 6713.JPG,late_blight,late_blight,0.8325,1,0.1671,0.0004,0.8325
data/test/late_blight/1eacb98a-d88b-4e86-bbb8-19ec6a4e6c67___GHLB2 Leaf 148.2.JPG,late_blight,late_blight,0.9519,1,0.0021,0.0461,0.9519
data/test/late_blight/1f2dc4ae-5264-443a-a103-67fafb37bc70___GHLB_PS Leaf 26.1 Day 16.jpg,late_blight,late_blight,0.9763,1,0.0236,0.0002,0.9763
data/test/late_blight/1f2dc4ae-5264-443a-a103-67fafb37bc70___GHLB_PS Leaf 26.1 Day 16_1.jpg,late_blight,late_blight,0.9932,1,0.0057,0.0012,0.9932
data/test/late_blight/1f38a263-cfb5-47fe-8c0e-f8d62141f922___GHLB_PS leaf 28 Day 12 .jpg,late_blight,late_blight,0.5373,1,0.4617,0.0010,0.5373
data/test/late_blight/1f38a263-cfb5-47fe-8c0e-f8d62141f922___GHLB_PS leaf 28 Day 12 _final_masked.jpg,late_blight,early_blight,0.8798,0,0.8798,0.0007,0.1196
data/test/late_blight/1f73406a-14e8-4be2-8450-9379d4f9b2b5___GHLB2 Leaf 9062.JPG,late_blight,late_blight,0.9913,1,0.0070,0.0017,0.9913
data/test/late_blight/1f73406a-14e8-4be2-8450-9379d4f9b2b5___GHLB2 Leaf 9062_1.JPG,late_blight,late_blight,0.9982,1,0.0015,0.0003,0.9982
data/test/late_blight/1fa37cd4-066e-4deb-ab99-5fa8dcc4481c___RS_Late.B 5454.JPG,late_blight,early_blight,0.7809,0,0.7809,0.0001,0.2190
data/test/late_blight/1fa37cd4-066e-4deb-ab99-5fa8dcc4481c___RS_Late.B 5454_1.JPG,late_blight,late_blight,0.9973,1,0.0004,0.0023,0.9973
data/test/late_blight/2018ff03-69eb-437f-96e2-f51801042c32___RS_Late.B 6157.JPG,late_blight,late_blight,0.3505,1,0.3356,0.3139,0.3505
data/test/late_blight/2054e9b6-19eb-4066-b384-83e6f6ef2690___GHLB2 Leaf 8565_final_masked.jpg,late_blight,late_blight,0.9838,1,0.0158,0.0004,0.9838
data/test/late_blight/20593434-37e3-490e-b619-cdb3d6515517___GHLB2 Leaf 8688.JPG,late_blight,late_blight,0.9857,1,0.0077,0.0066,0.9857
data/test/late_blight/20593434-37e3-490e-b619-cdb3d6515517___GHLB2 Leaf 8688_final_masked.jpg,late_blight,late_blight,0.9118,1,0.0881,0.0001,0.9118
data/test/late_blight/2077acd5-80d2-421f-8641-308048d44651___GHLB2 Leaf 8678.JPG,late_blight,late_blight,0.9847,1,0.0149,0.0005,0.9847
data/test/late_blight/207dbe65-2d3b-4820-ab49-2a1db65f9bec___RS_Late.B 5485.JPG,late_blight,late_blight,0.8100,1,0.1736,0.0164,0.8100
data/test/late_blight/207dbe65-2d3b-4820-ab49-2a1db65f9bec___RS_Late.B 5485_1.JPG,late_blight,late_blight,0.9852,1,0.0148,0.0000,0.9852
data/test/late_blight/20fe383e-d172-4aee-b76c-d82420e93b0c___RS_Late.B 5519_final_masked.jpg,late_blight,late_blight,0.8986,1,0.0999,0.0015,0.8986
data/test/late_blight/21a75fcc-4cfa-4931-800d-7aefdea77df2___GHLB2 Leaf 8726.JPG,late_blight,late_blight,0.9928,1,0.0070,0.0002,0.9928
data/test/late_blight/2248836f-550a-4183-a2d8-5ff5f87e1800___GHLB2 Leaf 8810.JPG,late_blight,late_blight,0.9758,1,0.0050,0.0192,0.9758
data/test/late_blight/225d8d96-41c1-4a03-b02d-0c1ca8c2017a___RS_Late.B 6795.JPG,late_blight,late_blight,0.6944,1,0.3054,0.0001,0.6944
data/test/late_blight/22686908-57fc-4567-92c4-e736d90744b4___GHLB2 Leaf 8590_final_masked.jpg,late_blight,late_blight,0.9972,1,0.0024,0.0004,0.9972
data/test/late_blight/226a2cf0-d065-492d-93bf-502dae8aca94___RS_Late.B 6417_final_masked.jpg,late_blight,late_blight,0.9896,1,0.0102,0.0002,0.9896
data/test/late_blight/22c36fa3-849f-4918-8790-99a8bda1e527___RS_Late.B 5987.JPG,late_blight,late_blight,0.8744,1,0.1238,0.0018,0.8744
data/test/late_blight/2353e9af-9267-4262-840e-1eb109fff56c___RS_Late.B 5135.JPG,late_blight,late_blight,0.5942,1,0.4040,0.0018,0.5942
data/test/late_blight/24364b4f-3f9f-4166-860d-34a938d3d630___RS_Late.B 4986.JPG,late_blight,late_blight,0.9550,1,0.0450,0.0000,0.9550
data/test/late_blight/24584c68-d48b-4023-86e9-5915aeb6bc0f___RS_Late.B 4928.JPG,late_blight,late_blight,0.9605,1,0.0393,0.0003,0.9605
data/test/late_blight/246cb5c4-d52f-4ba4-a77c-915f5a5c7d2b___GHLB2 Leaf 85.2_final_masked.jpg,late_blight,late_blight,0.6814,1,0.3184,0.0002,0.6814
data/test/late_blight/2485b2a9-a492-4a45-bb4b-bb63edefb7ef___GHLB2 Leaf 9084.JPG,late_blight,healthy,0.6734,0,0.0450,0.6734,0.2816
data/test/late_blight/24c41335-1ad7-4b68-9756-577ed8cf3525___GHLB2 Leaf 144.1.JPG,late_blight,late_blight,0.9823,1,0.0176,0.0001,0.9823
data/test/late_blight/250823af-1631-4050-928d-029101ddc744___RS_Late.B 6197_final_masked.jpg,late_blight,late_blight,0.9819,1,0.0143,0.0038,0.9819
data/test/late_blight/2598e4ba-1e3c-43f7-bb7d-da6164209acf___RS_Late.B 4850.JPG,late_blight,late_blight,0.5562,1,0.4435,0.0003,0.5562
data/test/late_blight/259d42ea-6860-4a01-82e5-2a81c75892b7___RS_Late.B 5112.JPG,late_blight,late_blight,0.9980,1,0.0020,0.0000,0.9980
data/test/late_blight/259d42ea-6860-4a01-82e5-2a81c75892b7___RS_Late.B 5112_1.JPG,late_blight,early_blight,0.7051,0,0.7051,0.0021,0.2928
data/test/late_blight/26480c44-e0f2-4ab7-a6a9-919d532ecfd5___RS_Late.B 5037.JPG,late_blight,late_blight,0.6307,1,0.3692,0.0001,0.6307
data/test/late_blight/26c09416-7271-4262-9ddc-fb741bedce05___GHLB2 Leaf 97.1.JPG,late_blight,late_blight,0.6436,1,0.0263,0.3301,0.6436
data/test/late_blight/26fa9fb7-10fa-496c-9433-e4053ff456da___RS_Late.B 4867.JPG,late_blight,early_blight,0.6967,0,0.6967,0.0000,0.3032
data/test/late_blight/275e6226-c0a6-482d-b382-da22452db846___GHLB2 Leaf 8607.JPG,late_blight,late_blight,0.9753,1,0.0002,0.0245,0.9753
data/test/late_blight/275e6226-c0a6-482d-b382-da22452db846___GHLB2 Leaf 8607_final_masked.jpg,late_blight,late_blight,0.9837,1,0.0074,0.0089,0.9837
data/test/late_blight/2798c7ea-850e-49a7-b304-3114c60c6baf___RS_Late.B 7141.JPG,late_blight,late_blight,0.9524,1,0.0446,0.0030,0.9524
data/test/late_blight/2798c7ea-850e-49a7-b304-3114c60c6baf___RS_Late.B 7141_final_masked.jpg,late_blight,late_blight,0.9880,1,0.0118,0.0002,0.9880
data/test/late_blight/27a3a882-d241-4b46-9606-04e7fcaced25___GHLB2 Leaf 8599.JPG,late_blight,late_blight,0.9999,1,0.0000,0.0001,0.9999
data/test/late_blight/27a3a882-d241-4b46-9606-04e7fcaced25___GHLB2 Leaf 8599_1.JPG,late_blight,late_blight,0.9951,1,0.0047,0.0001,0.9951
data/test/late_blight/27a3a882-d241-4b46-9606-04e7fcaced25___GHLB2 Leaf 8599_final_masked.jpg,late_blight,late_blight,0.9970,1,0.0028,0.0002,0.9970
data/test/late_blight/27ffa018-265a-4ae7-9c3d-66586f28f342___GHLB2 Leaf 9044.JPG,late_blight,late_blight,0.9971,1,0.0021,0.0008,0.9971
data/test/late_blight/280cae12-7330-4202-b5cb-236fc869907c___GHLB2 Leaf 8821.JPG,late_blight,late_blight,0.9922,1,0.0078,0.0000,0.9922
data/test/late_blight/280cae12-7330-4202-b5cb-236fc869907c___GHLB2 Leaf 8821_1.JPG,late_blight,late_blight,0.9991,1,0.0008,0.0000,0.9991
data/test/late_blight/280cae12-7330-4202-b5cb-236fc869907c___GHLB2 Leaf 8821_final_masked.jpg,late_blight,late_blight,0.9965,1,0.0031,0.0004,0.9965
data/test/late_blight/2830b7f1-f265-482b-b0bf-ed5b49d71c99___GHLB2 Leaf 8992.JPG,late_blight,late_blight,0.9989,1,0.0010,0.0001,0.9989
data/test/late_blight/283ff0be-6e5e-4b4e-bf21-639780b77ffc___GHLB2 Leaf 8636.JPG,late_blight,late_blight,0.9994,1,0.0004,0.0002,0.9994
data/test/late_blight/28f782dd-1c8a-439d-9eb6-e55c52ef45bd___RS_Late.B 5447.JPG,late_blight,late_blight,0.9999,1,0.0000,0.0001,0.9999
data/test/late_blight/28f782dd-1c8a-439d-9eb6-e55c52ef45bd___RS_Late.B 5447_final_masked.jpg,late_blight,late_blight,0.9706,1,0.0284,0.0011,0.9706
data/test/late_blight/29587a7b-a64d-4d2e-8fab-d0ec587e8ecd___GHLB2 Leaf 9081.JPG,late_blight,late_blight,0.5810,1,0.2188,0.2002,0.5810
data/test/late_blight/29e924db-ef09-49f2-9db3-e3c548a444d5___GHLB_PS Leaf 17.1 Day 9.jpg,late_blight,late_blight,0.9129,1,0.0863,0.0008,0.9129
data/test/late_blight/29e99d11-44d0-4c6c-8183-c3e7be56ce58___RS_Late.B 7093.JPG,late_blight,early_blight,0.5701,0,0.5701,0.0052,0.4247
data/test/late_blight/29e99d11-44d0-4c6c-8183-c3e7be56ce58___RS_Late.B 7093_final_masked.jpg,late_blight,early_blight,0.7957,0,0.7957,0.0001,0.2041
data/test/late_blight/29eb16c9-e283-46f3-b373-4cfb2cd511d2___GHLB2 Leaf 9055_final_masked.jpg,late_blight,late_blight,0.9776,1,0.0204,0.0020,0.9776
data/test/late_blight/29f85d31-a9c2-404a-b7bc-9a5b9cd7aa88___RS_Late.B 5541.JPG,late_blight,late_blight,0.8883,1,0.1117,0.0000,0.8883
data/test/late_blight/29f85d31-a9c2-404a-b7bc-9a5b9cd7aa88___RS_Late.B 5541_final_masked.jpg,late_blight,late_blight,0.7810,1,0.2189,0.0001,0.7810
data/test/late_blight/2a49b85e-6b7a-4a55-82c3-f596ed09f82d___GHLB2 Leaf 133.1.JPG,late_blight,late_blight,0.8295,1,0.0547,0.1158,0.8295
data/test/late_blight/2a7cceba-5a33-418a-9718-ccd99ba6c4d1___RS_Late.B 6868_final_masked.jpg,late_blight,healthy,0.6401,0,0.1964,0.6401,0.1634
data/test/late_blight/2b3bc2ea-6604-4b73-9e6d-023211f1ebc4___GHLB2 Leaf 112.2_final_masked.jpg,late_blight,late_blight,0.5709,1,0.4248,0.0043,0.5709
data/test/late_blight/2c666dfe-4499-48cf-926c-ecdea7864087___GHLB2 Leaf 8947.JPG,late_blight,late_blight,0.9993,1,0.0002,0.0005,0.9993
data/test/late_blight/2ccd5383-74a3-41d5-9483-110a20ebf247___RS_Late.B 5329.JPG,late_blight,late_blight,0.9871,1,0.0129,0.0000,0.9871
data/test/late_blight/2ccd5383-74a3-41d5-9483-110a20ebf247___RS_Late.B 5329_final_masked.jpg,late_blight,late_blight,0.5278,1,0.4710,0.0012,0.5278
data/test/late_blight/2cf091ac-156c-4e33-a66b-645439d084f3___GHLB2 Leaf 8896.JPG,late_blight,late_blight,0.9906,1,0.0061,0.0033,0.9906
data/test/late_blight/2cf091ac-156c-4e33-a66b-645439d084f3___GHLB2 Leaf 8896_final_masked.jpg,late_blight,late_blight,0.9669,1,0.0281,0.0050,0.9669
data/test/late_blight/2d583f2c-3e59-4c4c-be45-5f367a38af95___GHLB2 Leaf 8724.JPG,late_blight,late_blight,0.9982,1,0.0008,0.0010,0.9982
data/test/late_blight/2d583f2c-3e59-4c4c-be45-5f367a38af95___GHLB2 Leaf 8724_1.JPG,late_blight,late_blight,0.9867,1,0.0044,0.0088,0.9867
data/test/late_blight/2d7fa670-2828-440e-aba2-1f7a843988ea___GHLB2 Leaf 8869.JPG,late_blight,late_blight,0.9949,1,0.0051,0.0000,0.9949
data/test/late_blight/2dab6657-8b94-41ea-b610-74895532efe0___RS_Late.B 5567.JPG,late_blight,late_blight,0.6312,1,0.3688,0.0000,0.6312
data/test/late_blight/2dc5d67b-cfe6-4337-b966-4a499bfad825___GHLB2 Leaf 8761.JPG,late_blight,late_blight,0.9998,1,0.0001,0.0001,0.9998
data/test/late_blight/2e5a8b76-c1d5-432c-bbde-7589e087b120___GHLB2 Leaf 8976.JPG,late_blight,late_blight,0.9963,1,0.0036,0.0001,0.9963
data/test/late_blight/2e62a850-078e-44ce-ac30-6b940479e017___RS_Late.B 6080.JPG,late_blight,healthy,0.4095,0,0.2008,0.4095,0.3896
data/test/late_blight/2e6c4476-c99f-4f05-a1bd-70701326a15d___GHLB2 Leaf 8925.JPG,late_blight,late_blight,0.9480,1,0.0493,0.0027,0.9480
data/test/late_blight/2e6c4476-c99f-4f05-a1bd-70701326a15d___GHLB2 Leaf 8925_final_masked.jpg,late_blight,late_blight,0.9724,1,0.0258,0.0018,0.9724
data/test/late_blight/2e6fd489-d873-4fc6-a908-467765017508___GHLB2 Leaf 151.JPG,late_blight,healthy,0.6438,0,0.0735,0.6438,0.2828
data/test/late_blight/2e86ab04-c41e-4a4b-a674-552176d72ab1___GHLB2 Leaf 100_final_masked.jpg,late_blight,late_blight,0.9932,1,0.0066,0.0002,0.9932
data/test/late_blight/2e8f61d8-0d5d-46e3-a597-ede96855a4fe___RS_Late.B 5352.JPG,late_blight,late_blight,0.9990,1,0.0010,0.0000,0.9990
data/test/late_blight/2e8f61d8-0d5d-46e3-a597-ede96855a4fe___RS_Late.B 5352_1.JPG,late_blight,early_blight,0.6340,0,0.6340,0.0058,0.3602
data/test/late_blight/2ec39ffa-c356-4d31-8153-f2e4bc9a1449___RS_Late.B 5164.JPG,late_blight,late_blight,0.5866,1,0.4111,0.0023,0.5866
data/test/late_blight/2f08688f-f6ea-4772-bfa3-5a995e38988c___GHLB2 Leaf 8827.JPG,late_blight,late_blight,0.9361,1,0.0078,0.0561,0.9361
data/test/late_blight/2f08688f-f6ea-4772-bfa3-5a995e38988c___GHLB2 Leaf 8827_1.JPG,late_blight,late_blight,0.9999,1,0.0000,0.0001,0.9999
data/test/late_blight/2f26c159-70bd-4405-b61e-150aaf779c41___RS_Late.B 4919.JPG,late_blight,late_blight,0.9998,1,0.0002,0.0000,0.9998
data/test/late_blight/2f433332-c89a-482b-993b-37a3a10096e0___GHLB2 Leaf 8616.JPG,late_blight,late_blight,0.9958,1,0.0037,0.0005,0.9958
data/test/late_blight/2f5aefb2-4bdc-4a55-81e3-c19a6982b605___RS_Late.B 4856.JPG,late_blight,late_blight,0.9934,1,0.0066,0.0000,0.9934
data/test/late_blight/2fd3c2fb-ebd9-48f3-810a-8e365c0db1e2___RS_Late.B 5347.JPG,late_blight,early_blight,0.5855,0,0.5855,0.1863,0.2282
data/test/late_blight/31514f29-0b4c-4d5a-bd8b-cb0e1264bf48___RS_Late.B 6087.JPG,late_blight,late_blight,0.9998,1,0.0001,0.0001,0.9998
data/test/late_blight/32482915-ead6-4e0e-8b3e-a14dd3546b0f___GHLB2 Leaf 8595_final_masked.jpg,late_blight,late_blight,0.9960,1,0.0009,0.0031,0.9960
data/test/late_blight/335da0b8-a52f-4a2a-8bce-cf98b53b2596___RS_Late.B 6220_final_masked.jpg,late_blight,late_blight,0.9327,1,0.0668,0.0005,0.9327
data/test/late_blight/33e05db1-0a59-49f4-b4e3-52b52ca31a14___GHLB2 Leaf 155.1.JPG,late_blight,late_blight,0.9708,1,0.0043,0.0249,0.9708
data/test/late_blight/349b160d-6a6a-4b94-bdd3-81b670d13996___GHLB2 Leaf 72.JPG,late_blight,late_blight,0.8647,1,0.1336,0.0018,0.8647
data/test/late_blight/351fea81-8dc9-4d24-9a09-5b92f174d883___GHLB2 Leaf 8604_final_masked.jpg,late_blight,late_blight,0.9814,1,0.0185,0.0001,0.9814
data/test/late_blight/354a2aba-3f4a-4fc4-9598-cdbe291ed167___RS_Late.B 7098.JPG,late_blight,late_blight,0.8368,1,0.1629,0.0003,0.8368
data/test/late_blight/359ad718-024d-4c9e-b871-4144ca25da76___GHLB_PS Leaf 23.1 Day 13.jpg,late_blight,late_blight,0.8379,1,0.1581,0.0040,0.8379
data/test/late_blight/35a4883c-bef7-4465-b136-a7465a0752de___RS_Late.B 5054.JPG,late_blight,late_blight,0.6689,1,0.3307,0.0005,0.6689
data/test/late_blight/35baedd2-975e-4a48-b468-5b7203bab631___GHLB2 Leaf 8936.JPG,late_blight,late_blight,0.9996,1,0.0003,0.0001,0.9996
data/test/late_blight/35bf2b79-f0c4-471c-95ee-2f32df6b8dc6___GHLB2 Leaf 8854.JPG,late_blight,late_blight,0.9967,1,0.0031,0.0002,0.9967
data/test/late_blight/36650fc3-00a3-42b2-b016-8692046c5199___RS_Late.B 5107.JPG,late_blight,late_blight,0.9996,1,0.0003,0.0000,0.9996
data/test/late_blight/36650fc3-00a3-42b2-b016-8692046c5199___RS_Late.B 5107_final_masked.jpg,late_blight,late_blight,0.9991,1,0.0005,0.0004,0.9991
data/test/late_blight/366e33bd-7e1a-45b5-a473-374636bbcf02___GHLB2 Leaf 160.JPG,late_blight,late_blight,0.9953,1,0.0039,0.0008,0.9953
data/test/late_blight/36df35a3-3099-48c0-a9c4-e16c1bcb0573___RS_Late.B 6401.JPG,late_blight,late_blight,0.9976,1,0.0023,0.0001,0.9976
data/test/late_blight/376c3deb-3feb-425b-a6dd-ce0f95b7c763___RS_Late.B 5413.JPG,late_blight,late_blight,0.9761,1,0.0236,0.0003,0.9761
data/test/late_blight/376c3deb-3feb-425b-a6dd-ce0f95b7c763___RS_Late.B 5413_1.JPG,late_blight,late_blight,0.5830,1,0.4168,0.0002,0.5830
data/test/late_blight/379e967d-88c2-422e-9f5f-e4b671fd4511___RS_Late.B 6253_final_masked.jpg,late_blight,late_blight,0.9639,1,0.0260,0.0101,0.9639
data/test/late_blight/37dacc71-848d-43bd-8bb3-85ceafb11f91___GHLB2 Leaf 8605.JPG,late_blight,late_blight,0.9999,1,0.0001,0.0000,0.9999
data/test/late_blight/38121028-f6a2-44f7-be49-5c4b7c296d1e___GHLB2 Leaf 9108.JPG,late_blight,late_blight,0.9764,1,0.0211,0.0025,0.9764
data/test/late_blight/38121028-f6a2-44f7-be49-5c4b7c296d1e___GHLB2 Leaf 9108_final_masked.jpg,late_blight,late_blight,0.9819,1,0.0137,0.0045,0.9819
data/test/late_blight/382cc2c9-3ac9-444d-9638-72ab527ac1b9___RS_Late.B 6711.JPG,late_blight,late_blight,0.9964,1,0.0036,0.0000,0.9964
data/test/late_blight/385e730c-e1f9-4f46-b8b0-42bfa13866d7___RS_Late.B 4965.JPG,late_blight,late_blight,0.7234,1,0.2763,0.0004,0.7234
data/test/late_blight/389ecffc-2ab0-4c7e-9f03-d6d4695d4f6a___RS_Late.B 5117_final_masked.jpg,late_blight,late_blight,0.9176,1,0.0814,0.0009,0.9176
data/test/late_blight/393ffff3-e175-4e03-b049-76a25b1257c7___RS_Late.B 5599.JPG,late_blight,late_blight,0.9563,1,0.0435,0.0002,0.9563
data/test/late_blight/39535fa7-1b38-4828-9294-da1c24aa33ef___RS_Late.B 6901_final_masked.jpg,late_blight,late_blight,0.9210,1,0.0790,0.0000,0.9210
data/test/late_blight/397a3ca2-cc7b-496e-af81-394270be3d61___GHLB2 Leaf 73.1.JPG,late_blight,late_blight,0.9952,1,0.0019,0.0028,0.9952
data/test/late_blight/3a051073-6326-43f1-bd93-a3c69661a87f___GHLB2 Leaf 8655.JPG,late_blight,late_blight,0.9978,1,0.0020,0.0002,0.9978
data/test/late_blight/3a1a6b9e-2a68-421f-adbe-229baf8a6093___GHLB Leaf 2 Day 13.JPG,late_blight,late_blight,0.9446,1,0.0553,0.0001,0.9446
data/test/late_blight/3a1a6b9e-2a68-421f-adbe-229baf8a6093___GHLB Leaf 2 Day 13_final_masked.jpg,late_blight,late_blight,0.9786,1,0.0116,0.0098,0.9786
data/test/late_blight/3a3e6df4-6493-4be6-b652-2b02b4b02d33___GHLB2 Leaf 8921.JPG,late_blight,late_blight,0.9986,1,0.0010,0.0004,0.9986
data/test/late_blight/3a6faf8e-3b27-4498-aca9-45f9e4158a56___GHLB2 Leaf 112.1.JPG,late_blight,late_blight,0.9201,1,0.0776,0.0024,0.9201
data/test/late_blight/3a7b4305-431f-431b-809f-79ae28306b41___GHLB2 Leaf 8965.JPG,late_blight,late_blight,0.9756,1,0.0219,0.0026,0.9756
data/test/late_blight/3ac52b85-d4a3-4958-9e68-399b919cf7b0___GHLB2 Leaf 8638.JPG,late_blight,late_blight,0.9996,1,0.0003,0.0001,0.9996
data/test/late_blight/3ae2b5f3-a42f-49b1-8d27-dcfaaeda602f___GHLB2 Leaf 8840.JPG,late_blight,late_blight,0.5827,1,0.0168,0.4005,0.5827
data/test/late_blight/3b66a8ec-5828-4bd0-9893-9f00ee22d394___RS_Late.B 5535.JPG,late_blight,late_blight,0.5723,1,0.4268,0.0009,0.5723
data/test/late_blight/3b9a0c9e-353a-48c0-9b39-90c4ed35dcb7___RS_Late.B 6289.JPG,late_blight,healthy,0.7379,0,0.0635,0.7379,0.1986
data/test/late_blight/3bc6d2f7-c1ed-4e66-b3de-277aadac6785___GHLB2 Leaf 163.JPG,late_blight,late_blight,0.9987,1,0.0011,0.0003,0.9987
data/test/late_blight/3bc6d2f7-c1ed-4e66-b3de-277aadac6785___GHLB2 Leaf 163_final_masked.jpg,late_blight,late_blight,0.9891,1,0.0044,0.0065,0.9891
data/test/late_blight/3c2f237b-3e91-455f-8064-428b308bc575___RS_Late.B 5291.JPG,late_blight,early_blight,0.7744,0,0.7744,0.0038,0.2218
data/test/late_blight/3c813cf8-6949-4e1f-b812-3530e3ab5c8b___RS_Late.B 4828_final_masked.jpg,late_blight,late_blight,0.9731,1,0.0267,0.0003,0.9731
data/test/late_blight/3d89871d-557a-414e-b726-8f4ba18d30e4___GHLB2 Leaf 8922.JPG,late_blight,late_blight,0.9978,1,0.0019,0.0003,0.9978
data/test/late_blight/3d9cca85-96cf-4186-b863-933bbbbc8075___GHLB2 Leaf 117.4.JPG,late_blight,late_blight,0.9994,1,0.0001,0.0005,0.9994
data/test/late_blight/3db1a347-001b-4170-8f64-4fa097f83bc7___GHLB_PS Leaf 1.2 Day 8.jpg,late_blight,late_blight,0.9015,1,0.0133,0.0853,0.9015
data/test/late_blight/3db1dcda-3180-432a-9b8e-7ba8a0d6be55___GHLB_PS Leaf 28.3 Day 13_final_masked.jpg,late_blight,early_blight,0.5203,0,0.5203,0.0063,0.4734
data/test/late_blight/3dcee9ed-43bb-45a9-8cff-641b3dd62179___RS_Late.B 5324_final_masked.jpg,late_blight,late_blight,0.7397,1,0.2486,0.0117,0.7397
data/test/late_blight/3de17184-cbec-4397-813e-1bbc3bc5cb6a___RS_Late.B 7050.JPG,late_blight,late_blight,0.9994,1,0.0006,0.0000,0.9994
data/test/late_blight/3e1ddc38-64bb-4976-950d-7e228638d70e___GHLB2ES Leaf 65.1.JPG,late_blight,late_blight,0.8112,1,0.1887,0.0001,0.8112
data/test/late_blight/3f5d6de4-0966-4798-b142-78c4fb4097b5___GHLB2 Leaf 8628.JPG,late_blight,late_blight,0.9945,1,0.0048,0.0007,0.9945
data/test/late_blight/3fb24ffc-0f4f-4990-99e9-d8170fc9f6cc___GHLB2 Leaf 131.2.JPG,late_blight,healthy,0.8686,0,0.0127,0.8686,0.1187
data/test/late_blight/3ff48ec1-f9ba-443b-b5f8-89df812e1ad8___RS_Late.B 6034.JPG,late_blight,late_blight,0.9930,1,0.0070,0.0001,0.9930
data/test/late_blight/3ff48ec1-f9ba-443b-b5f8-89df812e1ad8___RS_Late.B 6034_final_masked.jpg,late_blight,late_blight,0.9162,1,0.0835,0.0004,0.9162
data/test/late_blight/40076fd7-8c21-41a4-9bc9-3c1c53e1a865___RS_Late.B 5594.JPG,late_blight,late_blight,0.9905,1,0.0090,0.0006,0.9905
data/test/late_blight/40161a9a-7473-4496-9267-99a451276868___RS_Late.B 5021.JPG,late_blight,late_blight,0.8169,1,0.1831,0.0000,0.8169
data/test/late_blight/407672bf-00e1-4362-acf9-cf10aae32dec___GHLB2 Leaf 8844.JPG,late_blight,late_blight,0.9896,1,0.0104,0.0000,0.9896
data/test/late_blight/40ad58d9-f6ab-4487-a150-e2da47f733f1___GHLB2 Leaf 8665.JPG,late_blight,late_blight,0.9782,1,0.0216,0.0002,0.9782
data/test/late_blight/413905e7-1e22-4f6a-a74f-2346c050a037___GHLB2 Leaf 8763.JPG,late_blight,late_blight,0.9981,1,0.0007,0.0012,0.9981
data/test/late_blight/41474732-acc4-4262-931e-9b719abfb8c3___RS_Late.B 7048_final_masked.jpg,late_blight,early_blight,0.8981,0,0.8981,0.0002,0.1016
data/test/late_blight/418ae1d4-d0b0-4bfa-9fa2-2fe0f6841487___RS_Late.B 7105.JPG,late_blight,early_blight,0.7182,0,0.7182,0.0000,0.2818
data/test/late_blight/418ae33c-5f61-4531-82df-8608d82a7a90___RS_Late.B 5574.JPG,late_blight,late_blight,0.8337,1,0.1663,0.0000,0.8337
data/test/late_blight/41c1d7a7-5d90-4b0a-bd41-565393d422c5___GHLB2 Leaf 108.1.JPG,late_blight,late_blight,0.9841,1,0.0149,0.0010,0.9841
data/test/late_blight/41e1ea20-a4d0-4ef0-9362-b3756c8c06ec___GHLB2 Leaf 8755.JPG,late_blight,late_blight,0.9927,1,0.0066,0.0007,0.9927
data/test/late_blight/41f6fe04-5205-4a08-a2a1-961080b5edef___GHLB2 Leaf 8703.JPG,late_blight,late_blight,0.9997,1,0.0000,0.0003,0.9997
data/test/late_blight/427af7ac-5593-4c8e-9a10-44978c009612___RS_Late.B 5452.JPG,late_blight,late_blight,0.9995,1,0.0005,0.0000,0.9995
data/test/late_blight/42bc64dd-b367-4cc0-b5df-689c1e86705d___RS_Late.B 4906.JPG,late_blight,late_blight,0.7943,1,0.1754,0.0303,0.7943
data/test/late_blight/434242f4-5988-41b8-9ab3-375b76b31766___RS_Late.B 6497_final_masked.jpg,late_blight,late_blight,0.9808,1,0.0190,0.0002,0.9808
data/test/late_blight/43bf836c-132e-493f-b01e-3f1b44d84f47___RS_Late.B 6577.JPG,late_blight,late_blight,0.6479,1,0.2633,0.0888,0.6479
data/test/late_blight/43eb2436-bdba-4f67-8f51-d92c8f040690___GHLB2ES Leaf 141.1.JPG,late_blight,late_blight,0.6594,1,0.3405,0.0001,0.6594
data/test/late_blight/4431e0a9-f61b-4eff-a592-506a6c6606b2___RS_Late.B 7104.JPG,late_blight,late_blight,0.5121,1,0.4872,0.0007,0.5121
data/test/late_blight/4435bd64-52a2-46cf-a319-a13a28571b03___GHLB2 Leaf 157.2.JPG,late_blight,late_blight,0.9782,1,0.0035,0.0182,0.9782
data/test/late_blight/4462526f-af54-4342-8f7d-56f5a6052e9b___GHLB2 Leaf 111.1_final_masked.jpg,late_blight,late_blight,0.9224,1,0.0239,0.0538,0.9224
data/test/late_blight/44673e7b-c880-4853-8816-065724e6c1ec___GHLB2 Leaf 8745_final_masked.jpg,late_blight,late_blight,0.8358,1,0.1617,0.0026,0.8358
data/test/late_blight/44728e89-49f7-435e-b4d9-a64a7a3f2317___RS_Late.B 7116.JPG,late_blight,late_blight,0.6238,1,0.3421,0.0341,0.6238
data/test/late_blight/44c7f2c3-bec1-4f42-b9b6-946c2b92f50e___RS_Late.B 6261.JPG,late_blight,late_blight,0.9956,1,0.0043,0.0001,0.9956
data/test/late_blight/44de5100-871f-495d-b4c6-70ab89059a68___RS_Late.B 7043.JPG,late_blight,healthy,0.7151,0,0.2154,0.7151,0.0694
data/test/late_blight/4505676e-d70e-460e-bac1-ce20d94f3944___GHLB2 Leaf 158.2.JPG,late_blight,late_blight,0.7876,1,0.1997,0.0127,0.7876
data/test/late_blight/45472e0c-7abb-48eb-aab6-8a1b612839eb___GHLB2 Leaf 8962.JPG,late_blight,late_blight,0.9928,1,0.0057,0.0015,0.9928
data/test/late_blight/45472e0c-7abb-48eb-aab6-8a1b612839eb___GHLB2 Leaf 8962_1.JPG,late_blight,late_blight,0.9993,1,0.0006,0.0001,0.9993
data/test/late_blight/45472e0c-7abb-48eb-aab6-8a1b612839eb___GHLB2 Leaf 8962_final_masked.jpg,late_blight,late_blight,0.9974,1,0.0024,0.0001,0.9974
data/test/late_blight/4648b0c8-1c09-4cb9-b0dc-67515432d802___GHLB2ES Leaf 69.3_final_masked.jpg,late_blight,late_blight,0.9808,1,0.0191,0.0001,0.9808
data/test/late_blight/464d50a2-adf7-4a8d-b2e0-4fcb01b02fe6___RS_Late.B 5030_final_masked.jpg,late_blight,early_blight,0.7763,0,0.7763,0.0002,0.2235
data/test/late_blight/464e9931-7a53-4059-b244-0066297f0a8f___GHLB2 Leaf 8841_final_masked.jpg,late_blight,late_blight,0.8609,1,0.1382,0.0008,0.8609
data/test/late_blight/467da834-4482-4233-90d1-03bc4dc60966___RS_Late.B 5136.JPG,late_blight,late_blight,0.9831,1,0.0160,0.0009,0.9831
data/test/late_blight/467da834-4482-4233-90d1-03bc4dc60966___RS_Late.B 5136_1.JPG,late_blight,late_blight,0.6541,1,0.3269,0.0190,0.6541
data/test/late_blight/46aabd9e-80c5-440b-924a-229f146b571c___GHLB2 Leaf 8955.JPG,late_blight,late_blight,0.9954,1,0.0043,0.0004,0.9954
data/test/late_blight/46ac1a7f-6529-4812-9d11-996a288a907b___GHLB2 Leaf 113.4.JPG,late_blight,late_blight,0.9832,1,0.0167,0.0001,0.9832
data/test/late_blight/46e4103f-f240-48cc-ae17-9466fcbec332___RS_Late.B 6650.JPG,late_blight,early_blight,0.5718,0,0.5718,0.0067,0.4215
data/test/late_blight/46edfbcd-876e-4310-bba7-bae2b8fcc773___GHLB2 Leaf 9069.JPG,late_blight,late_blight,0.9960,1,0.0034,0.0006,0.9960
data/test/late_blight/4710d5cd-08f7-44ae-91c1-99204f1c135b___RS_Late.B 6132.JPG,late_blight,late_blight,0.6870,1,0.2961,0.0169,0.6870
data/test/late_blight/475ea338-8e88-4164-b2e3-e8b386df415d___RS_Late.B 6362.JPG,late_blight,late_blight,0.7760,1,0.1961,0.0278,0.7760
data/test/late_blight/47614fe0-26d7-4259-a78b-5b8db71f7eed___RS_Late.B 4976_final_masked.jpg,late_blight,late_blight,0.9882,1,0.0118,0.0001,0.9882
data/test/late_blight/4780302b-3329-4f1f-a697-67698af1d261___RS_Late.B 6319_final_masked.jpg,late_blight,late_blight,0.9991,1,0.0008,0.0001,0.9991
data/test/late_blight/4789c47e-2fcd-4dd5-8a57-818b745c123d___GHLB2 Leaf 8545.JPG,late_blight,late_blight,0.8646,1,0.1341,0.0013,0.8646
data/test/late_blight/47a9ad56-28b2-4aaa-915e-55d04bef03b7___RS_Late.B 5425.JPG,late_blight,late_blight,0.6892,1,0.3105,0.0002,0.6892
data/test/late_blight/48246fa8-29ce-4ae2-abc3-586440295cf0___RS_Late.B 5459.JPG,late_blight,late_blight,0.9977,1,0.0016,0.0007,0.9977
data/test/late_blight/483e8a16-c92f-4f69-a048-54c5f4c3676a___RS_Late.B 6296_final_masked.jpg,late_blight,late_blight,0.9366,1,0.0632,0.0003,0.9366
data/test/late_blight/48f00178-13a0-4565-b09d-57944fe67472___RS_Late.B 5081.JPG,late_blight,late_blight,0.9259,1,0.0741,0.0000,0.9259
data/test/late_blight/48f00178-13a0-4565-b09d-57944fe67472___RS_Late.B 5081_1.JPG,late_blight,late_blight,0.9939,1,0.0061,0.0000,0.9939
data/test/late_blight/491a9294-8f46-4563-9787-6b8b68a9c050___RS_Late.B 6591_final_masked.jpg,late_blight,late_blight,0.9990,1,0.0010,0.0000,0.9990
data/test/late_blight/4a5a39d1-e05e-4ec2-acf7-3987cd04a71e___RS_Late.B 6547.JPG,late_blight,late_blight,1.0000,1,0.0000,0.0000,1.0000
data/test/late_blight/4a6b862b-d42f-42ea-81f5-60480236709a___GHLB2 Leaf 9083.JPG,late_blight,healthy,0.6863,0,0.0412,0.6863,0.2725
data/test/late_blight/4a6b862b-d42f-42ea-81f5-60480236709a___GHLB2 Leaf 9083_1.JPG,late_blight,late_blight,0.9837,1,0.0107,0.0056,0.9837
data/test/late_blight/4ab57bec-a118-4686-a9dd-f6ee3cdd0c55___GHLB2 Leaf 8695.JPG,late_blight,late_blight,0.9998,1,0.0002,0.0001,0.9998
data/test/late_blight/4ae26730-1f0b-4f49-aad5-774f0ed4df35___GHLB2 Leaf 8621.JPG,late_blight,late_blight,0.9933,1,0.0066,0.0000,0.9933
data/test/late_blight/4aeaacd8-ff6e-4d01-86d1-0a51c626cc99___GHLB2 Leaf 8943.JPG,late_blight,late_blight,0.9858,1,0.0138,0.0004,0.9858
data/test/late_blight/4b115bc3-911c-4e98-b948-a6a360f06a87___GHLB_PS Leaf 25 Day 9.jpg,late_blight,late_blight,0.9511,1,0.0486,0.0003,0.9511
data/test/late_blight/4b6307a8-d60b-4e45-a8b4-5e1cd50f2a62___GHLB2 Leaf 8588.JPG,late_blight,late_blight,0.9992,1,0.0000,0.0008,0.9992
data/test/late_blight/4bc2b44a-865c-4006-aa3d-fbd4bd2de695___RS_Late.B 5123.JPG,late_blight,late_blight,0.8912,1,0.1049,0.0038,0.8912
data/test/late_blight/4be05670-885c-4a87-a22a-dfb89f0b15d0___RS_Late.B 6588.JPG,late_blight,late_blight,0.9996,1,0.0003,0.0001,0.9996
data/test/late_blight/4be2e7c4-f539-41c3-975b-a1ff17b516ec___GHLB_PS Leaf 2 Day 8.jpg,late_blight,late_blight,0.9615,1,0.0219,0.0166,0.9615
data/test/late_blight/4be2e7c4-f539-41c3-975b-a1ff17b516ec___GHLB_PS Leaf 2 Day 8_1.jpg,late_blight,late_blight,0.9852,1,0.0122,0.0026,0.9852
data/test/late_blight/4c25c41d-6e73-46e6-bf17-f9571fa80733___RS_Late.B 6077.JPG,late_blight,late_blight,0.9840,1,0.0155,0.0004,0.9840
data/test/late_blight/4c25c41d-6e73-46e6-bf17-f9571fa80733___RS_Late.B 6077_final_masked.jpg,late_blight,late_blight,0.9675,1,0.0289,0.0036,0.9675
data/test/late_blight/4c42cb8f-e57f-48a5-bff2-8a8629d7505b___RS_Late.B 6869.JPG,late_blight,late_blight,0.8102,1,0.1895,0.0003,0.8102
data/test/late_blight/4c74c480-981a-40ef-87e6-06713b9e21db___RS_Late.B 6972_final_masked.jpg,late_blight,late_blight,0.9436,1,0.0560,0.0004,0.9436
data/test/late_blight/4ca113ee-0468-483d-be29-68a27bf60a71___GHLB2 Leaf 8890_final_masked.jpg,late_blight,late_blight,0.7297,1,0.2693,0.0009,0.7297
data/test/late_blight/4cffeba2-15a0-4d56-9429-8dbb0f69c00e___GHLB2 Leaf 158.1.JPG,late_blight,late_blight,0.9075,1,0.0439,0.0486,0.9075
data/test/late_blight/4cffeba2-15a0-4d56-9429-8dbb0f69c00e___GHLB2 Leaf 158.1_1.JPG,late_blight,late_blight,0.6687,1,0.3299,0.0014,0.6687
data/test/late_blight/4cffeba2-15a0-4d56-9429-8dbb0f69c00e___GHLB2 Leaf 158.1_final_masked.jpg,late_blight,late_blight,0.9104,1,0.0894,0.0003,0.9104
data/test/late_blight/4d6314e5-b280-4872-8eb6-cf4632934ae3___GHLB2 Leaf 81.JPG,late_blight,late_blight,0.9997,1,0.0003,0.0000,0.9997
data/test/late_blight/4d8b05f5-930b-426b-bbea-0bd33e8a6c42___RS_Late.B 6830.JPG,late_blight,late_blight,0.9495,1,0.0505,0.0000,0.9495
data/test/late_blight/4d9faab5-238d-42a1-ae87-5e3d0a38a3e2___RS_Late.B 5033.JPG,late_blight,late_blight,0.8055,1,0.1943,0.0003,0.8055
data/test/late_blight/4dbcd899-49fd-4292-9931-d5857b5501df___RS_Late.B 6168.JPG,late_blight,late_blight,0.8830,1,0.1168,0.0002,0.8830
data/test/late_blight/4e1d7a08-a036-474f-8b4c-eef9d7c093fa___RS_Late.B 5043_final_masked.jpg,late_blight,late_blight,0.9981,1,0.0018,0.0001,0.9981
data/test/late_blight/4eecda06-df95-4222-b91f-b92111dd0b38___RS_Late.B 6070_final_masked.jpg,late_blight,late_blight,0.8237,1,0.1515,0.0248,0.8237
data/test/late_blight/4ef693d7-c1e2-4dbc-896d-874b5eb15d13___GHLB2 Leaf 8877.JPG,late_blight,late_blight,0.9864,1,0.0130,0.0006,0.9864
data/test/late_blight/4ef693d7-c1e2-4dbc-896d-874b5eb15d13___GHLB2 Leaf 8877_final_masked.jpg,late_blight,late_blight,0.9855,1,0.0082,0.0063,0.9855
data/test/late_blight/4efe334c-09f2-44ec-b2cf-37dc45c693d2___GHLB2 Leaf 90.1.JPG,late_blight,late_blight,0.8659,1,0.1313,0.0028,0.8659
data/test/late_blight/4efe334c-09f2-44ec-b2cf-37dc45c693d2___GHLB2 Leaf 90.1_final_masked.jpg,late_blight,late_blight,0.5369,1,0.4629,0.0002,0.5369
data/test/late_blight/4f47d31b-0890-49a7-ab33-8b5865cb8843___GHLB2 Leaf 80.JPG,late_blight,late_blight,0.9976,1,0.0000,0.0024,0.9976
data/test/late_blight/4f47d31b-0890-49a7-ab33-8b5865cb8843___GHLB2 Leaf 80_final_masked.jpg,late_blight,late_blight,0.9196,1,0.0157,0.0647,0.9196
data/test/late_blight/4f52cae6-d6f1-4557-987a-eb9318dc574f___RS_Late.B 6439.JPG,late_blight,late_blight,0.9965,1,0.0002,0.0033,0.9965
data/test/late_blight/4fa3fe36-2c59-4860-be94-508954283149___RS_Late.B 5495_final_masked.jpg,late_blight,late_blight,0.9880,1,0.0119,0.0001,0.9880
data/test/late_blight/4fd803b3-c615-4d9e-9bee-54766b05672e___RS_Late.B 5002.JPG,late_blight,late_blight,0.9240,1,0.0578,0.0181,0.9240
data/test/late_blight/4fd803b3-c615-4d9e-9bee-54766b05672e___RS_Late.B 5002_final_masked.jpg,late_blight,late_blight,0.9994,1,0.0006,0.0000,0.9994
data/test/late_blight/5025cbd9-e9e6-4c16-a9c8-b915a5e30f13___RS_Late.B 7009.JPG,late_blight,late_blight,0.9222,1,0.0778,0.0000,0.9222
data/test/late_blight/5025cbd9-e9e6-4c16-a9c8-b915a5e30f13___RS_Late.B 7009_final_masked.jpg,late_blight,early_blight,0.6429,0,0.6429,0.1665,0.1906
data/test/late_blight/507c7851-098d-456f-b7c6-49754caa5ee8___GHLB2 Leaf 9082.JPG,late_blight,healthy,0.4888,0,0.0903,0.4888,0.4209
data/test/late_blight/50d87798-e696-4845-89d8-13de30ebbdcd___GHLB2 Leaf 8818.JPG,late_blight,late_blight,0.9998,1,0.0002,0.0000,0.9998
data/test/late_blight/50d87798-e696-4845-89d8-13de30ebbdcd___GHLB2 Leaf 8818_final_masked.jpg,late_blight,late_blight,0.9937,1,0.0055,0.0008,0.9937
data/test/late_blight/50dd04a3-18a8-4a34-bbba-5e6f851742f5___RS_Late.B 6141.JPG,late_blight,early_blight,0.6174,0,0.6174,0.0000,0.3826
data/test/late_blight/50dd04a3-18a8-4a34-bbba-5e6f851742f5___RS_Late.B 6141_final_masked.jpg,late_blight,early_blight,0.7735,0,0.7735,0.0000,0.2265
data/test/late_blight/517a9ea3-3465-4855-997e-dde30e566ab3___GHLB_PS Leaf 15 Day 7.jpg,late_blight,late_blight,0.9371,1,0.0300,0.0329,0.9371
data/test/late_blight/517a9ea3-3465-4855-997e-dde30e566ab3___GHLB_PS Leaf 15 Day 7_final_masked.jpg,late_blight,late_blight,0.9705,1,0.0106,0.0189,0.9705
data/test/late_blight/51c47d39-74a9-46d4-be22-05b9c5a16eae___RS_Late.B 5557.JPG,late_blight,late_blight,0.7322,1,0.2678,0.0000,0.7322
data/test/late_blight/52451f9c-825f-4907-8ee6-deeb5899d9b5___RS_Late.B 5449.JPG,late_blight,late_blight,0.9992,1,0.0008,0.0000,0.9992
data/test/late_blight/52451f9c-825f-4907-8ee6-deeb5899d9b5___RS_Late.B 5449_final_masked.jpg,late_blight,late_blight,0.9934,1,0.0065,0.0001,0.9934
data/test/late_blight/526e3337-acab-45da-a988-e6aab8a99281___GHLB2 Leaf 9089.JPG,late_blight,late_blight,0.9770,1,0.0190,0.0040,0.9770
data/test/late_blight/526e3337-acab-45da-a988-e6aab8a99281___GHLB2 Leaf 9089_1.JPG,late_blight,late_blight,0.9843,1,0.0000,0.0157,0.9843
data/test/late_blight/52a111ed-9461-478b-91a1-2b5edcd26363___GHLB2 Leaf 8886.JPG,late_blight,late_blight,0.9997,1,0.0002,0.0001,0.9997
data/test/late_blight/532b2c20-d17b-4b3e-a69e-54a6e5343014___GHLB2 Leaf 9004.JPG,late_blight,late_blight,0.7459,1,0.0274,0.2268,0.7459
data/test/late_blight/532b555e-ffd6-4864-abab-50cace76653d___GHLB2 Leaf 164.1.JPG,late_blight,late_blight,0.8510,1,0.0851,0.0639,0.8510
data/test/late_blight/5330d941-df3e-4d0b-bb9a-defe32ff9ce2___RS_Late.B 4920_final_masked.jpg,late_blight,late_blight,0.9374,1,0.0622,0.0004,0.9374
data/test/late_blight/534d2c9b-34ad-4786-b2dd-fd73c8e4d005___GHLB2 Leaf 8852.JPG,late_blight,late_blight,0.8228,1,0.1676,0.0096,0.8228
data/test/late_blight/537465e6-a88a-44d9-aa89-4e3877cee904___RS_Late.B 5433_final_masked.jpg,late_blight,early_blight,0.8110,0,0.8110,0.0003,0.1888
data/test/late_blight/53dfd9b5-4486-48c6-96c7-08cf93e0aff2___GHLB2 Leaf 9022_final_masked.jpg,late_blight,late_blight,0.9965,1,0.0034,0.0000,0.9965
data/test/late_blight/54b808b7-ab47-4ce0-992c-cc02588ec6a9___GHLB2 Leaf 8623_final_masked.jpg,late_blight,late_blight,0.9592,1,0.0396,0.0012,0.9592
data/test/late_blight/54ead8ea-8e27-4c67-b683-7420d5c6ae3e___RS_Late.B 6061.JPG,late_blight,healthy,0.8487,0,0.0828,0.8487,0.0685
data/test/late_blight/54ead8ea-8e27-4c67-b683-7420d5c6ae3e___RS_Late.B 6061_final_masked.jpg,late_blight,late_blight,0.9938,1,0.0062,0.0000,0.9938
data/test/late_blight/54eb17df-c42a-472f-91ec-92784e034115___GHLB2 Leaf 8910.JPG,late_blight,late_blight,0.9901,1,0.0090,0.0009,0.9901
data/test/late_blight/558681eb-ad2c-4c93-a347-c140f7e4517a___GHLB2 Leaf 116.1.JPG,late_blight,late_blight,0.9967,1,0.0028,0.0005,0.9967
data/test/late_blight/55fb99ea-6a7d-41ba-9a04-093194074f34___GHLB2 Leaf 8692.JPG,late_blight,late_blight,0.9906,1,0.0062,0.0031,0.9906
data/test/late_blight/56276ee7-be4e-46a5-a58b-ac12858c136c___RS_Late.B 6227_final_masked.jpg,late_blight,late_blight,0.9832,1,0.0168,0.0000,0.9832
data/test/late_blight/563dc24f-a75e-4bde-8667-135ba74541e6___RS_Late.B 5319.JPG,late_blight,early_blight,0.7228,0,0.7228,0.0067,0.2705
data/test/late_blight/566f6d0f-e441-49a3-a7a1-a3210682b6e7___GHLB2 Leaf 8591.JPG,late_blight,late_blight,0.9997,1,0.0001,0.0002,0.9997
data/test/late_blight/5670dbc5-e0bf-4f73-b8a0-b1f703030195___RS_Late.B 5094.JPG,late_blight,late_blight,0.9357,1,0.0639,0.0004,0.9357
data/test/late_blight/5670dbc5-e0bf-4f73-b8a0-b1f703030195___RS_Late.B 5094_1.JPG,late_blight,late_blight,0.8674,1,0.1210,0.0116,0.8674
data/test/late_blight/5670dbc5-e0bf-4f73-b8a0-b1f703030195___RS_Late.B 5094_final_masked.jpg,late_blight,late_blight,0.8669,1,0.1313,0.0018,0.8669
data/test/late_blight/56c7bdb1-9b7e-40fc-8ec5-97e20770426b___GHLB2 Leaf 8951_final_masked.jpg,late_blight,late_blight,0.9787,1,0.0202,0.0011,0.9787
data/test/late_blight/56fff1a0-e145-4cf8-a2e0-925d9fae1e24___GHLB Leaf 25 Day 12_final_masked.jpg,late_blight,late_blight,0.7948,1,0.0544,0.1508,0.7948
data/test/late_blight/573be558-1fa3-4889-88d6-4c733f4c79d6___GHLB2 Leaf 8598.JPG,late_blight,late_blight,0.9998,1,0.0000,0.0002,0.9998
data/test/late_blight/577ab276-9a57-4b43-ae4f-85f723ed10bc___RS_Late.B 6870_final_masked.jpg,late_blight,early_blight,0.7167,0,0.7167,0.0776,0.2057
data/test/late_blight/57b4f2ba-3537-4505-8d7c-e5a3ae7511d9___RS_Late.B 5122.JPG,late_blight,early_blight,0.7341,0,0.7341,0.0001,0.2659
data/test/late_blight/57c53f65-3137-41d3-9bf7-7ac867f3efe8___RS_Late.B 6255.JPG,late_blight,late_blight,0.9970,1,0.0029,0.0001,0.9970
data/test/late_blight/57e8eac3-bf54-463c-a3d7-6ef04ae0a8dc___GHLB2 Leaf 124.3.JPG,late_blight,late_blight,0.9695,1,0.0300,0.0005,0.9695
data/test/late_blight/5828f9c7-5083-45c3-b3bb-bb202ed1cd53___GHLB2 Leaf 128.1_final_masked.jpg,late_blight,late_blight,0.9865,1,0.0134,0.0001,0.9865
data/test/late_blight/58465768-148b-40c6-8534-e695e9c517d5___GHLB2 Leaf 95.1.JPG,late_blight,late_blight,0.9500,1,0.0393,0.0107,0.9500
data/test/late_blight/58465768-148b-40c6-8534-e695e9c517d5___GHLB2 Leaf 95.1_1.JPG,late_blight,late_blight,0.9616,1,0.0151,0.0233,0.9616
data/test/late_blight/589aa880-2e56-4025-b997-6c495644302a___GHLB Leaf 2.1 Day 6.JPG,late_blight,late_blight,0.7898,1,0.2102,0.0000,0.7898
data/test/late_blight/58c55232-ea2b-4ca9-9893-5f2f610969db___RS_Late.B 5448.JPG,late_blight,early_blight,0.8986,0,0.8986,0.0004,0.1011
data/test/late_blight/58e44a1a-8c19-4a83-834e-c40474a2cd51___GHLB2 Leaf 55.1.JPG,late_blight,late_blight,0.9752,1,0.0237,0.0011,0.9752
data/test/late_blight/5916c8e5-c9d2-4bc5-b5e7-8812caf890aa___GHLB_PS Leaf 29 Day 12.jpg,late_blight,late_blight,0.8951,1,0.1046,0.0003,0.8951
data/test/late_blight/598065c7-92a5-4497-849f-4707afb0c282___RS_Late.B 5419.JPG,late_blight,late_blight,0.6628,1,0.3371,0.0001,0.6628
data/test/late_blight/59cf2a70-1658-4f1d-b35c-dfe02630a28a___GHLB2 Leaf 8938.JPG,late_blight,late_blight,0.9997,1,0.0003,0.0000,0.9997
data/test/late_blight/59cf2a70-1658-4f1d-b35c-dfe02630a28a___GHLB2 Leaf 8938_final_masked.jpg,late_blight,late_blight,0.9864,1,0.0133,0.0004,0.9864
data/test/late_blight/59f2bb8e-e7a1-42b6-8613-f3d4bc11253a___RS_Late.B 6605.JPG,late_blight,late_blight,0.9996,1,0.0000,0.0004,0.9996
data/test/late_blight/5aac391c-87ed-44cd-84f0-a7bf235003fd___RS_Late.B 4842.JPG,late_blight,early_blight,0.5324,0,0.5324,0.0001,0.4676
data/test/late_blight/5b80231f-8012-42bb-97d0-12c48a4a2450___GHLB2 Leaf 8546.JPG,late_blight,late_blight,0.9256,1,0.0739,0.0005,0.9256
data/test/late_blight/5b80231f-8012-42bb-97d0-12c48a4a2450___GHLB2 Leaf 8546_final_masked.jpg,late_blight,late_blight,0.9374,1,0.0557,0.0068,0.9374
data/test/late_blight/5b95aab7-c5be-42e3-afc8-c99f7c1c2c0c___GHLB2 Leaf 8658.JPG,late_blight,late_blight,0.9951,1,0.0041,0.0008,0.9951
data/test/late_blight/5c0dc87a-f671-4085-93c5-1454ee859caf___RS_Late.B 6271.JPG,late_blight,late_blight,0.9305,1,0.0692,0.0003,0.9305
data/test/late_blight/5c0dc87a-f671-4085-93c5-1454ee859caf___RS_Late.B 6271_final_masked.jpg,late_blight,late_blight,0.8849,1,0.1150,0.0001,0.8849
data/test/late_blight/5c25c249-5433-47b9-be00-6cd2d31f48c1___GHLB2 Leaf 8753.JPG,late_blight,late_blight,0.9997,1,0.0002,0.0001,0.9997
data/test/late_blight/5c2e8475-ec0a-4566-af20-a4dedf3dc1c0___GHLB Leaf 2 Day 1_final_masked.jpg,late_blight,healthy,0.5508,0,0.1805,0.5508,0.2686
data/test/late_blight/5c5142ea-6b6b-4ea5-bd9c-b2da28bfadfa___RS_Late.B 5634.JPG,late_blight,late_blight,0.8496,1,0.1503,0.0001,0.8496
data/test/late_blight/5c5142ea-6b6b-4ea5-bd9c-b2da28bfadfa___RS_Late.B 5634_final_masked.jpg,late_blight,late_blight,0.9638,1,0.0360,0.0002,0.9638
data/test/late_blight/5c715755-192c-4d69-8740-e778e4a66618___RS_Late.B 6215.JPG,late_blight,late_blight,0.5460,1,0.4539,0.0002,0.5460
data/test/late_blight/5c715755-192c-4d69-8740-e778e4a66618___RS_Late.B 6215_final_masked.jpg,late_blight,late_blight,0.7167,1,0.2813,0.0020,0.7167
data/test/late_blight/5cfd46ee-eb76-4bdb-83c7-04707116eaed___GHLB2 Leaf 91.1.JPG,late_blight,late_blight,0.8835,1,0.1163,0.0002,0.8835
data/test/late_blight/5cfd46ee-eb76-4bdb-83c7-04707116eaed___GHLB2 Leaf 91.1_1.JPG,late_blight,late_blight,0.9123,1,0.0876,0.0001,0.9123
data/test/late_blight/5cfd46ee-eb76-4bdb-83c7-04707116eaed___GHLB2 Leaf 91.1_final_masked.jpg,late_blight,late_blight,0.9270,1,0.0669,0.0061,0.9270
data/test/late_blight/5de5dfbd-cd1f-4e5f-a263-256abb97b05b___GHLB_PS Leaf 8.1 Day 13.jpg,late_blight,late_blight,0.9817,1,0.0170,0.0013,0.9817
data/test/late_blight/5de5dfbd-cd1f-4e5f-a263-256abb97b05b___GHLB_PS Leaf 8.1 Day 13_final_masked.jpg,late_blight,late_blight,0.9854,1,0.0129,0.0016,0.9854
data/test/late_blight/5df3ce66-bcba-4633-902e-15aaac6a3f94___GHLB2 Leaf 8842_final_masked.jpg,late_blight,late_blight,0.9184,1,0.0810,0.0006,0.9184
data/test/late_blight/5e046b07-5da5-4cfd-a6f1-bb942eeef5f9___RS_Late.B 6216_final_masked.jpg,late_blight,late_blight,0.9625,1,0.0373,0.0001,0.9625
data/test/late_blight/5e7a999e-6617-4c94-8c57-c1b0e1a392b9___RS_Late.B 5636_final_masked.jpg,late_blight,late_blight,0.7432,1,0.2566,0.0002,0.7432
data/test/late_blight/5e8c40ac-42c2-47da-87d4-c136216c6bea___GHLB_PS Leaf 49 Day 18_final_masked.jpg,late_blight,late_blight,0.6529,1,0.0445,0.3026,0.6529
data/test/late_blight/5ee4e525-31bd-415c-9f64-30746c2434d7___RS_Late.B 4883.JPG,late_blight,late_blight,0.9993,1,0.0007,0.0000,0.9993
data/test/late_blight/5eefbe91-fb95-4d86-8954-bea6b3637a9d___RS_Late.B 6444.JPG,late_blight,late_blight,0.5625,1,0.0839,0.3536,0.5625
data/test/late_blight/5f3a7632-91cb-4b5f-a36f-9e31f8daf5d5___GHLB2 Leaf 9056.JPG,late_blight,late_blight,0.9853,1,0.0147,0.0000,0.9853
data/test/late_blight/5f774121-b3b2-46fd-a67c-f4d8caf93e5a___GHLB2ES Leaf 66.1_final_masked.jpg,late_blight,late_blight,0.6374,1,0.3538,0.0088,0.6374
data/test/late_blight/5f866129-ebbd-413b-aa6e-cf149be553e7___RS_Late.B 5390_final_masked.jpg,late_blight,late_blight,0.9849,1,0.0135,0.0017,0.9849
data/test/late_blight/5fc495d5-db9f-4099-8c2e-8fe2dd8f088e___RS_Late.B 6079_final_masked.jpg,late_blight,late_blight,0.9815,1,0.0135,0.0050,0.9815
data/test/late_blight/5fe7a356-5447-4da3-afc8-f93a11250305___GHLB2ES Leaf 67_final_masked.jpg,late_blight,late_blight,0.9934,1,0.0063,0.0004,0.9934
data/test/late_blight/601bb6d6-6959-40d1-b0f4-5f7030172995___GHLB2 Leaf 126.JPG,late_blight,late_blight,0.9864,1,0.0022,0.0114,0.9864
data/test/late_blight/601bb6d6-6959-40d1-b0f4-5f7030172995___GHLB2 Leaf 126_1.JPG,late_blight,healthy,0.8180,0,0.0205,0.8180,0.1616
data/test/late_blight/60bdbf17-c59d-48de-bfc1-a6c0bda17a9e___RS_Late.B 4840_final_masked.jpg,late_blight,late_blight,0.9977,1,0.0023,0.0000,0.9977
data/test/late_blight/61009f0a-e08d-46fb-b03d-270d2323ceff___GHLB Leaf 23.1 Day 12_final_masked.jpg,late_blight,late_blight,0.9181,1,0.0376,0.0443,0.9181
data/test/late_blight/6153ccd5-1c83-493f-a6a6-bf0ec0964aaf___GHLB2 Leaf 9105.JPG,late_blight,late_blight,0.9844,1,0.0151,0.0005,0.9844
data/test/late_blight/62474b8c-4625-4d73-ab6a-5e1d328a9cd4___GHLB2 Leaf 9038.JPG,late_blight,late_blight,0.8515,1,0.0045,0.1441,0.8515
data/test/late_blight/62474b8c-4625-4d73-ab6a-5e1d328a9cd4___GHLB2 Leaf 9038_final_masked.jpg,late_blight,late_blight,0.9956,1,0.0041,0.0003,0.9956
data/test/late_blight/625f3869-3610-4ad5-9630-6e00aa8596fc___RS_Late.B 6204.JPG,late_blight,early_blight,0.5649,0,0.5649,0.0003,0.4348
data/test/late_blight/62ca9559-f079-4bac-864e-9da06a4eb3a2___GHLB2 Leaf 148.1_final_masked.jpg,late_blight,late_blight,0.9612,1,0.0378,0.0010,0.9612
data/test/late_blight/62f69013-1152-47ee-8d37-b8252f4c1328___RS_Late.B 6149_final_masked.jpg,late_blight,late_blight,0.9928,1,0.0068,0.0003,0.9928
data/test/late_blight/634c3515-80da-4144-8cc8-9b8bb29134ec___RS_Late.B 5481.JPG,late_blight,early_blight,0.7726,0,0.7726,0.0000,0.2274
data/test/late_blight/6395653e-67bb-45ae-97cb-9adf19a9ae62___GHLB_PS Leaf 16 Day 8.jpg,late_blight,late_blight,0.9792,1,0.0067,0.0141,0.9792
data/test/late_blight/647fc3ec-00a2-4f1a-ad81-a5ed6ac25420___GHLB2 Leaf 8957.JPG,late_blight,late_blight,0.9987,1,0.0012,0.0001,0.9987
data/test/late_blight/647fc3ec-00a2-4f1a-ad81-a5ed6ac25420___GHLB2 Leaf 8957_final_masked.jpg,late_blight,late_blight,0.9888,1,0.0063,0.0049,0.9888
data/test/late_blight/64a054b2-4375-48ff-aca3-f823d64d831e___RS_Late.B 7123.JPG,late_blight,late_blight,0.5489,1,0.4472,0.0039,0.5489
data/test/late_blight/64e8fe57-b397-413c-a365-1158b9adb6cb___RS_Late.B 5328.JPG,late_blight,late_blight,0.9217,1,0.0783,0.0000,0.9217
data/test/late_blight/64e8fe57-b397-413c-a365-1158b9adb6cb___RS_Late.B 5328_1.JPG,late_blight,late_blight,0.6486,1,0.3014,0.0499,0.6486
data/test/late_blight/64e98151-c3bc-417e-bd40-02aac283e3c0___RS_Late.B 6678.JPG,late_blight,late_blight,0.8752,1,0.1247,0.0001,0.8752
data/test/late_blight/64e98151-c3bc-417e-bd40-02aac283e3c0___RS_Late.B 6678_1.JPG,late_blight,late_blight,0.9978,1,0.0021,0.0000,0.9978
data/test/late_blight/64e98151-c3bc-417e-bd40-02aac283e3c0___RS_Late.B 6678_final_masked.jpg,late_blight,late_blight,0.9953,1,0.0043,0.0004,0.9953
data/test/late_blight/65911337-0263-4cfa-a89d-9acf3f5eb39a___GHLB2 Leaf 8681.JPG,late_blight,late_blight,0.9669,1,0.0311,0.0020,0.9669
data/test/late_blight/65911337-0263-4cfa-a89d-9acf3f5eb39a___GHLB2 Leaf 8681_final_masked.jpg,late_blight,late_blight,0.9889,1,0.0056,0.0055,0.9889
data/test/late_blight/65c6537e-336c-4b5c-b525-bb421800b971___RS_Late.B 5568.JPG,late_blight,late_blight,0.9829,1,0.0171,0.0000,0.9829
data/test/late_blight/666f07e1-b030-4ba4-8111-9a1024763a1b___RS_Late.B 6932.JPG,late_blight,late_blight,0.9994,1,0.0006,0.0000,0.9994
data/test/late_blight/66e527e1-3ac8-4b0d-ae29-e3dfabff5e59___RS_Late.B 5559_final_masked.jpg,late_blight,late_blight,0.6740,1,0.3260,0.0000,0.6740
data/test/late_blight/670337a4-55b1-4312-8644-3545b1fcc06f___GHLB2 Leaf 8902.JPG,late_blight,late_blight,0.9831,1,0.0158,0.0011,0.9831
data/test/late_blight/670616fe-c1a6-41a9-99b2-eb6270d8c299___GHLB_PS Leaf 26.2 Day 16.jpg,late_blight,late_blight,0.9968,1,0.0031,0.0000,0.9968
data/test/late_blight/670616fe-c1a6-41a9-99b2-eb6270d8c299___GHLB_PS Leaf 26.2 Day 16_1.jpg,late_blight,late_blight,0.9803,1,0.0188,0.0009,0.9803
data/test/late_blight/673d1b55-7e61-4a3c-9d2d-edc4307f7a42___GHLB2 Leaf 121.1.JPG,late_blight,late_blight,0.9937,1,0.0000,0.0063,0.9937
data/test/late_blight/674b9176-bd0c-47be-94a3-7c973d2ecdab___GHLB_PS leaf 28.1 Day 12.jpg,late_blight,late_blight,0.7925,1,0.2066,0.0009,0.7925
data/test/late_blight/67a63018-22b8-45c5-8f71-90f7589a6ba5___GHLB2 Leaf 9032.JPG,late_blight,late_blight,0.9991,1,0.0008,0.0001,0.9991
data/test/late_blight/67b4c3a2-6d38-4db4-be3e-7655303ae13c___RS_Late.B 5051.JPG,late_blight,late_blight,0.7179,1,0.2814,0.0007,0.7179
data/test/late_blight/67b4c3a2-6d38-4db4-be3e-7655303ae13c___RS_Late.B 5051_final_masked.jpg,late_blight,late_blight,0.9864,1,0.0136,0.0000,0.9864
data/test/late_blight/695709e4-d869-4003-97eb-b2de21d5d1a5___GHLB2ES Leaf 62.1.JPG,late_blight,late_blight,0.9888,1,0.0112,0.0001,0.9888
data/test/late_blight/695709e4-d869-4003-97eb-b2de21d5d1a5___GHLB2ES Leaf 62.1_1.JPG,late_blight,late_blight,0.9800,1,0.0199,0.0001,0.9800
data/test/late_blight/69c6df3c-ce76-4bac-a4be-d3efee364c10___GHLB2 Leaf 8929_final_masked.jpg,late_blight,late_blight,0.9830,1,0.0152,0.0017,0.9830
data/test/late_blight/6ad57808-1bf1-4273-a7a8-a85d4dabcdf1___RS_Late.B 6243_final_masked.jpg,late_blight,late_blight,0.9857,1,0.0018,0.0125,0.9857
data/test/late_blight/6b68a1c0-31aa-49f9-b69c-55e96bebcc8b___GHLB Leaf 8.2 Day 13.JPG,late_blight,early_blight,0.5362,0,0.5362,0.0000,0.4638
data/test/late_blight/6b68a1c0-31aa-49f9-b69c-55e96bebcc8b___GHLB Leaf 8.2 Day 13_final_masked.jpg,late_blight,late_blight,0.8353,1,0.1642,0.0005,0.8353
data/test/late_blight/6bb72ae0-dc39-4098-bc4e-e09044990c5c___RS_Late.B 4868.JPG,late_blight,late_blight,0.7122,1,0.2874,0.0004,0.7122
data/test/late_blight/6d746e99-e139-42e5-b0be-4c38c0efe6b2___RS_Late.B 5456.JPG,late_blight,late_blight,0.8491,1,0.1507,0.0002,0.8491
data/test/late_blight/6d746e99-e139-42e5-b0be-4c38c0efe6b2___RS_Late.B 5456_1.JPG,late_blight,late_blight,0.9935,1,0.0054,0.0011,0.9935
data/test/late_blight/6d746e99-e139-42e5-b0be-4c38c0efe6b2___RS_Late.B 5456_final_masked.jpg,late_blight,late_blight,0.9704,1,0.0291,0.0005,0.9704
data/test/late_blight/6dbef77b-50b6-4d0f-970a-d86f9df2254e___RS_Late.B 6936.JPG,late_blight,late_blight,0.9986,1,0.0013,0.0000,0.9986
data/test/late_blight/6dbef77b-50b6-4d0f-970a-d86f9df2254e___RS_Late.B 6936_final_masked.jpg,late_blight,late_blight,0.9849,1,0.0130,0.0020,0.9849
data/test/late_blight/6dbfb834-5654-4526-8014-2b33ef976892___RS_Late.B 6172.JPG,late_blight,late_blight,0.7895,1,0.2099,0.0005,0.7895
data/test/late_blight/6dbfb834-5654-4526-8014-2b33ef976892___RS_Late.B 6172_1.JPG,late_blight,early_blight,0.5424,0,0.5424,0.0374,0.4201
data/test/late_blight/6dcf84e4-bfbc-467d-83d8-546c22779f6d___GHLB2 Leaf 76.1.JPG,late_blight,late_blight,0.9966,1,0.0033,0.0001,0.9966
data/test/late_blight/6e45480a-127e-4173-9402-7b724728a139___RS_Late.B 4837.JPG,late_blight,early_blight,0.6767,0,0.6767,0.0661,0.2571
data/test/late_blight/6e594cdd-0b3f-41d2-b056-f03819790e8c___RS_Late.B 5348.JPG,late_blight,early_blight,0.5783,0,0.5783,0.1760,0.2457
data/test/late_blight/6e93da35-363f-42f4-af65-e6eeb1217058___GHLB2 Leaf 8780.JPG,late_blight,late_blight,0.9999,1,0.0001,0.0000,0.9999
data/test/late_blight/6e93da35-363f-42f4-af65-e6eeb1217058___GHLB2 Leaf 8780_final_masked.jpg,late_blight,late_blight,0.9952,1,0.0047,0.0000,0.9952
data/test/late_blight/6ed34168-5646-44ae-8279-1d9ae0f4e962___RS_Late.B 6633.JPG,late_blight,late_blight,0.6778,1,0.3088,0.0134,0.6778
data/test/late_blight/6edd59f3-d87c-4583-a931-0f32a2748a79___RS_Late.B 4922_final_masked.jpg,late_blight,late_blight,0.9552,1,0.0435,0.0013,0.9552
data/test/late_blight/6f52294c-e947-4fdc-b818-60b1d47beb06___RS_Late.B 6231.JPG,late_blight,late_blight,0.9999,1,0.0001,0.0000,0.9999
data/test/late_blight/6f7a49a1-db0e-486f-b836-51827df940df___GHLB2 Leaf 8735.JPG,late_blight,late_blight,0.9636,1,0.0140,0.0224,0.9636
data/test/late_blight/6fcf86a2-e2fd-4a55-bdd4-216d58497f55___RS_Late.B 5064.JPG,late_blight,late_blight,0.9994,1,0.0005,0.0000,0.9994
data/test/late_blight/6fcf86a2-e2fd-4a55-bdd4-216d58497f55___RS_Late.B 5064_1.JPG,late_blight,late_blight,0.9556,1,0.0443,0.0000,0.9556
data/test/late_blight/6fcf86a2-e2fd-4a55-bdd4-216d58497f55___RS_Late.B 5064_final_masked.jpg,late_blight,late_blight,0.9531,1,0.0467,0.0002,0.9531
data/test/late_blight/703b175a-b3e2-4629-9569-9b4caf185589___RS_Late.B 5098.JPG,late_blight,healthy,0.5565,0,0.0490,0.5565,0.3945
data/test/late_blight/704b80c3-ffea-41c4-9f18-e07e56740279___RS_Late.B 6817.JPG,late_blight,late_blight,0.9872,1,0.0128,0.0000,0.9872
data/test/late_blight/70fa3718-7288-47cb-8e13-a16afbec4fe6___GHLB2 Leaf 127_final_masked.jpg,late_blight,late_blight,0.8379,1,0.0140,0.1481,0.8379
data/test/late_blight/712f0702-863c-487b-99b7-8e0c5284b91e___RS_Late.B 6363.JPG,late_blight,late_blight,0.9942,1,0.0007,0.0051,0.9942
data/test/late_blight/71a47848-146e-4cda-ae09-5ff0fe3a0540___GHLB2 Leaf 80.1.JPG,late_blight,late_blight,0.9787,1,0.0208,0.0005,0.9787
data/test/late_blight/71dc2643-35ec-4660-99ba-e2dbb3b82229___GHLB2 Leaf 8983.JPG,late_blight,late_blight,0.9800,1,0.0063,0.0137,0.9800
data/test/late_blight/71fdeb76-d0e0-40a9-8a58-22d88a1c2b2b___GHLB_PS Leaf 34.1 Day 13.jpg,late_blight,late_blight,0.9562,1,0.0420,0.0018,0.9562
data/test/late_blight/71fdeb76-d0e0-40a9-8a58-22d88a1c2b2b___GHLB_PS Leaf 34.1 Day 13_1.jpg,late_blight,late_blight,0.8430,1,0.0128,0.1442,0.8430
data/test/late_blight/728bec30-bf7b-40f0-abb5-cf6a78d018da___GHLB2 Leaf 8817.JPG,late_blight,late_blight,0.9992,1,0.0008,0.0001,0.9992
data/test/late_blight/729bd3cf-64cc-40d3-9cec-5f52e3c3aeb3___RS_Late.B 5630_final_masked.jpg,late_blight,early_blight,0.5661,0,0.5661,0.0008,0.4332
data/test/late_blight/72b670f0-6553-41bd-a619-e4bead34917e___GHLB2 Leaf 109_final_masked.jpg,late_blight,late_blight,0.9732,1,0.0267,0.0001,0.9732
data/test/late_blight/736cd652-e63d-4b01-a3c6-6859bc095fb9___GHLB_PS Leaf 39 Day 16.jpg,late_blight,late_blight,0.9484,1,0.0088,0.0428,0.9484
data/test/late_blight/739d6880-fbff-462a-a06b-5a95b340f706___RS_Late.B 6101.JPG,late_blight,late_blight,0.6851,1,0.3148,0.0001,0.6851
data/test/late_blight/73b30d1f-aa0b-47b0-8a4b-ee856be55431___GHLB2 Leaf 8672.JPG,late_blight,late_blight,0.9944,1,0.0051,0.0005,0.9944
data/test/late_blight/73e493c6-3149-451d-b4e4-39aa10d02113___RS_Late.B 6642.JPG,late_blight,late_blight,0.9965,1,0.0005,0.0030,0.9965
data/test/late_blight/73ef196e-eeb9-4fe6-93fe-d7c5d879c455___GHLB2 Leaf 9027.JPG,late_blight,late_blight,0.9972,1,0.0028,0.0000,0.9972
data/test/late_blight/73ef196e-eeb9-4fe6-93fe-d7c5d879c455___GHLB2 Leaf 9027_final_masked.jpg,late_blight,late_blight,0.9986,1,0.0014,0.0000,0.9986
data/test/late_blight/745086e9-2e07-48e3-809e-7448e14332ef___GHLB2 Leaf 134.2.JPG,late_blight,late_blight,0.7409,1,0.0590,0.2001,0.7409
data/test/late_blight/745086e9-2e07-48e3-809e-7448e14332ef___GHLB2 Leaf 134.2_1.JPG,late_blight,healthy,0.5557,0,0.0039,0.5557,0.4404
data/test/late_blight/747bbf32-921a-4d75-af51-4aa544f70df8___RS_Late.B 5330.JPG,late_blight,late_blight,0.8597,1,0.1394,0.0009,0.8597
data/test/late_blight/747bbf32-921a-4d75-af51-4aa544f70df8___RS_Late.B 5330_final_masked.jpg,late_blight,late_blight,0.6839,1,0.3142,0.0019,0.6839
data/test/late_blight/74e2dac2-ae38-4349-8d26-7e694fdad667___RS_Late.B 5185.JPG,late_blight,late_blight,0.6283,1,0.3356,0.0361,0.6283
data/test/late_blight/7525f169-671f-4ec6-95f2-5bb54b6fd14d___GHLB Leaf 2.4 Day 13.JPG,late_blight,late_blight,0.7213,1,0.2787,0.0000,0.7213
data/test/late_blight/7525f169-671f-4ec6-95f2-5bb54b6fd14d___GHLB Leaf 2.4 Day 13_1.JPG,late_blight,late_blight,0.8013,1,0.1987,0.0000,0.8013
data/test/late_blight/7525f169-671f-4ec6-95f2-5bb54b6fd14d___GHLB Leaf 2.4 Day 13_final_masked.jpg,late_blight,late_blight,0.6891,1,0.2406,0.0703,0.6891
data/test/late_blight/75774583-0a9d-4eb0-8c31-9fe3ef6703f5___RS_Late.B 5569_final_masked.jpg,late_blight,early_blight,0.5948,0,0.5948,0.0005,0.4047
data/test/late_blight/75d24a6f-1c28-4e42-a7e7-8f8c496c22ce___GHLB2 Leaf 8594.JPG,late_blight,late_blight,0.9867,1,0.0023,0.0110,0.9867
data/test/late_blight/7609a2a4-654e-4dad-b3e6-1cb4aab89420___RS_Late.B 5633.JPG,late_blight,late_blight,0.9997,1,0.0003,0.0000,0.9997
data/test/late_blight/766771e1-8e8e-4ce4-9af6-b4ed91c9e80a___RS_Late.B 6881_final_masked.jpg,late_blight,early_blight,0.9638,0,0.9638,0.0002,0.0360
data/test/late_blight/76b25fb0-e2fa-47ef-9b70-19efa3d65a9a___GHLB Leaf 1.4 Day 12.JPG,late_blight,late_blight,0.9297,1,0.0703,0.0000,0.9297
data/test/late_blight/772e3007-0263-45ec-b7f2-fd283d3fcd90___RS_Late.B 5578.JPG,late_blight,early_blight,0.6824,0,0.6824,0.0000,0.3176
data/test/late_blight/772e3007-0263-45ec-b7f2-fd283d3fcd90___RS_Late.B 5578_1.JPG,late_blight,late_blight,0.9972,1,0.0028,0.0000,0.9972
data/test/late_blight/77730acc-705a-4b8f-8e3a-dc70bd348d40___GHLB_PS Leaf 32 Day 13_final_masked.jpg,late_blight,late_blight,0.9412,1,0.0569,0.0019,0.9412
data/test/late_blight/77e0bc13-fdcb-4fff-a3e9-17b5d88224a4___GHLB2 Leaf 59.JPG,late_blight,late_blight,0.9035,1,0.0949,0.0015,0.9035
data/test/late_blight/78122366-5c83-4d3f-97b0-b7135181738b___GHLB Leaf 1 Day 1.JPG,late_blight,early_blight,0.6168,0,0.6168,0.0000,0.3832
data/test/late_blight/781e93a9-2059-42de-8075-658033a6abf7___RS_Late.B 6075.JPG,late_blight,late_blight,0.9058,1,0.0937,0.0004,0.9058
data/test/late_blight/784f6313-1080-4bd1-a556-d4e14e6879d0___GHLB_PS Leaf 53.1 Day 18 .jpg,late_blight,late_blight,0.8564,1,0.1029,0.0407,0.8564
data/test/late_blight/7868d41c-77db-4a0e-90e3-b4a90a17bfdc___RS_Late.B 5401.JPG,late_blight,late_blight,0.9969,1,0.0031,0.0000,0.9969
data/test/late_blight/7872b2c5-2b59-4f28-aab0-f9346486c83a___RS_Late.B 5332.JPG,late_blight,early_blight,0.7602,0,0.7602,0.0010,0.2387
data/test/late_blight/7879051c-bbca-4c32-946d-34cf2a02434d___GHLB2 Leaf 8851.JPG,late_blight,late_blight,0.9304,1,0.0382,0.0314,0.9304
data/test/late_blight/78863d29-72bb-494d-8f05-c5648130283f___GHLB2 Leaf 9112.JPG,late_blight,late_blight,0.9909,1,0.0080,0.0011,0.9909
data/test/late_blight/792a3e5e-d5f8-467d-a266-66834b4b7036___GHLB2 Leaf 129.1.JPG,late_blight,healthy,0.5053,0,0.0316,0.5053,0.4630
data/test/late_blight/7973db5e-9bc6-4573-9173-f0ef7f1d62d6___GHLB Leaf 23.4 Day 18_final_masked.jpg,late_blight,late_blight,0.9909,1,0.0076,0.0015,0.9909
data/test/late_blight/79bc9614-3dc9-49df-b4dd-8fc9a269a7c5___RS_Late.B 5314.JPG,late_blight,late_blight,1.0000,1,0.0000,0.0000,1.0000
data/test/late_blight/7a08fe4d-cb32-4a4e-861e-249e582fb8c8___GHLB2 Leaf 8820.JPG,late_blight,late_blight,0.9848,1,0.0151,0.0001,0.9848
data/test/late_blight/7a31833f-807e-4c54-951f-3c8c1d5b78d7___GHLB2 Leaf 8939.JPG,late_blight,late_blight,0.9990,1,0.0003,0.0007,0.9990
data/test/late_blight/7b343a4c-5fbc-40f6-83da-ccae49ebd5fb___GHLB_PS Leaf 35 Day 13_final_masked.jpg,late_blight,late_blight,0.9054,1,0.0201,0.0745,0.9054
data/test/late_blight/7b8c983a-c159-4f79-86aa-13c8223155fd___RS_Late.B 5156.JPG,late_blight,late_blight,0.9994,1,0.0006,0.0000,0.9994
data/test/late_blight/7c163fda-ae67-4733-8fe3-f59d8ab20a5a___GHLB2 Leaf 8805_final_masked.jpg,late_blight,late_blight,0.9947,1,0.0029,0.0024,0.9947
data/test/late_blight/7c367715-8147-42a2-803a-987828f88d76___GHLB2 Leaf 144.2.JPG,late_blight,late_blight,0.9913,1,0.0085,0.0003,0.9913
data/test/late_blight/7c367715-8147-42a2-803a-987828f88d76___GHLB2 Leaf 144.2_final_masked.jpg,late_blight,late_blight,0.9879,1,0.0049,0.0072,0.9879
data/test/late_blight/7c8a16a8-97a1-4461-9f72-b36e6676fd99___RS_Late.B 4863.JPG,late_blight,late_blight,0.6883,1,0.2726,0.0390,0.6883
data/test/late_blight/7d4d00c0-1e72-427d-9f05-1f64f8051cb8___GHLB_PS Leaf 1 Day 7_final_masked.jpg,late_blight,late_blight,0.9627,1,0.0321,0.0051,0.9627
data/test/late_blight/7d8f07cb-cb5b-4c4a-97f9-224258af8343___GHLB2 Leaf 8791_final_masked.jpg,late_blight,late_blight,0.9957,1,0.0038,0.0005,0.9957
data/test/late_blight/7da77ecf-90a8-4e8a-b84f-6e64f5f2a9f2___GHLB2 Leaf 115.1.JPG,late_blight,late_blight,0.9847,1,0.0151,0.0002,0.9847
data/test/late_blight/7da8f393-2df9-42cc-a864-bc8d7ead2fe4___GHLB2 Leaf 8619.JPG,late_blight,late_blight,0.9658,1,0.0341,0.0002,0.9658
data/test/late_blight/7da8f393-2df9-42cc-a864-bc8d7ead2fe4___GHLB2 Leaf 8619_final_masked.jpg,late_blight,late_blight,0.5419,1,0.4570,0.0011,0.5419
data/test/late_blight/7e10e4ed-19e9-4e89-a936-4b2bb30d4e90___GHLB_PS Leaf 1 Day 13_final_masked.jpg,late_blight,late_blight,0.8157,1,0.0883,0.0959,0.8157
data/test/late_blight/7e322351-379f-4b07-8001-01baf6bf589c___RS_Late.B 7038.JPG,late_blight,late_blight,0.9997,1,0.0002,0.0001,0.9997
data/test/late_blight/7e409fcc-0ff7-4d05-9852-e0f4495db3e8___RS_Late.B 6195.JPG,late_blight,late_blight,0.9936,1,0.0059,0.0005,0.9936
data/test/late_blight/7e77fde0-ab1b-4256-be51-0f6eecf85007___RS_Late.B 6995.JPG,late_blight,late_blight,0.9990,1,0.0010,0.0000,0.9990
data/test/late_blight/7e92fb02-314e-4cad-a30d-e478b216bce4___RS_Late.B 6890.JPG,late_blight,late_blight,0.7274,1,0.2725,0.0001,0.7274
data/test/late_blight/7edf8e92-d212-46f4-843e-0c08bd263f73___GHLB2 Leaf 8944.JPG,late_blight,late_blight,0.9979,1,0.0020,0.0001,0.9979
data/test/late_blight/7ee00267-be66-4b6a-a207-0bf0046d28b6___RS_Late.B 6909.JPG,late_blight,late_blight,0.7099,1,0.2901,0.0000,0.7099
data/test/late_blight/7ee00267-be66-4b6a-a207-0bf0046d28b6___RS_Late.B 6909_final_masked.jpg,late_blight,late_blight,0.9983,1,0.0007,0.0010,0.9983
data/test/late_blight/7f2d44f1-7daa-4b13-9058-18da27dc883d___RS_Late.B 5439_final_masked.jpg,late_blight,late_blight,0.8932,1,0.0954,0.0114,0.8932
data/test/late_blight/7f3e0b01-3bfc-44d2-b04d-b27032115a6c___GHLB2 Leaf 9106_final_masked.jpg,late_blight,late_blight,0.9118,1,0.0873,0.0008,0.9118
data/test/late_blight/7f790574-ac82-4a3e-9a4d-02cd7762dce2___GHLB2 Leaf 8948.JPG,late_blight,late_blight,0.9950,1,0.0025,0.0024,0.9950
data/test/late_blight/7f8ff945-6a8a-470b-aa5f-0b3f5ce87c01___GHLB Leaf 1.2 Day 13_final_masked.jpg,late_blight,late_blight,0.8181,1,0.1771,0.0048,0.8181
data/test/late_blight/7fa16659-42cf-4bac-b0fc-41162212f6a9___GHLB2 Leaf 8620.JPG,late_blight,late_blight,0.9977,1,0.0013,0.0011,0.9977
data/test/late_blight/7fc8f2f2-874c-49d1-935b-06f2d044db8f___RS_Late.B 6451.JPG,late_blight,late_blight,0.8641,1,0.1199,0.0160,0.8641
data/test/late_blight/7fe35989-ae3c-4652-931f-820e2cdb7c96___RS_Late.B 6876.JPG,late_blight,late_blight,0.9997,1,0.0003,0.0000,0.9997
data/test/late_blight/7fe41e8b-a062-4403-97b1-0415e2cf8fc5___RS_Late.B 7055.JPG,late_blight,late_blight,0.9963,1,0.0037,0.0000,0.9963
data/test/late_blight/7fe41e8b-a062-4403-97b1-0415e2cf8fc5___RS_Late.B 7055_final_masked.jpg,late_blight,late_blight,0.9878,1,0.0118,0.0004,0.9878
data/test/late_blight/80310e71-b197-444f-a31f-5f2e431c68bb___GHLB2 Leaf 8897.JPG,late_blight,late_blight,0.9991,1,0.0002,0.0007,0.9991
data/test/late_blight/80380588-3ae5-43e3-8acf-541b53e5d44b___RS_Late.B 6542.JPG,late_blight,late_blight,0.9100,1,0.0622,0.0278,0.9100
data/test/late_blight/804affe6-213e-4bcc-8736-e5034a31e454___GHLB2 Leaf 8659.JPG,late_blight,late_blight,0.9988,1,0.0003,0.0009,0.9988
data/test/late_blight/8061d6e6-8237-4ad3-9270-b6711e3819dd___GHLB2 Leaf 8539.JPG,late_blight,late_blight,0.7863,1,0.2137,0.0000,0.7863
data/test/late_blight/8072e43a-7636-4c22-8641-672077964083___RS_Late.B 6464_final_masked.jpg,late_blight,late_blight,0.9974,1,0.0024,0.0002,0.9974
data/test/late_blight/8080a99f-e35d-4a1f-b26e-e2df8cf79408___RS_Late.B 6183.JPG,late_blight,late_blight,0.9431,1,0.0569,0.0000,0.9431
data/test/late_blight/80b1ebb9-e5e0-48cd-a68a-d43ed57633dd___GHLB2 Leaf 9050.JPG,late_blight,late_blight,0.9956,1,0.0044,0.0000,0.9956
data/test/late_blight/80fc88e3-e4b6-49be-9f10-a364dbf88767___GHLB2ES Leaf 137.jpg,late_blight,late_blight,0.7553,1,0.2420,0.0027,0.7553
data/test/late_blight/81425428-d995-492c-80ba-c28564d8f317___RS_Late.B 6265_final_masked.jpg,late_blight,late_blight,0.9964,1,0.0035,0.0001,0.9964
data/test/late_blight/8168a850-1360-49cf-8ecc-77730cc24ac5___RS_Late.B 4979.JPG,late_blight,healthy,0.6821,0,0.0705,0.6821,0.2474
data/test/late_blight/81b4d72b-4124-45d4-b96a-0ec13ca7f376___GHLB2 Leaf 8989.JPG,late_blight,late_blight,0.9738,1,0.0100,0.0162,0.9738
data/test/late_blight/8217ab61-6b5f-4874-8046-d801d40cff3d___RS_Late.B 6089.JPG,late_blight,late_blight,0.9986,1,0.0012,0.0003,0.9986
data/test/late_blight/8217ab61-6b5f-4874-8046-d801d40cff3d___RS_Late.B 6089_final_masked.jpg,late_blight,late_blight,0.9910,1,0.0088,0.0002,0.9910
data/test/late_blight/8224fe93-c0bc-47e1-8ef4-3572667de662___GHLB2 Leaf 8694_final_masked.jpg,late_blight,late_blight,0.9976,1,0.0017,0.0006,0.9976
data/test/late_blight/82dc2c64-2489-49d7-b199-f8c6a04c1649___RS_Late.B 6282_final_masked.jpg,late_blight,late_blight,0.9785,1,0.0201,0.0014,0.9785
data/test/late_blight/82e462d5-14fb-4530-a8b8-c844d1cc5f43___GHLB2 Leaf 8701.JPG,late_blight,late_blight,0.9867,1,0.0107,0.0026,0.9867
data/test/late_blight/82e462d5-14fb-4530-a8b8-c844d1cc5f43___GHLB2 Leaf 8701_final_masked.jpg,late_blight,late_blight,0.9963,1,0.0030,0.0007,0.9963
data/test/late_blight/8342c931-3c80-48ce-9757-f497c36cf44e___RS_Late.B 6125.JPG,late_blight,late_blight,1.0000,1,0.0000,0.0000,1.0000
data/test/late_blight/8342c931-3c80-48ce-9757-f497c36cf44e___RS_Late.B 6125_final_masked.jpg,late_blight,late_blight,0.9996,1,0.0002,0.0002,0.9996
data/test/late_blight/838c4952-8d91-44b9-905d-96b065683f21___RS_Late.B 6038.JPG,late_blight,late_blight,0.5386,1,0.4567,0.0048,0.5386
data/test/late_blight/83abc50b-0705-4165-a9f3-e67b7ad93bf0___RS_Late.B 6170.JPG,late_blight,late_blight,0.8760,1,0.0947,0.0293,0.8760
data/test/late_blight/84b7d3ab-56ae-4eef-a852-7b32f3ef0160___GHLB2 Leaf 150.JPG,late_blight,late_blight,0.9903,1,0.0074,0.0023,0.9903
data/test/late_blight/853e9c8a-d5b3-4fff-a9a3-f047812aa4a3___RS_Late.B 5240.JPG,late_blight,late_blight,0.8387,1,0.1612,0.0000,0.8387
data/test/late_blight/85550b3b-28a6-4489-ae91-63ea771622ae___RS_Late.B 5539.JPG,late_blight,late_blight,0.9840,1,0.0160,0.0000,0.9840
data/test/late_blight/8662590c-1a1e-450e-97fa-07fb26faf0c1___GHLB2 Leaf 8919.JPG,late_blight,late_blight,0.9983,1,0.0014,0.0002,0.9983
data/test/late_blight/8662590c-1a1e-450e-97fa-07fb26faf0c1___GHLB2 Leaf 8919_1.JPG,late_blight,late_blight,0.9883,1,0.0098,0.0019,0.9883
data/test/late_blight/86992828-48ea-428c-bb7d-0c89365314b9___GHLB_PS Leaf 18.2 Day 8.jpg,late_blight,late_blight,0.6653,1,0.3286,0.0062,0.6653
data/test/late_blight/86a7b7d2-8783-4622-84d7-a4a420ee10ba___RS_Late.B 6546.JPG,late_blight,late_blight,0.4225,1,0.2482,0.3293,0.4225
data/test/late_blight/86a83826-1cb7-458c-8999-91455fb9b4b0___GHLB2 Leaf 96.1.JPG,late_blight,early_blight,0.4320,0,0.4320,0.1384,0.4296
data/test/late_blight/87815762-3104-4c15-96c5-238ecda66998___GHLB2 Leaf 124.2.JPG,late_blight,late_blight,0.9446,1,0.0454,0.0100,0.9446
data/test/late_blight/88a90e6d-c7d6-4ecb-a52f-c9ac596e39ee___GHLB2 Leaf 8648.JPG,late_blight,late_blight,0.9761,1,0.0228,0.0011,0.9761
data/test/late_blight/88a90e6d-c7d6-4ecb-a52f-c9ac596e39ee___GHLB2 Leaf 8648_final_masked.jpg,late_blight,late_blight,0.9718,1,0.0253,0.0029,0.9718
data/test/late_blight/88d1ecf3-e03e-4ddf-9aa4-d9558f1ec2e2___RS_Late.B 7140_final_masked.jpg,late_blight,late_blight,0.9790,1,0.0177,0.0033,0.9790
data/test/late_blight/88e11fb2-9752-4c08-97d6-7392fbcf8a95___RS_Late.B 6176_final_masked.jpg,late_blight,late_blight,0.9931,1,0.0063,0.0006,0.9931
data/test/late_blight/898fbe14-3442-44ae-9638-471ce8efcc2f___GHLB2 Leaf 117.1_final_masked.jpg,late_blight,late_blight,0.9874,1,0.0093,0.0033,0.9874
data/test/late_blight/89a3122f-8ff0-453f-8677-b713ea76dddd___RS_Late.B 5284_final_masked.jpg,late_blight,late_blight,0.9961,1,0.0037,0.0002,0.9961
data/test/late_blight/8b2bb3d4-b5db-4772-8151-2689b7d52846___GHLB_PS Leaf 19.1 Day 8.jpg,late_blight,late_blight,0.9229,1,0.0770,0.0002,0.9229
data/test/late_blight/8b37de5f-4c98-4880-b1a8-a921178959a9___RS_Late.B 6248_final_masked.jpg,late_blight,late_blight,0.9963,1,0.0033,0.0004,0.9963
data/test/late_blight/8b3de207-e6ff-4ac5-8480-f6230bd6b385___RS_Late.B 6506.JPG,late_blight,late_blight,0.9991,1,0.0008,0.0000,0.9991
data/test/late_blight/8bae80d9-576c-4930-8c75-f6df2be339de___RS_Late.B 4912.JPG,late_blight,late_blight,0.5734,1,0.4245,0.0021,0.5734
data/test/late_blight/8bae80d9-576c-4930-8c75-f6df2be339de___RS_Late.B 4912_1.JPG,late_blight,late_blight,0.9980,1,0.0020,0.0000,0.9980
data/test/late_blight/8c428644-bfe0-4f8c-944a-a8de1f318602___GHLB2 Leaf 8705_final_masked.jpg,late_blight,late_blight,0.9988,1,0.0009,0.0002,0.9988
data/test/late_blight/8cb8fc56-d6b5-4032-b5f4-aebe52af18a3___GHLB2 Leaf 8945.JPG,late_blight,late_blight,0.9975,1,0.0025,0.0001,0.9975
data/test/late_blight/8cf817c6-56f4-42b3-93b7-222d88b63b2d___RS_Late.B 4827_final_masked.jpg,late_blight,late_blight,0.5857,1,0.4143,0.0000,0.5857
data/test/late_blight/8d39e8b3-90d8-4533-93a8-fb797fa27a1b___GHLB2 Leaf 8645.JPG,late_blight,late_blight,0.9840,1,0.0151,0.0008,0.9840
data/test/late_blight/8d39e8b3-90d8-4533-93a8-fb797fa27a1b___GHLB2 Leaf 8645_final_masked.jpg,late_blight,late_blight,0.9883,1,0.0097,0.0020,0.9883
data/test/late_blight/8d58aa38-714a-45b6-b36d-fe52ab36aae8___GHLB Leaf 24.1 Day 12.JPG,late_blight,late_blight,0.9042,1,0.0958,0.0000,0.9042
data/test/late_blight/8d5ef81f-1b09-4221-abaa-990bfb2180b9___RS_Late.B 6745_final_masked.jpg,late_blight,late_blight,0.9480,1,0.0520,0.0000,0.9480
data/test/late_blight/8d611dca-11e1-4970-9806-599173ed158d___RS_Late.B 5181_final_masked.jpg,late_blight,late_blight,0.9886,1,0.0105,0.0009,0.9886
data/test/late_blight/8d786c11-5426-4af6-96a0-0c0d9ec804d7___RS_Late.B 5009.JPG,late_blight,late_blight,0.9995,1,0.0004,0.0001,0.9995
data/test/late_blight/8da9d06c-bc6c-45d1-abd5-e864a8293aae___RS_Late.B 4934_final_masked.jpg,late_blight,late_blight,0.9416,1,0.0568,0.0016,0.9416
data/test/late_blight/8daa8725-05a2-4802-a524-9eba96fa89bc___RS_Late.B 6488.JPG,late_blight,late_blight,0.9962,1,0.0036,0.0002,0.9962
data/test/late_blight/8ea73da6-e94c-42bf-8b9c-c8d0a58338c7___RS_Late.B 6724.JPG,late_blight,late_blight,0.9995,1,0.0005,0.0000,0.9995
data/test/late_blight/8edb3824-bc6b-48a6-b659-ae29c9754274___GHLB2 Leaf 103.JPG,late_blight,late_blight,0.9959,1,0.0033,0.0008,0.9959
data/test/late_blight/8edb3824-bc6b-48a6-b659-ae29c9754274___GHLB2 Leaf 103_final_masked.jpg,late_blight,late_blight,0.9551,1,0.0435,0.0014,0.9551
data/test/late_blight/8f0a83b5-357c-4fc3-ba27-58303fa29bde___GHLB2 Leaf 8875.JPG,late_blight,late_blight,0.9984,1,0.0012,0.0004,0.9984
data/test/late_blight/8f268f79-0230-4dfb-a7e9-e68bb506798e___GHLB2 Leaf 8739.JPG,late_blight,late_blight,0.9899,1,0.0021,0.0080,0.9899
data/test/late_blight/8f96e29c-d210-47a7-bdcb-e87821bb66c8___RS_Late.B 6872.JPG,late_blight,late_blight,0.8135,1,0.1865,0.0001,0.8135
data/test/late_blight/8fa2b785-6eba-47c3-aeb3-139ebe284185___RS_Late.B 4954_final_masked.jpg,late_blight,late_blight,0.5414,1,0.4586,0.0000,0.5414
data/test/late_blight/8fa3a59d-3e37-4b30-bdf7-35979c324626___RS_Late.B 4907.JPG,late_blight,early_blight,0.8076,0,0.8076,0.0009,0.1915
data/test/late_blight/8faf866d-77a2-4876-983f-42389db476dc___RS_Late.B 7003.JPG,late_blight,late_blight,0.7614,1,0.2381,0.0004,0.7614
data/test/late_blight/8fb69288-9a9a-429d-96ff-a425e9753cef___RS_Late.B 6913.JPG,late_blight,late_blight,0.8481,1,0.1518,0.0000,0.8481
data/test/late_blight/8fb69288-9a9a-429d-96ff-a425e9753cef___RS_Late.B 6913_final_masked.jpg,late_blight,late_blight,0.9307,1,0.0692,0.0001,0.9307
data/test/late_blight/9029b453-c7c1-4c80-9033-72b650866290___GHLB2 Leaf 160.1.JPG,late_blight,late_blight,0.9940,1,0.0050,0.0010,0.9940
data/test/late_blight/902aed86-4d96-4a9b-9742-f01ae845c22c___GHLB2 Leaf 9037_final_masked.jpg,late_blight,late_blight,0.9628,1,0.0369,0.0004,0.9628
data/test/late_blight/903f6204-3857-495a-9cf3-8e3fbc930115___RS_Late.B 5496_final_masked.jpg,late_blight,late_blight,0.8388,1,0.1595,0.0016,0.8388
data/test/late_blight/90b93808-6b41-4539-9a76-ebe75ba61202___GHLB2 Leaf 155_final_masked.jpg,late_blight,late_blight,0.7575,1,0.2403,0.0023,0.7575
data/test/late_blight/90e52dd6-f8ef-407f-a854-04200696dfe2___RS_Late.B 5375.JPG,late_blight,late_blight,0.6325,1,0.2988,0.0686,0.6325
data/test/late_blight/90eb1ec4-efb0-426e-b84a-1ad097741da9___GHLB Leaf 23 Day 13_final_masked.jpg,late_blight,late_blight,0.9539,1,0.0397,0.0063,0.9539
data/test/late_blight/9125266c-1269-43ff-b813-2052f3d16a9d___GHLB2 Leaf 8536_final_masked.jpg,late_blight,late_blight,0.9790,1,0.0018,0.0192,0.9790
data/test/late_blight/914b2040-5c4b-4943-be32-1c565d9c49ec___GHLB2 Leaf 72.1_final_masked.jpg,late_blight,late_blight,0.5436,1,0.4542,0.0021,0.5436
data/test/late_blight/914e1c39-d7e1-4b6e-83be-254ab705746b___GHLB2 Leaf 101.3_final_masked.jpg,late_blight,late_blight,0.9822,1,0.0058,0.0120,0.9822
data/test/late_blight/9176c69b-991a-4cd0-bfad-9742ad81a8b4___RS_Late.B 4989.JPG,late_blight,late_blight,0.9522,1,0.0478,0.0000,0.9522
data/test/late_blight/918d106d-a453-4c44-80b4-601be91a0896___GHLB2 Leaf 159.1.JPG,late_blight,late_blight,0.9353,1,0.0103,0.0544,0.9353
data/test/late_blight/9191536b-0dd5-4c85-935a-37fdab6e4fab___RS_Late.B 6042.JPG,late_blight,late_blight,0.9998,1,0.0002,0.0001,0.9998
data/test/late_blight/91b7a899-ee48-4bc2-98a9-f6a5fbf01a1d___RS_Late.B 5084.JPG,late_blight,late_blight,0.9027,1,0.0973,0.0001,0.9027
data/test/late_blight/91de14a9-7d76-4975-ad9a-d1f06c99f786___RS_Late.B 6144_final_masked.jpg,late_blight,late_blight,0.9988,1,0.0011,0.0001,0.9988
data/test/late_blight/91f4f56a-b0c8-469f-88a7-47908efa5842___RS_Late.B 5437.JPG,late_blight,late_blight,0.8554,1,0.1445,0.0001,0.8554
data/test/late_blight/920f60f5-6435-427f-a855-5e66552dd8b9___GHLB2 Leaf 9020.JPG,late_blight,late_blight,0.9920,1,0.0067,0.0013,0.9920
data/test/late_blight/928b2917-6b5b-4752-859f-61d6ca57f976___GHLB2 Leaf 9070.JPG,late_blight,late_blight,0.9981,1,0.0019,0.0000,0.9981
data/test/late_blight/92abb825-be04-4ddd-a5d6-68b5c3900ba6___RS_Late.B 7128.JPG,late_blight,late_blight,0.9991,1,0.0009,0.0001,0.9991
data/test/late_blight/933211e0-2013-485a-8a05-25f4dc78c41c___RS_Late.B 6281_final_masked.jpg,late_blight,late_blight,0.9611,1,0.0383,0.0007,0.9611
data/test/late_blight/934cc025-d086-441c-8d0d-71050ab956aa___RS_Late.B 6740_final_masked.jpg,late_blight,late_blight,0.9786,1,0.0212,0.0002,0.9786
data/test/late_blight/93c6117b-d192-4934-be00-8a6870704c78___RS_Late.B 6774.JPG,late_blight,late_blight,0.8526,1,0.0043,0.1430,0.8526
data/test/late_blight/93c6117b-d192-4934-be00-8a6870704c78___RS_Late.B 6774_final_masked.jpg,late_blight,late_blight,0.9815,1,0.0071,0.0114,0.9815
data/test/late_blight/948465b0-be59-406c-a547-94647d4aaae8___RS_Late.B 6167.JPG,late_blight,late_blight,0.9159,1,0.0420,0.0421,0.9159
data/test/late_blight/948465b0-be59-406c-a547-94647d4aaae8___RS_Late.B 6167_final_masked.jpg,late_blight,late_blight,0.5846,1,0.0301,0.3852,0.5846
data/test/late_blight/960137a5-2b52-4349-8c33-cb8b7afed9eb___GHLB2 Leaf 8765.JPG,late_blight,late_blight,0.9987,1,0.0011,0.0002,0.9987
data/test/late_blight/96231bbd-d315-48e1-8631-f318b29cb60d___RS_Late.B 7080.JPG,late_blight,late_blight,0.6931,1,0.3068,0.0000,0.6931
data/test/late_blight/967a0ddf-f5c4-4116-bc2b-18e1032cd8db___GHLB2 Leaf 9094_final_masked.jpg,late_blight,late_blight,0.9682,1,0.0036,0.0282,0.9682
data/test/late_blight/96ce8f49-e1e7-4264-9a3a-4c5075f8561d___GHLB2 Leaf 8622.JPG,late_blight,late_blight,0.9978,1,0.0013,0.0009,0.9978
data/test/late_blight/9718ddc7-7afb-40e4-b94a-bf86c9e0beea___GHLB2 Leaf 8642.JPG,late_blight,late_blight,0.9986,1,0.0014,0.0000,0.9986
data/test/late_blight/9751ae34-d376-465d-9fce-ddb75caf98d2___GHLB2 Leaf 8781.JPG,late_blight,late_blight,0.9999,1,0.0001,0.0000,0.9999
data/test/late_blight/9751ae34-d376-465d-9fce-ddb75caf98d2___GHLB2 Leaf 8781_1.JPG,late_blight,late_blight,0.9880,1,0.0011,0.0109,0.9880
data/test/late_blight/9768e99b-26dd-4295-bac6-a374dc1360be___RS_Late.B 6569.JPG,late_blight,late_blight,0.9961,1,0.0034,0.0005,0.9961
data/test/late_blight/979c7630-3f70-4b8e-80eb-cbcc479e8220___RS_Late.B 5019.JPG,late_blight,late_blight,0.6172,1,0.3806,0.0022,0.6172
data/test/late_blight/979c7630-3f70-4b8e-80eb-cbcc479e8220___RS_Late.B 5019_final_masked.jpg,late_blight,early_blight,0.8638,0,0.8638,0.0036,0.1326
data/test/late_blight/97f6b5cb-a2aa-4846-a306-decda7f1ad73___RS_Late.B 6127.JPG,late_blight,healthy,0.5889,0,0.2425,0.5889,0.1687
data/test/late_blight/98191f19-1c33-45bd-bfe6-b768174460ef___GHLB2 Leaf 8794_final_masked.jpg,late_blight,late_blight,0.9935,1,0.0061,0.0004,0.9935
data/test/late_blight/98ae3801-450e-493f-aca0-014520cfaf6e___GHLB_PS Leaf 29.1 Day 12.jpg,late_blight,late_blight,0.8029,1,0.1834,0.0137,0.8029
data/test/late_blight/98e780fb-2eab-49ab-89c0-6e2b3516a461___GHLB2 Leaf 8610_final_masked.jpg,late_blight,late_blight,0.9844,1,0.0154,0.0002,0.9844
data/test/late_blight/997f68ef-5b78-40e8-a2d2-a91f304cd9c5___RS_Late.B 4944_final_masked.jpg,late_blight,late_blight,0.9995,1,0.0005,0.0000,0.9995
data/test/late_blight/998dafd6-dac5-41f7-84d9-f96c9593dda3___RS_Late.B 7075.JPG,late_blight,late_blight,0.9902,1,0.0095,0.0003,0.9902
data/test/late_blight/9a1a1ad7-f715-40a5-b136-0e0d1618ef60___RS_Late.B 6120_final_masked.jpg,late_blight,late_blight,0.9947,1,0.0034,0.0018,0.9947
data/test/late_blight/9aaf4a7d-12ac-457a-a18c-1f7ea13065de___RS_Late.B 5179.JPG,late_blight,late_blight,0.9997,1,0.0003,0.0000,0.9997
data/test/late_blight/9aaf4a7d-12ac-457a-a18c-1f7ea13065de___RS_Late.B 5179_final_masked.jpg,late_blight,late_blight,0.9996,1,0.0004,0.0000,0.9996
data/test/late_blight/9afc2537-1b13-4c25-b5ed-5b8de511b0ab___GHLB2 Leaf 9033.JPG,late_blight,late_blight,0.9949,1,0.0047,0.0004,0.9949
data/test/late_blight/9b0836db-9e56-4dc2-ba79-2d02907eaee1___GHLB2 Leaf 9048_final_masked.jpg,late_blight,late_blight,0.9980,1,0.0018,0.0002,0.9980
data/test/late_blight/9bb49d22-976d-40c3-bc9a-bff5cbbd8e28___RS_Late.B 5057.JPG,late_blight,late_blight,0.6619,1,0.3275,0.0107,0.6619
data/test/late_blight/9bf7479a-5809-48ad-90f7-f4dd4cb9a82b___RS_Late.B 6902_final_masked.jpg,late_blight,late_blight,0.8540,1,0.1460,0.0000,0.8540
data/test/late_blight/9c2ddeef-9d65-4b77-9b1d-3031d49791db___RS_Late.B 5309.JPG,late_blight,late_blight,0.5834,1,0.3831,0.0335,0.5834
data/test/late_blight/9c726f4e-045b-4080-b53d-d7e66d45bcb1___RS_Late.B 4876_final_masked.jpg,late_blight,late_blight,0.9952,1,0.0046,0.0002,0.9952
data/test/late_blight/9c8ae903-054b-4c55-bce9-5a1752771123___GHLB2 Leaf 8855.JPG,late_blight,late_blight,0.9978,1,0.0022,0.0000,0.9978
data/test/late_blight/9c8ae903-054b-4c55-bce9-5a1752771123___GHLB2 Leaf 8855_1.JPG,late_blight,late_blight,0.9966,1,0.0030,0.0005,0.9966
data/test/late_blight/9d2ecf1a-640b-4427-9092-0ce7c08cb6d0___GHLB2 Leaf 8611.JPG,late_blight,late_blight,0.9988,1,0.0001,0.0011,0.9988
data/test/late_blight/9d2ecf1a-640b-4427-9092-0ce7c08cb6d0___GHLB2 Leaf 8611_final_masked.jpg,late_blight,late_blight,0.9273,1,0.0718,0.0009,0.9273
data/test/late_blight/9d849fe1-407c-44dc-9f48-92fd23d0887d___GHLB2 Leaf 8624.JPG,late_blight,late_blight,0.9990,1,0.0002,0.0007,0.9990
data/test/late_blight/9d849fe1-407c-44dc-9f48-92fd23d0887d___GHLB2 Leaf 8624_final_masked.jpg,late_blight,late_blight,0.9597,1,0.0385,0.0018,0.9597
data/test/late_blight/9ed7a670-72d9-4bb7-adcb-6aeb2eecb5db___GHLB Leaf 23.5 Day 12.JPG,late_blight,late_blight,0.9551,1,0.0449,0.0000,0.9551
data/test/late_blight/9ed83599-49d6-479c-a69b-a133d9aee606___GHLB_PS Leaf 1.3 Day 13.jpg,late_blight,late_blight,0.9485,1,0.0434,0.0081,0.9485
data/test/late_blight/9f79bf03-7797-491c-98c8-e7fd2c49f435___RS_Late.B 5520.JPG,late_blight,late_blight,0.9970,1,0.0010,0.0020,0.9970
data/test/late_blight/a02557d9-976b-4b21-8318-aecef263f90c___GHLB2 Leaf 8649_final_masked.jpg,late_blight,late_blight,0.9798,1,0.0188,0.0014,0.9798
data/test/late_blight/a0616fa9-80fb-497d-8791-a9689aecb27f___GHLB2 Leaf 150.2.JPG,late_blight,late_blight,0.9877,1,0.0077,0.0046,0.9877
data/test/late_blight/a06cd325-69d3-476c-a515-7e836bb39f3a___RS_Late.B 7126.JPG,late_blight,late_blight,0.9995,1,0.0005,0.0000,0.9995
data/test/late_blight/a06cd325-69d3-476c-a515-7e836bb39f3a___RS_Late.B 7126_final_masked.jpg,late_blight,late_blight,0.8270,1,0.1729,0.0002,0.8270
data/test/late_blight/a07f7609-5248-4cbc-a277-5d962e1d0dd1___GHLB2 Leaf 148.4.JPG,late_blight,late_blight,0.9621,1,0.0238,0.0141,0.9621
data/test/late_blight/a0cdaa93-f328-466d-9722-57a29c53e18b___RS_Late.B 7006.JPG,late_blight,late_blight,0.6209,1,0.3703,0.0088,0.6209
data/test/late_blight/a131e222-7e0f-4cb8-8527-4742e446372e___GHLB2 Leaf 8811.JPG,late_blight,late_blight,0.8742,1,0.0142,0.1115,0.8742
data/test/late_blight/a1df42a3-9ea0-491b-a075-14b6ae8068dd___GHLB2 Leaf 8664_final_masked.jpg,late_blight,late_blight,0.9972,1,0.0026,0.0002,0.9972
data/test/late_blight/a202fc9d-50ed-43eb-9a75-348348549924___GHLB2 Leaf 8736.JPG,late_blight,late_blight,0.9764,1,0.0049,0.0187,0.9764
data/test/late_blight/a20b95be-e0c6-4cd4-b8ec-fa955d9eb01d___GHLB2 Leaf 9045.JPG,late_blight,late_blight,0.9670,1,0.0050,0.0281,0.9670
data/test/late_blight/a3bc64bb-72e4-421b-8233-04ca788f6fe3___RS_Late.B 5450.JPG,late_blight,late_blight,0.9501,1,0.0497,0.0002,0.9501
data/test/late_blight/a3bc64bb-72e4-421b-8233-04ca788f6fe3___RS_Late.B 5450_1.JPG,late_blight,late_blight,0.9978,1,0.0021,0.0001,0.9978
data/test/late_blight/a3deb552-d098-4b15-992a-d6f2fc49ae4c___GHLB2 Leaf 109.1.JPG,late_blight,late_blight,0.9611,1,0.0388,0.0002,0.9611
data/test/late_blight/a4a85f99-e178-4f06-83ba-230048d3446e___GHLB2 Leaf 162.2.JPG,late_blight,late_blight,0.9952,1,0.0035,0.0014,0.9952
data/test/late_blight/a4c94aed-b771-4e61-bbd6-dab1e94a3a47___GHLB2 Leaf 8928.JPG,late_blight,late_blight,0.9631,1,0.0368,0.0000,0.9631
data/test/late_blight/a4cdb993-ba37-45c5-b845-ed5650516b39___GHLB2 Leaf 8878.JPG,late_blight,late_blight,0.7453,1,0.1913,0.0634,0.7453
data/test/late_blight/a4e72582-b214-412a-a3ae-5a75da76973f___RS_Late.B 6884.JPG,late_blight,late_blight,0.7070,1,0.2930,0.0000,0.7070
data/test/late_blight/a4e72582-b214-412a-a3ae-5a75da76973f___RS_Late.B 6884_1.JPG,late_blight,late_blight,0.7932,1,0.2067,0.0001,0.7932
data/test/late_blight/a54133fc-459a-4e56-88e3-51ca0aeffadd___RS_Late.B 6258_final_masked.jpg,late_blight,late_blight,0.9760,1,0.0234,0.0006,0.9760
data/test/late_blight/a58b9916-46bd-49c2-b26e-de46080fdeee___GHLB2 Leaf 8879.JPG,late_blight,late_blight,0.9971,1,0.0027,0.0001,0.9971
data/test/late_blight/a58d9924-0f70-44f3-ac76-1c2d7fc238e1___RS_Late.B 5086.JPG,late_blight,late_blight,0.9731,1,0.0269,0.0000,0.9731
data/test/late_blight/a59f35a2-f548-4e6f-8784-c106af003c33___GHLB_PS Leaf 25.1 Day 16.jpg,late_blight,late_blight,0.8368,1,0.1629,0.0003,0.8368
data/test/late_blight/a5af0d83-aba8-4353-bfa4-ea4f959d9787___GHLB2 Leaf 9052.JPG,late_blight,late_blight,0.9053,1,0.0781,0.0167,0.9053
data/test/late_blight/a5af0d83-aba8-4353-bfa4-ea4f959d9787___GHLB2 Leaf 9052_final_masked.jpg,late_blight,late_blight,0.9940,1,0.0042,0.0018,0.9940
data/test/late_blight/a5d564de-39c2-4f69-935f-3f1036dfd2db___GHLB2 Leaf 8806_final_masked.jpg,late_blight,late_blight,0.9955,1,0.0043,0.0002,0.9955
data/test/late_blight/a5e71962-bf6d-486d-ab54-14004feb76da___RS_Late.B 6088.JPG,late_blight,late_blight,0.8433,1,0.1545,0.0023,0.8433
data/test/late_blight/a6007dbc-3a2f-4c1e-9ec6-28d7d3a17f28___GHLB_PS Leaf 13 Day 8.jpg,late_blight,late_blight,0.8974,1,0.1002,0.0024,0.8974
data/test/late_blight/a617c469-1174-43ab-910f-0c31a09dd0be___RS_Late.B 6085.JPG,late_blight,late_blight,0.9967,1,0.0030,0.0004,0.9967
data/test/late_blight/a63289bd-bdf3-4092-a460-2fa5138379be___RS_Late.B 7049.JPG,late_blight,late_blight,0.5550,1,0.4449,0.0000,0.5550
data/test/late_blight/a6876e29-dc0f-4716-bd3c-eedc9f45cf70___GHLB_PS Leaf 41 Day 18.jpg,late_blight,late_blight,0.9886,1,0.0104,0.0010,0.9886
data/test/late_blight/a6876e29-dc0f-4716-bd3c-eedc9f45cf70___GHLB_PS Leaf 41 Day 18_1.jpg,late_blight,late_blight,0.9943,1,0.0029,0.0029,0.9943
data/test/late_blight/a6a07e9c-1300-48df-bd43-6c0631bb3ced___RS_Late.B 4958.JPG,late_blight,late_blight,0.5901,1,0.4083,0.0016,0.5901
data/test/late_blight/a6b6fba1-bd00-4934-9029-ed51c46ed962___RS_Late.B 4894_final_masked.jpg,late_blight,late_blight,0.7221,1,0.2779,0.0000,0.7221
data/test/late_blight/a6c7381f-fcfb-484b-a2f5-a435b66f5ea2___GHLB2 Leaf 112.JPG,late_blight,late_blight,0.8596,1,0.1377,0.0028,0.8596
data/test/late_blight/a6c7381f-fcfb-484b-a2f5-a435b66f5ea2___GHLB2 Leaf 112_1.JPG,late_blight,early_blight,0.6140,0,0.6140,0.1488,0.2372
data/test/late_blight/a7064909-ea8b-4775-8323-f76c774fa5b5___GHLB2 Leaf 85.1.JPG,late_blight,late_blight,0.9080,1,0.0919,0.0001,0.9080
data/test/late_blight/a7064909-ea8b-4775-8323-f76c774fa5b5___GHLB2 Leaf 85.1_final_masked.jpg,late_blight,late_blight,0.8519,1,0.1480,0.0001,0.8519
data/test/late_blight/a757db7b-6d0e-4be8-ab0c-5a851b6879ea___RS_Late.B 6498.JPG,late_blight,late_blight,0.9993,1,0.0006,0.0001,0.9993
data/test/late_blight/a78725bd-f2c9-405e-8591-c8b009f43ea7___RS_Late.B 4918.JPG,late_blight,late_blight,0.9946,1,0.0054,0.0000,0.9946
data/test/late_blight/a7c97904-d28e-4dd3-93d1-0758a44bba96___RS_Late.B 7089.JPG,late_blight,late_blight,0.7518,1,0.2475,0.0006,0.7518
data/test/late_blight/a7c97904-d28e-4dd3-93d1-0758a44bba96___RS_Late.B 7089_1.JPG,late_blight,late_blight,0.9073,1,0.0927,0.0000,0.9073
data/test/late_blight/a7cee503-4a3e-42dc-963c-2ae166064f6a___RS_Late.B 5602_final_masked.jpg,late_blight,early_blight,0.7295,0,0.7295,0.0008,0.2697
data/test/late_blight/a7f4ecd0-7040-4a9f-830e-7b4572277d2d___GHLB2 Leaf 8937_final_masked.jpg,late_blight,late_blight,0.9450,1,0.0545,0.0005,0.9450
data/test/late_blight/a86b02a2-3f97-4ce9-a9ff-1a77c36f9e4d___GHLB2 Leaf 8903_final_masked.jpg,late_blight,late_blight,0.9833,1,0.0166,0.0001,0.9833
data/test/late_blight/a8fc49cf-c74f-40a6-a53b-3dddd42bb8bd___GHLB2 Leaf 9040.JPG,late_blight,late_blight,0.9970,1,0.0028,0.0002,0.9970
data/test/late_blight/a8fc49cf-c74f-40a6-a53b-3dddd42bb8bd___GHLB2 Leaf 9040_final_masked.jpg,late_blight,late_blight,0.9968,1,0.0027,0.0005,0.9968
data/test/late_blight/a93d975c-6992-4f12-b454-5b3268961e20___RS_Late.B 4892.JPG,late_blight,late_blight,0.9554,1,0.0446,0.0000,0.9554
data/test/late_blight/a93d975c-6992-4f12-b454-5b3268961e20___RS_Late.B 4892_final_masked.jpg,late_blight,late_blight,0.8639,1,0.1360,0.0001,0.8639
data/test/late_blight/a94e64ec-e8fa-4814-a8d9-3a45c769a462___GHLB2 Leaf 8543.JPG,late_blight,late_blight,0.9990,1,0.0010,0.0000,0.9990
data/test/late_blight/a94e64ec-e8fa-4814-a8d9-3a45c769a462___GHLB2 Leaf 8543_final_masked.jpg,late_blight,late_blight,0.9792,1,0.0163,0.0045,0.9792
data/test/late_blight/a9b6997c-b2bd-4938-aa5f-492ae0cc8431___RS_Late.B 5063.JPG,late_blight,late_blight,0.9889,1,0.0111,0.0000,0.9889
data/test/late_blight/a9d3ba5a-2d13-4e86-9813-fc6f05f6c598___GHLB2 Leaf 8994_final_masked.jpg,late_blight,late_blight,0.9934,1,0.0056,0.0010,0.9934
data/test/late_blight/aa25e72b-b191-4fa8-99d6-6a8cbefbcaf4___RS_Late.B 6277.JPG,late_blight,late_blight,0.9991,1,0.0007,0.0001,0.9991
data/test/late_blight/aa358a07-3140-4f44-861b-dcd99f943b09___RS_Late.B 5542.JPG,late_blight,late_blight,0.7618,1,0.2381,0.0001,0.7618
data/test/late_blight/aae679f7-4b9b-400a-8d5d-02f1c5f7a050___GHLB2 Leaf 8669_final_masked.jpg,late_blight,late_blight,0.9583,1,0.0323,0.0095,0.9583
data/test/late_blight/aae99313-6183-4d7d-832f-f5af6d1522fc___GHLB2 Leaf 8950.JPG,late_blight,late_blight,0.9992,1,0.0004,0.0004,0.9992
data/test/late_blight/aae99313-6183-4d7d-832f-f5af6d1522fc___GHLB2 Leaf 8950_final_masked.jpg,late_blight,late_blight,0.9897,1,0.0099,0.0004,0.9897
data/test/late_blight/aaf3ef60-bfd0-4a42-b558-7aef535db7fb___GHLB Leaf 2.5 Day 13.JPG,late_blight,late_blight,0.9133,1,0.0867,0.0000,0.9133
data/test/late_blight/ab542ed7-985c-4d7c-a2ad-a5ba19b9496e___RS_Late.B 6454.JPG,late_blight,late_blight,0.5690,1,0.4144,0.0166,0.5690
data/test/late_blight/ab542ed7-985c-4d7c-a2ad-a5ba19b9496e___RS_Late.B 6454_final_masked.jpg,late_blight,late_blight,0.9962,1,0.0037,0.0001,0.9962
data/test/late_blight/aba6fc41-d333-40a8-b3d4-1d72ac2067fe___GHLB2 Leaf 8691.JPG,late_blight,late_blight,0.9996,1,0.0004,0.0000,0.9996
data/test/late_blight/aba6fc41-d333-40a8-b3d4-1d72ac2067fe___GHLB2 Leaf 8691_final_masked.jpg,late_blight,late_blight,0.8712,1,0.1287,0.0000,0.8712
data/test/late_blight/ac205c4a-58c5-430f-8b4c-f853652df749___GHLB_PS Leaf 30 Day 13.jpg,late_blight,late_blight,0.9866,1,0.0130,0.0004,0.9866
data/test/late_blight/ac205c4a-58c5-430f-8b4c-f853652df749___GHLB_PS Leaf 30 Day 13_1.jpg,late_blight,late_blight,0.7559,1,0.2407,0.0034,0.7559
data/test/late_blight/ad21ff2c-af70-45c3-9971-c52283394742___GHLB2 Leaf 8596.JPG,late_blight,late_blight,0.9987,1,0.0000,0.0013,0.9987
data/test/late_blight/ad3a71e8-63e0-4de4-ad26-6965c8a1d27e___RS_Late.B 6670.JPG,late_blight,late_blight,0.9586,1,0.0414,0.0000,0.9586
data/test/late_blight/ad58f6d7-db62-4701-a734-85c0d0fd0007___GHLB2 Leaf 8548.JPG,late_blight,late_blight,0.9640,1,0.0360,0.0000,0.9640
data/test/late_blight/ad90bf43-648e-479e-8256-5e4d628cfa36___RS_Late.B 7134.JPG,late_blight,late_blight,0.9978,1,0.0021,0.0000,0.9978
data/test/late_blight/ad90bf43-648e-479e-8256-5e4d628cfa36___RS_Late.B 7134_final_masked.jpg,late_blight,late_blight,0.9974,1,0.0026,0.0000,0.9974
data/test/late_blight/ae811562-9670-4094-a791-41c848b909c4___GHLB2 Leaf 8982.JPG,late_blight,late_blight,0.9967,1,0.0029,0.0003,0.9967
data/test/late_blight/aee192d9-666e-4ef8-aa5e-86d09d14216c___GHLB2 Leaf 8582.JPG,late_blight,late_blight,0.8835,1,0.1165,0.0000,0.8835
data/test/late_blight/aee192d9-666e-4ef8-aa5e-86d09d14216c___GHLB2 Leaf 8582_final_masked.jpg,late_blight,late_blight,0.8883,1,0.0626,0.0491,0.8883
data/test/late_blight/af7021ea-5138-4b6f-9ee5-c05daf993791___GHLB2 Leaf 77.1.JPG,late_blight,late_blight,0.9252,1,0.0547,0.0201,0.9252
data/test/late_blight/afb626cf-c9bf-498f-bdf2-c0286d96f681___GHLB2 Leaf 147.1.JPG,late_blight,late_blight,0.9826,1,0.0172,0.0002,0.9826
data/test/late_blight/b0a1ada0-f496-46a3-827e-2d721dabee59___GHLB2 Leaf 9086_final_masked.jpg,late_blight,late_blight,0.9786,1,0.0198,0.0016,0.9786
data/test/late_blight/b0fbd7bd-f906-489b-96ff-a2683eb76dd3___RS_Late.B 6173.JPG,late_blight,late_blight,0.8961,1,0.1013,0.0026,0.8961
data/test/late_blight/b15c92e9-6973-415c-80fe-82703ff722f7___RS_Late.B 4994.JPG,late_blight,late_blight,0.5698,1,0.4267,0.0035,0.5698
data/test/late_blight/b25eff13-2674-4954-a6b8-bbd05ebbe154___GHLB2 Leaf 114.3_final_masked.jpg,late_blight,late_blight,0.8340,1,0.1599,0.0062,0.8340
data/test/late_blight/b27c48d1-189e-4187-9535-78dc1c8a803e___RS_Late.B 6789.JPG,late_blight,late_blight,0.9992,1,0.0008,0.0000,0.9992
data/test/late_blight/b2fb784b-5601-4b75-93b0-8dcaa7eaca6e___RS_Late.B 6419_final_masked.jpg,late_blight,late_blight,0.9556,1,0.0312,0.0132,0.9556
data/test/late_blight/b3094af3-490b-4cbe-806e-dc793a94a4fd___RS_Late.B 6490_final_masked.jpg,late_blight,late_blight,0.9739,1,0.0260,0.0002,0.9739
data/test/late_blight/b3971b7c-ae24-4f4f-b426-3368096afeab___RS_Late.B 7079.JPG,late_blight,late_blight,0.9893,1,0.0093,0.0014,0.9893
data/test/late_blight/b3971b7c-ae24-4f4f-b426-3368096afeab___RS_Late.B 7079_final_masked.jpg,late_blight,late_blight,0.9691,1,0.0199,0.0109,0.9691
data/test/late_blight/b3cc95da-557b-456d-9c5d-2ba5d9eb0e98___RS_Late.B 4930.JPG,late_blight,early_blight,0.6468,0,0.6468,0.0021,0.3511
data/test/late_blight/b3cc95da-557b-456d-9c5d-2ba5d9eb0e98___RS_Late.B 4930_1.JPG,late_blight,late_blight,0.9970,1,0.0030,0.0000,0.9970
data/test/late_blight/b3e8d2db-5531-41cc-86ce-d4ac76c5be56___RS_Late.B 7070.JPG,late_blight,late_blight,0.9308,1,0.0692,0.0000,0.9308
data/test/late_blight/b3e8d2db-5531-41cc-86ce-d4ac76c5be56___RS_Late.B 7070_final_masked.jpg,late_blight,late_blight,0.9644,1,0.0354,0.0002,0.9644
data/test/late_blight/b461fd42-7a0c-4b61-adb5-278f77dbc61a___RS_Late.B 5404_final_masked.jpg,late_blight,late_blight,0.6168,1,0.3762,0.0070,0.6168
data/test/late_blight/b4a271bd-619a-4735-8fd5-28124c4f4508___GHLB2 Leaf 8949.JPG,late_blight,late_blight,0.9940,1,0.0039,0.0021,0.9940
data/test/late_blight/b4c4e221-ab02-4e57-a82c-5f2dfd431675___RS_Late.B 5029.JPG,late_blight,late_blight,0.8476,1,0.1499,0.0025,0.8476
data/test/late_blight/b5397b14-c009-41b4-b828-45203ffa2d22___GHLB2 Leaf 8986.JPG,late_blight,late_blight,0.9984,1,0.0015,0.0001,0.9984
data/test/late_blight/b5397b14-c009-41b4-b828-45203ffa2d22___GHLB2 Leaf 8986_final_masked.jpg,late_blight,late_blight,0.9673,1,0.0322,0.0005,0.9673
data/test/late_blight/b58ce413-a81c-488f-9207-bab53d34d1c4___GHLB2 Leaf 8744_final_masked.jpg,late_blight,late_blight,0.9823,1,0.0171,0.0006,0.9823
data/test/late_blight/b61b92f6-9991-4f85-a9a6-c3993720d842___GHLB2 Leaf 9067.JPG,late_blight,late_blight,0.8425,1,0.0409,0.1165,0.8425
data/test/late_blight/b61b92f6-9991-4f85-a9a6-c3993720d842___GHLB2 Leaf 9067_final_masked.jpg,late_blight,late_blight,0.9906,1,0.0092,0.0002,0.9906
data/test/late_blight/b62c8328-7089-4b43-b77e-20511356d04b___RS_Late.B 5490.JPG,late_blight,late_blight,0.9905,1,0.0094,0.0000,0.9905
data/test/late_blight/b657dc7a-df76-40e1-bc87-2d61b81040a8___GHLB Leaf 27.1 Day 12_final_masked.jpg,late_blight,late_blight,0.7157,1,0.2843,0.0000,0.7157
data/test/late_blight/b67ed405-b86b-4a5b-a403-d5fd87202e92___RS_Late.B 5006.JPG,late_blight,late_blight,0.9999,1,0.0001,0.0000,0.9999
data/test/late_blight/b687c1bd-478f-45ea-a69d-d66f980dea08___GHLB Leaf 7 Day 6_final_masked.jpg,late_blight,early_blight,0.5250,0,0.5250,0.0013,0.4737
data/test/late_blight/b694de0e-542c-4b7a-b322-30cea130719d___GHLB2 Leaf 8720.JPG,late_blight,late_blight,0.9795,1,0.0066,0.0139,0.9795
data/test/late_blight/b6f177f7-4475-4ee6-98cd-4123d7d6ac33___GHLB2ES Leaf 138.JPG,late_blight,late_blight,0.8823,1,0.1177,0.0000,0.8823
data/test/late_blight/b6f177f7-4475-4ee6-98cd-4123d7d6ac33___GHLB2ES Leaf 138_1.JPG,late_blight,late_blight,0.9923,1,0.0076,0.0000,0.9923
data/test/late_blight/b7f7a13f-b7c0-4923-aaba-c270ce583b66___RS_Late.B 6686_final_masked.jpg,late_blight,late_blight,0.9857,1,0.0142,0.0001,0.9857
data/test/late_blight/b7f7e1e7-f535-4428-8f00-74b8fecb3740___RS_Late.B 6779.JPG,late_blight,late_blight,0.9696,1,0.0304,0.0000,0.9696
data/test/late_blight/b7f7e1e7-f535-4428-8f00-74b8fecb3740___RS_Late.B 6779_1.JPG,late_blight,late_blight,0.5591,1,0.4409,0.0000,0.5591
data/test/late_blight/b7f7e1e7-f535-4428-8f00-74b8fecb3740___RS_Late.B 6779_final_masked.jpg,late_blight,late_blight,0.8306,1,0.1678,0.0016,0.8306
data/test/late_blight/b88f6060-ca8b-4c4d-bd4c-1ec1ae186b71___GHLB2 Leaf 8711.JPG,late_blight,late_blight,0.8825,1,0.0502,0.0673,0.8825
data/test/late_blight/b8995533-058e-49fb-94ae-30b2d9cff3cc___GHLB2 Leaf 8646.JPG,late_blight,late_blight,0.9715,1,0.0220,0.0064,0.9715
data/test/late_blight/b8cf164c-05b8-455f-86de-fe785f40df9f___GHLB2 Leaf 8587_final_masked.jpg,late_blight,late_blight,0.9934,1,0.0050,0.0016,0.9934
data/test/late_blight/b982e973-aede-4317-92fb-b8a2385d3172___RS_Late.B 5465.JPG,late_blight,early_blight,0.7314,0,0.7314,0.0000,0.2686
data/test/late_blight/b9acddbe-1fc4-44a8-9802-91f0d9f57e22___RS_Late.B 5026.JPG,late_blight,late_blight,0.9537,1,0.0462,0.0001,0.9537
data/test/late_blight/b9acddbe-1fc4-44a8-9802-91f0d9f57e22___RS_Late.B 5026_final_masked.jpg,late_blight,late_blight,0.9963,1,0.0037,0.0000,0.9963
data/test/late_blight/b9b1cf81-a68a-48a5-b3f2-25b45ecc81f7___RS_Late.B 5423.JPG,late_blight,late_blight,0.9977,1,0.0023,0.0000,0.9977
data/test/late_blight/b9e6992c-f73a-410e-8b06-a6ce96192c6a___GHLB2 Leaf 9077.JPG,late_blight,late_blight,0.9135,1,0.0812,0.0053,0.9135
data/test/late_blight/b9e6992c-f73a-410e-8b06-a6ce96192c6a___GHLB2 Leaf 9077_final_masked.jpg,late_blight,late_blight,0.9520,1,0.0477,0.0004,0.9520
data/test/late_blight/ba09ee7e-4b6c-4f26-a626-7d8ee16e81e0___RS_Late.B 4859.JPG,late_blight,early_blight,0.7823,0,0.7823,0.0000,0.2177
data/test/late_blight/ba09ee7e-4b6c-4f26-a626-7d8ee16e81e0___RS_Late.B 4859_final_masked.jpg,late_blight,late_blight,0.9903,1,0.0094,0.0003,0.9903
data/test/late_blight/ba86e24f-fe3e-4f17-a920-f8dba4ecb4d7___GHLB2 Leaf 8974_final_masked.jpg,late_blight,late_blight,0.9879,1,0.0115,0.0006,0.9879
data/test/late_blight/bb1be648-63dc-4973-8c88-f3de0dff30f4___RS_Late.B 6030_final_masked.jpg,late_blight,late_blight,0.9998,1,0.0001,0.0000,0.9998
data/test/late_blight/bb29cc81-e986-4946-8267-a12f0b1b15de___RS_Late.B 5000_final_masked.jpg,late_blight,late_blight,0.9773,1,0.0215,0.0013,0.9773
data/test/late_blight/bb41f69c-b5b4-4acb-b965-950eac2b49c8___GHLB2 Leaf 130.JPG,late_blight,late_blight,0.9715,1,0.0095,0.0190,0.9715
data/test/late_blight/bb41f69c-b5b4-4acb-b965-950eac2b49c8___GHLB2 Leaf 130_final_masked.jpg,late_blight,late_blight,0.9653,1,0.0282,0.0064,0.9653
data/test/late_blight/bb487e34-b328-40b9-a33f-592701216063___RS_Late.B 5175.JPG,late_blight,late_blight,0.5384,1,0.4192,0.0424,0.5384
data/test/late_blight/bba9c7cc-21d8-43b7-acb2-9c079f810f89___RS_Late.B 6798.JPG,late_blight,late_blight,0.6985,1,0.3015,0.0000,0.6985
data/test/late_blight/bba9c7cc-21d8-43b7-acb2-9c079f810f89___RS_Late.B 6798_final_masked.jpg,late_blight,late_blight,0.6982,1,0.1409,0.1610,0.6982
data/test/late_blight/bbb807e9-9eef-4220-bbcd-9663542c0d4e___GHLB2 Leaf 9035.JPG,late_blight,late_blight,0.9886,1,0.0114,0.0000,0.9886
data/test/late_blight/bbb807e9-9eef-4220-bbcd-9663542c0d4e___GHLB2 Leaf 9035_final_masked.jpg,late_blight,late_blight,0.9733,1,0.0264,0.0003,0.9733
data/test/late_blight/bbedca9b-8f66-4437-adb6-87f11edd8398___GHLB_PS Leaf 47.2 Day 18.jpg,late_blight,late_blight,0.6649,1,0.2619,0.0732,0.6649
data/test/late_blight/bc21154c-09a0-4428-9afe-be7ea00739d8___GHLB2 Leaf 8656_final_masked.jpg,late_blight,late_blight,0.9963,1,0.0019,0.0019,0.9963
data/test/late_blight/bceafbf0-d268-4ab1-b505-5a45c2fd0239___RS_Late.B 4953.JPG,late_blight,late_blight,0.8101,1,0.1862,0.0037,0.8101
data/test/late_blight/bd4f09bd-ee85-4ab1-bce0-8cde3fdd7f1b___GHLB_PS Leaf 23.7 Day 13.jpg,late_blight,late_blight,0.9960,1,0.0027,0.0013,0.9960
data/test/late_blight/bd4f09bd-ee85-4ab1-bce0-8cde3fdd7f1b___GHLB_PS Leaf 23.7 Day 13_final_masked.jpg,late_blight,late_blight,0.9967,1,0.0026,0.0008,0.9967
data/test/late_blight/bd5a4716-1cf0-46d3-a905-320e4d84d34a___RS_Late.B 6199.JPG,late_blight,early_blight,0.7937,0,0.7937,0.0104,0.1960
data/test/late_blight/bd5b09dc-ca07-455b-9ff4-e02a5c7e8a42___RS_Late.B 6202.JPG,late_blight,late_blight,0.7907,1,0.0608,0.1485,0.7907
data/test/late_blight/bf6cc0d5-0c8c-4a49-80d1-970c3e691073___RS_Late.B 4987_final_masked.jpg,late_blight,late_blight,0.9712,1,0.0285,0.0004,0.9712
data/test/late_blight/bf89b543-1d30-4648-8b4a-bb8d1f2f913a___GHLB2 Leaf 8606.JPG,late_blight,late_blight,0.9962,1,0.0019,0.0019,0.9962
data/test/late_blight/bff5e162-e242-484d-ac72-96c0da9a39f7___RS_Late.B 6284_final_masked.jpg,late_blight,late_blight,0.9782,1,0.0080,0.0138,0.9782
data/test/late_blight/c0267369-b9ec-471e-b8a2-9aa3fc77b3c1___GHLB2 Leaf 9028.JPG,late_blight,late_blight,0.9901,1,0.0084,0.0015,0.9901
data/test/late_blight/c0267369-b9ec-471e-b8a2-9aa3fc77b3c1___GHLB2 Leaf 9028_final_masked.jpg,late_blight,late_blight,0.9884,1,0.0115,0.0001,0.9884
data/test/late_blight/c042e7e2-a583-4709-b944-830965256802___GHLB2 Leaf 110.JPG,late_blight,healthy,0.6234,0,0.0086,0.6234,0.3680
data/test/late_blight/c062b009-0e6e-4cf0-976c-004a06b7e6ee___GHLB2 Leaf 8881_final_masked.jpg,late_blight,late_blight,0.9084,1,0.0446,0.0470,0.9084
data/test/late_blight/c0767cc9-acc8-4f4b-b9b5-1958899633ef___GHLB2 Leaf 8807.JPG,late_blight,late_blight,0.9919,1,0.0080,0.0000,0.9919
data/test/late_blight/c0767cc9-acc8-4f4b-b9b5-1958899633ef___GHLB2 Leaf 8807_1.JPG,late_blight,late_blight,0.9345,1,0.0122,0.0533,0.9345
data/test/late_blight/c14302ad-0333-4038-8b4f-a4f75049fbaa___RS_Late.B 6939.JPG,late_blight,early_blight,0.6530,0,0.6530,0.0000,0.3470
data/test/late_blight/c179ebbe-601b-474c-b9be-8704c6677f4d___RS_Late.B 6957_final_masked.jpg,late_blight,late_blight,0.9433,1,0.0566,0.0000,0.9433
data/test/late_blight/c18f749d-9774-43f6-9c27-ff3d532f551a___RS_Late.B 7100.JPG,late_blight,late_blight,0.8089,1,0.1903,0.0008,0.8089
data/test/late_blight/c1a8547c-0345-490b-840b-124dbf54fbd4___GHLB2 Leaf 8541.JPG,late_blight,late_blight,0.9726,1,0.0274,0.0000,0.9726
data/test/late_blight/c1af9374-2c73-4af4-a139-7b636467743f___RS_Late.B 5592.JPG,late_blight,late_blight,0.9999,1,0.0000,0.0000,0.9999
data/test/late_blight/c1b4525c-bbef-4cef-ae46-ed82b0ba2f48___RS_Late.B 6996.JPG,late_blight,late_blight,0.6983,1,0.3011,0.0005,0.6983
data/test/late_blight/c1d826c3-84d2-4f96-9eb5-4eaf983c43be___GHLB2 Leaf 8766.JPG,late_blight,late_blight,0.9546,1,0.0446,0.0008,0.9546
data/test/late_blight/c1d826c3-84d2-4f96-9eb5-4eaf983c43be___GHLB2 Leaf 8766_final_masked.jpg,late_blight,late_blight,0.9814,1,0.0145,0.0041,0.9814
data/test/late_blight/c2180e2a-653d-4f7d-b2a0-10208ff7829f___RS_Late.B 6368.JPG,late_blight,late_blight,0.9981,1,0.0019,0.0000,0.9981
data/test/late_blight/c2327b45-3e5f-4f36-8f5b-2146c89d446d___RS_Late.B 6343.JPG,late_blight,late_blight,0.7069,1,0.2931,0.0000,0.7069
data/test/late_blight/c3a42f36-c157-43ce-b12b-af47bf026171___GHLB2 Leaf 105.1_final_masked.jpg,late_blight,late_blight,0.9994,1,0.0005,0.0000,0.9994
data/test/late_blight/c3a5ec63-9d0d-48a2-898a-9bc31b4443a9___GHLB_PS Leaf 1.2 Day 16.jpg,late_blight,late_blight,0.9900,1,0.0099,0.0000,0.9900
data/test/late_blight/c3adf8f1-bab4-4130-ba60-0fe65e08d5a5___RS_Late.B 5079.JPG,late_blight,late_blight,0.9976,1,0.0024,0.0000,0.9976
data/test/late_blight/c483c433-f51f-4e00-beb8-642a07628971___GHLB2 Leaf 8960.JPG,late_blight,late_blight,0.9961,1,0.0033,0.0005,0.9961
data/test/late_blight/c4e17a14-ebac-4e2b-b00f-8b6b5e267b42___RS_Late.B 5097.JPG,late_blight,early_blight,0.5074,0,0.5074,0.0295,0.4631
data/test/late_blight/c4f45383-715a-48b2-8ec7-c45d1c230a9d___GHLB_PS Leaf 13.1 Day 7_final_masked.jpg,late_blight,late_blight,0.9661,1,0.0338,0.0001,0.9661
data/test/late_blight/c50640d9-3647-4ef0-95c5-31fc5e8b688a___GHLB2 Leaf 8908_final_masked.jpg,late_blight,late_blight,0.9773,1,0.0226,0.0002,0.9773
data/test/late_blight/c5150ba8-d8c4-47a3-9938-83715b767693___RS_Late.B 6912.JPG,late_blight,late_blight,0.9778,1,0.0218,0.0004,0.9778
data/test/late_blight/c56dfea3-420f-46cf-b974-cec54b2c6992___GHLB_PS Leaf 2 Day 18.jpg,late_blight,late_blight,0.9927,1,0.0063,0.0010,0.9927
data/test/late_blight/c56dfea3-420f-46cf-b974-cec54b2c6992___GHLB_PS Leaf 2 Day 18_1.jpg,late_blight,late_blight,0.9929,1,0.0067,0.0005,0.9929
data/test/late_blight/c5749d4c-332c-4017-bcb8-c22d5dbcc91e___GHLB2 Leaf 8803_final_masked.jpg,late_blight,late_blight,0.9865,1,0.0131,0.0005,0.9865
data/test/late_blight/c59952b7-66e1-484d-a2e2-d240e7b12680___GHLB2 Leaf 8553.JPG,late_blight,late_blight,0.9706,1,0.0293,0.0000,0.9706
data/test/late_blight/c5a7ebaa-df40-4cea-87d0-1f87ad7f58c0___RS_Late.B 6143_final_masked.jpg,late_blight,late_blight,0.6413,1,0.3587,0.0000,0.6413
data/test/late_blight/c5b2af5b-c27f-4ed3-83e5-e2bfe096f024___RS_Late.B 6918.JPG,late_blight,late_blight,0.6598,1,0.3392,0.0010,0.6598
data/test/late_blight/c614e6d5-04cc-4846-9867-84c83961c5cf___GHLB2 Leaf 8617.JPG,late_blight,late_blight,0.9951,1,0.0049,0.0000,0.9951
data/test/late_blight/c614e6d5-04cc-4846-9867-84c83961c5cf___GHLB2 Leaf 8617_final_masked.jpg,late_blight,late_blight,0.9679,1,0.0319,0.0002,0.9679
data/test/late_blight/c6d3045a-d685-4e70-9e68-daaecabdddf4___GHLB2 Leaf 159.2_final_masked.jpg,late_blight,late_blight,0.9823,1,0.0070,0.0107,0.9823
data/test/late_blight/c6dd1b5a-316b-468a-837a-707071a1ff98___GHLB2 Leaf 8790.JPG,late_blight,late_blight,0.9979,1,0.0020,0.0000,0.9979
data/test/late_blight/c6dd1b5a-316b-468a-837a-707071a1ff98___GHLB2 Leaf 8790_final_masked.jpg,late_blight,late_blight,0.9902,1,0.0093,0.0005,0.9902
data/test/late_blight/c6f2f79f-4554-4869-84e0-32df4ed15eb4___RS_Late.B 6399.JPG,late_blight,early_blight,0.5704,0,0.5704,0.1902,0.2394
data/test/late_blight/c7871a80-0d29-40ab-b117-344808cb3485___GHLB_PS Leaf 33 Day 13_final_masked.jpg,late_blight,late_blight,0.4607,1,0.3908,0.1484,0.4607
data/test/late_blight/c88e92df-e964-428e-9d8b-df1e402fa41f___GHLB_PS Leaf 27.1 Day 13.jpg,late_blight,late_blight,0.9397,1,0.0389,0.0214,0.9397
data/test/late_blight/c88e92df-e964-428e-9d8b-df1e402fa41f___GHLB_PS Leaf 27.1 Day 13_1.jpg,late_blight,late_blight,0.8787,1,0.1060,0.0153,0.8787
data/test/late_blight/c8fbd03f-4935-4199-8f8d-7bc1cc9e024d___GHLB2 Leaf 8941.JPG,late_blight,late_blight,0.9994,1,0.0006,0.0000,0.9994
data/test/late_blight/c8fca126-5379-4a48-8de1-5fcc8643999b___RS_Late.B 6934.JPG,late_blight,late_blight,0.9997,1,0.0003,0.0000,0.9997
data/test/late_blight/c8fca126-5379-4a48-8de1-5fcc8643999b___RS_Late.B 6934_1.JPG,late_blight,late_blight,0.6536,1,0.3463,0.0000,0.6536
data/test/late_blight/c91400cf-83f0-4472-9504-3234ccecf65c___RS_Late.B 5218.JPG,late_blight,late_blight,0.5426,1,0.4569,0.0005,0.5426
data/test/late_blight/c91400cf-83f0-4472-9504-3234ccecf65c___RS_Late.B 5218_final_masked.jpg,late_blight,late_blight,0.9966,1,0.0028,0.0006,0.9966
data/test/late_blight/c933cfb7-d1c7-420b-88d0-7df28ae6ab2d___GHLB_PS Leaf 36.1 Day 13.jpg,late_blight,late_blight,0.9937,1,0.0060,0.0002,0.9937
data/test/late_blight/c991e311-e10c-4505-a01a-3ad7c92d3e3b___RS_Late.B 7194.JPG,late_blight,late_blight,0.8489,1,0.1511,0.0001,0.8489
data/test/late_blight/c9c8854f-00f2-4bec-b263-f03354f58114___RS_Late.B 6997.JPG,late_blight,late_blight,0.5493,1,0.4498,0.0008,0.5493
data/test/late_blight/c9e551e1-6732-49e5-898e-a8dfbcc7b0c3___RS_Late.B 4959_final_masked.jpg,late_blight,late_blight,0.9903,1,0.0090,0.0007,0.9903
data/test/late_blight/c9fa4b23-358b-4df7-a457-79573e018906___GHLB2 Leaf 8870.JPG,late_blight,late_blight,0.9961,1,0.0039,0.0000,0.9961
data/test/late_blight/ca5daff3-da8c-404a-b51a-02612ca741e4___GHLB2 Leaf 8722_final_masked.jpg,late_blight,late_blight,0.9495,1,0.0293,0.0212,0.9495
data/test/late_blight/ca6362b2-b680-4348-a795-3bc37275e70f___GHLB2 Leaf 79_final_masked.jpg,late_blight,late_blight,0.9443,1,0.0557,0.0001,0.9443
data/test/late_blight/cb3bd866-dd84-4f7e-9226-b4a2a2c7f2ae___GH_HL Leaf 173.2.JPG,late_blight,healthy,0.9923,0,0.0006,0.9923,0.0071
data/test/late_blight/cb56bd8e-f217-4537-9d35-a62d6b82f48f___GHLB2 Leaf 8769_final_masked.jpg,late_blight,late_blight,0.7528,1,0.0897,0.1575,0.7528
data/test/late_blight/cbf0f139-7683-47f8-a107-4180deee217e___RS_Late.B 6029_final_masked.jpg,late_blight,late_blight,0.9156,1,0.0842,0.0002,0.9156
data/test/late_blight/cbf8d72d-f718-4b68-b609-42b790845c38___GHLB2 Leaf 8887.JPG,late_blight,late_blight,0.9977,1,0.0022,0.0000,0.9977
data/test/late_blight/cc5c76c0-2858-483e-8f1e-4e472116725b___RS_Late.B 5629_final_masked.jpg,late_blight,early_blight,0.5278,0,0.5278,0.0012,0.4710
data/test/late_blight/ccc1fb49-16b3-4cf6-b782-4b98e9429f7b___GHLB2 Leaf 8832.JPG,late_blight,late_blight,0.9999,1,0.0000,0.0001,0.9999
data/test/late_blight/ccc2f713-80ff-4e68-bb2d-14d6152dfa6d___GHLB2 Leaf 8898.JPG,late_blight,late_blight,0.9811,1,0.0094,0.0095,0.9811
data/test/late_blight/cd042eac-79ff-4b4c-a561-b24bc69f9215___RS_Late.B 6486_final_masked.jpg,late_blight,late_blight,0.9888,1,0.0094,0.0018,0.9888
data/test/late_blight/cd11a26c-4833-4829-b6b7-29b03bc8df4d___RS_Late.B 5615.JPG,late_blight,late_blight,0.8074,1,0.1922,0.0004,0.8074
data/test/late_blight/cd3a1b72-2538-4ed0-9b04-6485b4f0ab0c___RS_Late.B 7149.JPG,late_blight,late_blight,0.7964,1,0.2026,0.0010,0.7964
data/test/late_blight/cd97ced1-2870-4f00-b7c7-37b8903378b9___RS_Late.B 6926.JPG,late_blight,early_blight,0.4769,0,0.4769,0.0613,0.4618
data/test/late_blight/cdeb7f9d-c0de-4fbd-95a5-fbaaa51460dd___RS_Late.B 5571.JPG,late_blight,late_blight,0.8007,1,0.1993,0.0000,0.8007
data/test/late_blight/cdeb7f9d-c0de-4fbd-95a5-fbaaa51460dd___RS_Late.B 5571_final_masked.jpg,late_blight,late_blight,0.9522,1,0.0477,0.0001,0.9522
data/test/late_blight/ce02cb11-2c42-48ab-b20a-6412252b7cf1___RS_Late.B 6249.JPG,late_blight,late_blight,0.9984,1,0.0013,0.0003,0.9984
data/test/late_blight/ce70ced2-e8db-4eaf-9d4c-ae482126085f___RS_Late.B 6043_final_masked.jpg,late_blight,late_blight,0.9962,1,0.0036,0.0002,0.9962
data/test/late_blight/ceec7525-b67e-43fc-8967-77d57133afba___RS_Late.B 5586.JPG,late_blight,late_blight,0.8656,1,0.1343,0.0000,0.8656
data/test/late_blight/cf0469e3-6a8c-4d3b-a1d3-43b99619b472___GHLB2 Leaf 8699.JPG,late_blight,late_blight,0.9999,1,0.0001,0.0001,0.9999
data/test/late_blight/cf21ccf7-0ad0-44cb-b541-a03d3921afcf___GHLB2 Leaf 8798.JPG,late_blight,late_blight,0.9905,1,0.0095,0.0000,0.9905
data/test/late_blight/cf2e943e-c8d7-43eb-a137-72f6b67b187a___RS_Late.B 7192_final_masked.jpg,late_blight,early_blight,0.7196,0,0.7196,0.0005,0.2799
data/test/late_blight/cf724383-bfe7-454a-9f22-bb59072d56ae___RS_Late.B 5442.JPG,late_blight,late_blight,0.6258,1,0.3741,0.0000,0.6258
data/test/late_blight/cfa1ba1d-b853-441d-99b4-0d9d413c8eb0___RS_Late.B 5288_final_masked.jpg,late_blight,late_blight,0.9986,1,0.0011,0.0003,0.9986
data/test/late_blight/d029a830-f39c-4668-b413-45b69e2b3640___RS_Late.B 4841.JPG,late_blight,late_blight,0.5030,1,0.3178,0.1792,0.5030
data/test/late_blight/d08bee32-4f76-4a08-9158-69fe55da2ddb___GHLB Leaf 23 Day 12.JPG,late_blight,late_blight,0.8029,1,0.1971,0.0001,0.8029
data/test/late_blight/d0badc95-d04c-457b-8db8-aa6e198f4bd6___GHLB Leaf 10 Day 6.jpeg,late_blight,early_blight,0.5836,0,0.5836,0.0002,0.4162
data/test/late_blight/d0badc95-d04c-457b-8db8-aa6e198f4bd6___GHLB Leaf 10 Day 6_final_masked.jpg,late_blight,late_blight,0.7849,1,0.2148,0.0003,0.7849
data/test/late_blight/d0d54368-8903-496b-9b2c-705a3d4cf8d6___RS_Late.B 5377.JPG,late_blight,late_blight,0.9819,1,0.0181,0.0000,0.9819
data/test/late_blight/d0d54368-8903-496b-9b2c-705a3d4cf8d6___RS_Late.B 5377_1.JPG,late_blight,late_blight,0.8396,1,0.0760,0.0844,0.8396
data/test/late_blight/d0dceae1-6bf8-475a-99fa-f27accadece0___GHLB2 Leaf 8778.JPG,late_blight,late_blight,0.9967,1,0.0017,0.0016,0.9967
data/test/late_blight/d11994f7-7c51-41b1-8225-c628e0e15885___GHLB2 Leaf 8683.JPG,late_blight,late_blight,0.9997,1,0.0003,0.0000,0.9997
data/test/late_blight/d1c1488e-f121-4b32-a7f6-24c25ee6b766___RS_Late.B 7102.JPG,late_blight,late_blight,0.9006,1,0.0992,0.0002,0.9006
data/test/late_blight/d1f8e85b-aa57-460d-8ea2-90ceb345478c___GHLB Leaf 2.7 Day 12.JPG,late_blight,late_blight,0.8906,1,0.1084,0.0011,0.8906
data/test/late_blight/d2619e9f-172d-4c42-8513-0ab522c02824___GHLB Leaf 2.2 Day 16_final_masked.jpg,late_blight,late_blight,0.9578,1,0.0280,0.0142,0.9578
data/test/late_blight/d28832cb-6291-40c8-b48e-c6019c1eb6a5___RS_Late.B 6437.JPG,late_blight,late_blight,0.9999,1,0.0001,0.0001,0.9999
data/test/late_blight/d2892ccc-cc57-49ff-88eb-5aa2ee0f862e___GHLB2 Leaf 74.JPG,late_blight,late_blight,0.8587,1,0.1057,0.0356,0.8587
data/test/late_blight/d28bd097-8584-4269-a82b-43d6f5df787b___RS_Late.B 4832_final_masked.jpg,late_blight,late_blight,0.9830,1,0.0168,0.0003,0.9830
data/test/late_blight/d2b2f190-12e4-467b-b64b-50b50d452a95___RS_Late.B 4913.JPG,late_blight,late_blight,0.9272,1,0.0728,0.0000,0.9272
data/test/late_blight/d2ef0edd-4a4f-4245-85a8-34309ef9ef71___GHLB_PS Leaf 46.1 Day 18.jpg,late_blight,late_blight,0.9907,1,0.0074,0.0019,0.9907
data/test/late_blight/d346f7f2-7cc9-43ef-bfcf-fbfd9d9db724___GHLB_PS Leaf 18 Day 8.jpg,late_blight,late_blight,0.9506,1,0.0186,0.0308,0.9506
data/test/late_blight/d373ae28-23fa-48ac-9745-7b9f405698d5___RS_Late.B 5391.JPG,late_blight,early_blight,0.5860,0,0.5860,0.0001,0.4139
data/test/late_blight/d3756978-23f4-48a2-a7e5-9b32c9453059___GHLB2 Leaf 160.3.JPG,late_blight,late_blight,0.9944,1,0.0049,0.0007,0.9944
data/test/late_blight/d37ac919-98d9-4838-8fb2-0499175b5be4___RS_Late.B 6819.JPG,late_blight,late_blight,0.9757,1,0.0243,0.0000,0.9757
data/test/late_blight/d3ee22da-7e5e-4c46-9d04-a710007aff19___RS_Late.B 6257_final_masked.jpg,late_blight,late_blight,0.9631,1,0.0250,0.0119,0.9631
data/test/late_blight/d41d839a-339e-4d0f-985b-04ddd8a5b556___GHLB2 Leaf 8823.JPG,late_blight,late_blight,0.9647,1,0.0128,0.0225,0.9647
data/test/late_blight/d4ac342b-52cf-490f-808f-410d101fcd4b___RS_Late.B 5483.JPG,late_blight,late_blight,0.9203,1,0.0796,0.0001,0.9203
data/test/late_blight/d4ac342b-52cf-490f-808f-410d101fcd4b___RS_Late.B 5483_final_masked.jpg,late_blight,late_blight,0.9474,1,0.0518,0.0008,0.9474
data/test/late_blight/d519ec29-c557-4ef7-b572-a954c6ec4187___GHLB2 Leaf 9007.JPG,late_blight,late_blight,0.9964,1,0.0031,0.0004,0.9964
data/test/late_blight/d56280c8-1442-476c-bdc8-8bb99edad8dd___GHLB2 Leaf 8847.JPG,late_blight,late_blight,0.6988,1,0.3010,0.0003,0.6988
data/test/late_blight/d5d97236-2cf4-4910-a0a9-b15223afbdbf___RS_Late.B 6049.JPG,late_blight,late_blight,0.5711,1,0.4155,0.0134,0.5711
data/test/late_blight/d63639eb-4a20-4321-b8b6-38de563a1ee6___GHLB_PS Leaf 26.4 Day 13_final_masked.jpg,late_blight,late_blight,0.9985,1,0.0012,0.0003,0.9985
data/test/late_blight/d63c86b6-4cd6-4982-b12c-c770ce2a2ef3___RS_Late.B 6574.JPG,late_blight,early_blight,0.7339,0,0.7339,0.0001,0.2660
data/test/late_blight/d67013bf-2462-4626-a4fa-e352e7d3008b___GHLB2ES Leaf 139.1.JPG,late_blight,late_blight,0.7530,1,0.0223,0.2246,0.7530
data/test/late_blight/d674cbf6-0cdc-407a-97ea-c3f53f2c51e4___GH_HL Leaf 170.JPG,late_blight,healthy,0.9900,0,0.0008,0.9900,0.0092
data/test/late_blight/d69cda61-f13d-4d73-9a4b-ac0e7c386389___GHLB2 Leaf 98_final_masked.jpg,late_blight,late_blight,0.9581,1,0.0403,0.0016,0.9581
data/test/late_blight/d70b86ba-e117-43d6-ad51-43c67d9a2483___RS_Late.B 6347.JPG,late_blight,early_blight,0.6013,0,0.6013,0.0125,0.3861
data/test/late_blight/d730c413-51de-4f47-86bd-e0763f5a5298___GHLB2 Leaf 8894.JPG,late_blight,late_blight,0.8943,1,0.0101,0.0955,0.8943
data/test/late_blight/d75573fb-2bd8-43fa-9af5-3f219e35142f___RS_Late.B 5070.JPG,late_blight,early_blight,0.8874,0,0.8874,0.0000,0.1126
data/test/late_blight/d75573fb-2bd8-43fa-9af5-3f219e35142f___RS_Late.B 5070_final_masked.jpg,late_blight,early_blight,0.9371,0,0.9371,0.0002,0.0628
data/test/late_blight/d7d87536-e71c-4324-a00a-107b9ee00614___GHLB_PS Leaf 22.1 Day 9_final_masked.jpg,late_blight,late_blight,0.7121,1,0.2856,0.0023,0.7121
data/test/late_blight/d81682aa-746b-4e07-af2b-52ebb6f4c017___GHLB2 Leaf 102.JPG,late_blight,late_blight,0.9658,1,0.0341,0.0000,0.9658
data/test/late_blight/d82b634e-9a19-497b-b698-aaf100d622a1___GHLB_PS Leaf 24 Day 13.jpg,late_blight,late_blight,0.9912,1,0.0087,0.0001,0.9912
data/test/late_blight/d865620c-16b6-484b-a45b-71ebc126d53f___GHLB2 Leaf 8795.JPG,late_blight,healthy,0.4895,0,0.0298,0.4895,0.4807
data/test/late_blight/d8674a0f-a63f-4d10-852a-4913ba977823___GHLB2 Leaf 8568_final_masked.jpg,late_blight,late_blight,0.9884,1,0.0111,0.0005,0.9884
data/test/late_blight/d86aad3d-070a-4247-a3cb-a66e6b774fd3___RS_Late.B 7114.JPG,late_blight,late_blight,0.9807,1,0.0184,0.0010,0.9807
data/test/late_blight/d86aad3d-070a-4247-a3cb-a66e6b774fd3___RS_Late.B 7114_1.JPG,late_blight,early_blight,0.5008,0,0.5008,0.0048,0.4944
data/test/late_blight/d86aad3d-070a-4247-a3cb-a66e6b774fd3___RS_Late.B 7114_final_masked.jpg,late_blight,late_blight,0.8556,1,0.1281,0.0163,0.8556
data/test/late_blight/d87455f4-a924-426a-8c62-b9870b8a6d34___RS_Late.B 6024_final_masked.jpg,late_blight,late_blight,0.9928,1,0.0051,0.0021,0.9928
data/test/late_blight/d8b0ded7-7d30-4b52-acea-d1a3ca70a392___RS_Late.B 6096.JPG,late_blight,late_blight,0.9993,1,0.0007,0.0000,0.9993
data/test/late_blight/d8eb0541-a9f1-423b-8e71-24a031f19530___GHLB2 Leaf 134.1.JPG,late_blight,late_blight,0.7581,1,0.0037,0.2382,0.7581
data/test/late_blight/d91538d7-1e25-442d-8963-86fec71a6545___RS_Late.B 6365.JPG,late_blight,late_blight,0.8583,1,0.1111,0.0306,0.8583
data/test/late_blight/d9432e3e-282e-450c-9375-a3b062353075___RS_Late.B 6430.JPG,late_blight,late_blight,0.9999,1,0.0001,0.0000,0.9999
data/test/late_blight/d966df9d-0762-4353-8b70-72c9b390013e___RS_Late.B 5591.JPG,late_blight,late_blight,0.9675,1,0.0324,0.0000,0.9675
data/test/late_blight/d966df9d-0762-4353-8b70-72c9b390013e___RS_Late.B 5591_final_masked.jpg,late_blight,late_blight,0.9687,1,0.0313,0.0000,0.9687
data/test/late_blight/d984c49c-ff38-46b9-a176-b966c8c8f9ef___RS_Late.B 4991.JPG,late_blight,late_blight,0.9000,1,0.1000,0.0000,0.9000
data/test/late_blight/dbbe0ac5-5cb6-4bcd-940a-f0a8104d4e79___RS_Late.B 6067.JPG,late_blight,late_blight,0.9897,1,0.0101,0.0002,0.9897
data/test/late_blight/dbecc777-f8a4-4222-9872-051d44b19b2c___RS_Late.B 6426_final_masked.jpg,late_blight,late_blight,0.9985,1,0.0014,0.0001,0.9985
data/test/late_blight/dbedc9c1-d7f8-4eef-b4bf-d36689c57c60___GHLB Leaf 27 Day 12.JPG,late_blight,late_blight,0.8357,1,0.1643,0.0000,0.8357
data/test/late_blight/dc2ac355-9488-4cc0-8762-d61ab62f99bd___RS_Late.B 4968.JPG,late_blight,late_blight,0.9985,1,0.0015,0.0000,0.9985
data/test/late_blight/dcf0db57-e7d2-487f-b9df-2ec299e0ee48___GHLB_PS Leaf 17.1 Day 8.jpg,late_blight,late_blight,0.9590,1,0.0088,0.0323,0.9590
data/test/late_blight/dd3bd618-677a-4661-81bd-8ac871ad8549___GHLB2 Leaf 8884_final_masked.jpg,late_blight,late_blight,0.9390,1,0.0217,0.0393,0.9390
data/test/late_blight/dd52a1b4-1d20-4417-96c9-48baac62f15b___RS_Late.B 5202.JPG,late_blight,early_blight,0.5298,0,0.5298,0.0001,0.4701
data/test/late_blight/dd52a1b4-1d20-4417-96c9-48baac62f15b___RS_Late.B 5202_final_masked.jpg,late_blight,late_blight,0.8169,1,0.1818,0.0013,0.8169
data/test/late_blight/ddbd7e1c-c100-4298-a7f5-ebae1e9cff38___GHLB Leaf 1 Day 12_final_masked.jpg,late_blight,late_blight,0.9091,1,0.0855,0.0054,0.9091
data/test/late_blight/de272472-c653-4102-beac-6813da817d21___GHLB2 Leaf 153.2.JPG,late_blight,late_blight,0.9744,1,0.0031,0.0225,0.9744
data/test/late_blight/de27bd5c-d08e-4815-8e31-3a2e497065d2___GHLB2 Leaf 8748.JPG,late_blight,late_blight,0.9962,1,0.0033,0.0006,0.9962
data/test/late_blight/de4f6bd2-15df-45c2-aa3e-da9c42586e67___RS_Late.B 5100.JPG,late_blight,early_blight,0.6648,0,0.6648,0.0002,0.3350
data/test/late_blight/de7adfd4-221a-4564-8937-6ae593891fbd___RS_Late.B 5219_final_masked.jpg,late_blight,late_blight,0.9872,1,0.0068,0.0060,0.9872
data/test/late_blight/de8d11a4-24da-489d-9c88-0d7cf5344cdc___GHLB_PS Leaf 2.3 Day 16.jpg,late_blight,late_blight,0.8443,1,0.1458,0.0099,0.8443
data/test/late_blight/dee4e35c-5c87-4922-9a1f-b97dcc40e7f1___GHLB2 Leaf 8690.JPG,late_blight,late_blight,0.9938,1,0.0025,0.0036,0.9938
data/test/late_blight/dee4e35c-5c87-4922-9a1f-b97dcc40e7f1___GHLB2 Leaf 8690_final_masked.jpg,late_blight,late_blight,0.8942,1,0.1057,0.0001,0.8942
data/test/late_blight/def832df-c202-4e72-ae0a-0687e62c70ce___RS_Late.B 5071.JPG,late_blight,late_blight,0.7371,1,0.2629,0.0000,0.7371
data/test/late_blight/df13d0be-1ef9-4371-bf7f-bedb930fc190___RS_Late.B 4846_final_masked.jpg,late_blight,early_blight,0.8750,0,0.8750,0.0002,0.1248
data/test/late_blight/df84e2a1-7517-4096-b555-67fe2b7a7156___GHLB2 Leaf 9003_final_masked.jpg,late_blight,late_blight,0.9924,1,0.0075,0.0001,0.9924
data/test/late_blight/df95ecc8-c074-4d29-8571-0fae8d2a620a___RS_Late.B 7191.JPG,late_blight,early_blight,0.9184,0,0.9184,0.0001,0.0815
data/test/late_blight/dfbac5b2-1a64-4db0-8045-eaabfdbfb790___RS_Late.B 6039_final_masked.jpg,late_blight,late_blight,0.9599,1,0.0393,0.0008,0.9599
data/test/late_blight/dfec08ce-f3c8-4b55-a3c0-2d8f88d4aae5___RS_Late.B 6324.JPG,late_blight,late_blight,0.9265,1,0.0731,0.0004,0.9265
data/test/late_blight/e03114a0-8053-460a-b653-eef873b1c531___RS_Late.B 5532.JPG,late_blight,late_blight,0.5122,1,0.4813,0.0065,0.5122
data/test/late_blight/e03a5780-cd8e-431e-8497-4d1233c793d2___GHLB_PS Leaf 28.1 Day 13.JPG,late_blight,early_blight,0.6296,0,0.6296,0.0000,0.3704
data/test/late_blight/e0bea030-e8ac-4f3c-a87d-bca3090ad600___RS_Late.B 6434_final_masked.jpg,late_blight,late_blight,0.9855,1,0.0070,0.0076,0.9855
data/test/late_blight/e0d19a18-0c58-4424-a433-bb50ed57cf8e___RS_Late.B 5159_final_masked.jpg,late_blight,late_blight,0.9947,1,0.0053,0.0000,0.9947
data/test/late_blight/e131a4c1-21d7-40cd-a19f-02456e411750___GHLB Leaf 3 Day 1.JPG,late_blight,early_blight,0.6947,0,0.6947,0.0000,0.3053
data/test/late_blight/e142d2de-6aeb-4d1c-9184-d6e46647ad6a___RS_Late.B 5203_final_masked.jpg,late_blight,late_blight,0.9044,1,0.0954,0.0002,0.9044
data/test/late_blight/e1d00dcb-f2cb-41ca-8a45-a46c43e7c90e___GHLB2 Leaf 8697.JPG,late_blight,late_blight,0.9999,1,0.0000,0.0000,0.9999
data/test/late_blight/e1d00dcb-f2cb-41ca-8a45-a46c43e7c90e___GHLB2 Leaf 8697_1.JPG,late_blight,late_blight,0.9988,1,0.0012,0.0000,0.9988
data/test/late_blight/e1fa1e4a-7259-496f-8066-79678f36f3e8___GHLB2 Leaf 8593_final_masked.jpg,late_blight,late_blight,0.9963,1,0.0006,0.0031,0.9963
data/test/late_blight/e22dc874-f57d-4b17-bc6d-7d35bdbadc35___GHLB2 Leaf 8663.JPG,late_blight,late_blight,0.8646,1,0.0822,0.0532,0.8646
data/test/late_blight/e22dc874-f57d-4b17-bc6d-7d35bdbadc35___GHLB2 Leaf 8663_final_masked.jpg,late_blight,late_blight,0.9954,1,0.0037,0.0010,0.9954
data/test/late_blight/e242de40-3f89-46e9-b490-d42378965c9f___RS_Late.B 5595.JPG,late_blight,late_blight,0.8056,1,0.1944,0.0000,0.8056
data/test/late_blight/e2acf01a-92f6-47b2-bc21-e830899f9f0b___GHLB2 Leaf 95.2.JPG,late_blight,healthy,0.5446,0,0.0578,0.5446,0.3976
data/test/late_blight/e2acf01a-92f6-47b2-bc21-e830899f9f0b___GHLB2 Leaf 95.2_1.JPG,late_blight,late_blight,0.8763,1,0.0848,0.0389,0.8763
data/test/late_blight/e2b1f31d-3d36-447c-bf95-4662e2fb0dd4___GHLB2 Leaf 8626_final_masked.jpg,late_blight,late_blight,0.9462,1,0.0524,0.0013,0.9462
data/test/late_blight/e33f0c2f-ff87-42e2-a31f-aaf232e67e10___RS_Late.B 5231_final_masked.jpg,late_blight,late_blight,0.9919,1,0.0067,0.0015,0.9919
data/test/late_blight/e377be2b-1780-4789-a082-3ec683942ca2___GHLB2 Leaf 60.JPG,late_blight,late_blight,0.9784,1,0.0207,0.0009,0.9784
data/test/late_blight/e3c4a4e5-4ec3-404f-8dbd-7de9dd3f184a___RS_Late.B 5073.JPG,late_blight,late_blight,0.5289,1,0.4641,0.0070,0.5289
data/test/late_blight/e3c4a4e5-4ec3-404f-8dbd-7de9dd3f184a___RS_Late.B 5073_final_masked.jpg,late_blight,late_blight,0.6625,1,0.3375,0.0000,0.6625
data/test/late_blight/e3df7441-295f-4a70-833c-4127b5b738d5___GHLB2 Leaf 8760.JPG,late_blight,late_blight,0.9975,1,0.0021,0.0004,0.9975
data/test/late_blight/e3df7441-295f-4a70-833c-4127b5b738d5___GHLB2 Leaf 8760_final_masked.jpg,late_blight,late_blight,0.9974,1,0.0023,0.0003,0.9974
data/test/late_blight/e4be24d1-b3c1-4d03-b35a-56dddf1902fe___RS_Late.B 4855.JPG,late_blight,late_blight,0.6681,1,0.3319,0.0000,0.6681
data/test/late_blight/e4be24d1-b3c1-4d03-b35a-56dddf1902fe___RS_Late.B 4855_final_masked.jpg,late_blight,late_blight,0.8329,1,0.1668,0.0002,0.8329
data/test/late_blight/e4da845b-394d-4c3b-8f7c-cdab011acafd___RS_Late.B 6712.JPG,late_blight,late_blight,0.6544,1,0.3449,0.0007,0.6544
data/test/late_blight/e4da845b-394d-4c3b-8f7c-cdab011acafd___RS_Late.B 6712_1.JPG,late_blight,late_blight,0.9986,1,0.0014,0.0000,0.9986
data/test/late_blight/e4ec79b5-94df-42dd-8425-bd68d2320c5f___RS_Late.B 5406.JPG,late_blight,early_blight,0.7245,0,0.7245,0.0168,0.2587
data/test/late_blight/e55af4aa-1f1c-4300-86ca-bdcff04bef80___GHLB_PS Leaf 2 Day 9.jpg,late_blight,late_blight,0.9339,1,0.0457,0.0204,0.9339
data/test/late_blight/e56aa8e4-cb6f-4333-816b-3494fc4fe25e___GHLB2 Leaf 8764.JPG,late_blight,late_blight,0.9993,1,0.0006,0.0001,0.9993
data/test/late_blight/e56aa8e4-cb6f-4333-816b-3494fc4fe25e___GHLB2 Leaf 8764_1.JPG,late_blight,late_blight,0.9949,1,0.0051,0.0000,0.9949
data/test/late_blight/e56bc72a-6c24-4746-bd53-741c470e1be2___RS_Late.B 4990_final_masked.jpg,late_blight,late_blight,0.5302,1,0.4694,0.0004,0.5302
data/test/late_blight/e5b328bf-1f13-4831-bd63-b1bdb30f02d9___GHLB2 Leaf 8674.JPG,late_blight,late_blight,0.9645,1,0.0092,0.0264,0.9645
data/test/late_blight/e5b328bf-1f13-4831-bd63-b1bdb30f02d9___GHLB2 Leaf 8674_1.JPG,late_blight,late_blight,0.9986,1,0.0014,0.0000,0.9986
data/test/late_blight/e5b328bf-1f13-4831-bd63-b1bdb30f02d9___GHLB2 Leaf 8674_final_masked.jpg,late_blight,late_blight,0.8681,1,0.1317,0.0002,0.8681
data/test/late_blight/e5c62da4-e09d-4dc5-a5b1-63a5f85826de___RS_Late.B 6981.JPG,late_blight,late_blight,0.9503,1,0.0496,0.0001,0.9503
data/test/late_blight/e5c62da4-e09d-4dc5-a5b1-63a5f85826de___RS_Late.B 6981_final_masked.jpg,late_blight,late_blight,0.6449,1,0.3535,0.0015,0.6449
data/test/late_blight/e5d707cd-077c-43af-bda9-6138e516ff51___GHLB2 Leaf 8999_final_masked.jpg,late_blight,late_blight,0.9959,1,0.0041,0.0001,0.9959
data/test/late_blight/e5f21018-4aac-42f7-a397-a973907ac4ec___GHLB2 Leaf 156_final_masked.jpg,late_blight,late_blight,0.9956,1,0.0039,0.0005,0.9956
data/test/late_blight/e60c6680-9c50-4063-9eb9-6e77980afcfa___RS_Late.B 5343.JPG,late_blight,late_blight,1.0000,1,0.0000,0.0000,1.0000
data/test/late_blight/e64d0e92-dbc2-44c2-b96a-3da5dc3a1c39___GHLB_PS Leaf 15.1 Day 8.jpg,late_blight,late_blight,0.8798,1,0.1194,0.0007,0.8798
data/test/late_blight/e6644ce4-5856-4627-b08d-36ac786afaa5___RS_Late.B 6856.JPG,late_blight,late_blight,0.7730,1,0.2269,0.0000,0.7730
data/test/late_blight/e6644ce4-5856-4627-b08d-36ac786afaa5___RS_Late.B 6856_final_masked.jpg,late_blight,early_blight,0.7651,0,0.7651,0.0035,0.2315
data/test/late_blight/e6703c22-86f7-4bdf-9733-072180761976___RS_Late.B 5522_final_masked.jpg,late_blight,late_blight,0.9424,1,0.0574,0.0002,0.9424
data/test/late_blight/e7619088-871f-422e-a6e8-5c8a7da70b3e___GHLB2 Leaf 8825.JPG,late_blight,late_blight,0.9744,1,0.0167,0.0089,0.9744
data/test/late_blight/e7a25945-e168-4539-8324-7465310c2795___GHLB2 Leaf 8958.JPG,late_blight,late_blight,0.9942,1,0.0053,0.0005,0.9942
data/test/late_blight/e82e3fd9-cc3c-4196-9bef-178576b882de___RS_Late.B 6316.JPG,late_blight,late_blight,0.9875,1,0.0122,0.0003,0.9875
data/test/late_blight/e85eea01-1188-4b85-8650-c64536c3a937___RS_Late.B 6754_final_masked.jpg,late_blight,late_blight,0.8877,1,0.1084,0.0039,0.8877
data/test/late_blight/e877b612-7d3e-4ad9-81ae-5dd50979fbb1___RS_Late.B 4949.JPG,late_blight,late_blight,0.8077,1,0.1817,0.0106,0.8077
data/test/late_blight/e8c3e15e-99ae-4c47-9d27-4d94c2b96e8a___GHLB_PS Leaf 26.3 Day 13.jpg,late_blight,late_blight,0.9958,1,0.0034,0.0008,0.9958
data/test/late_blight/e90482fd-1a84-462a-b28d-cb9b6aee18eb___RS_Late.B 6161.JPG,late_blight,late_blight,0.8761,1,0.1239,0.0000,0.8761
data/test/late_blight/e920998f-6980-4011-90f7-78fdc1c4eaad___RS_Late.B 6118.JPG,late_blight,late_blight,0.9114,1,0.0698,0.0189,0.9114
data/test/late_blight/e93721af-a478-4021-8d9a-bffdc1ba7c45___RS_Late.B 5050_final_masked.jpg,late_blight,late_blight,0.9891,1,0.0109,0.0000,0.9891
data/test/late_blight/e95ca31b-0e75-4ec5-986a-29ce5dce1a01___GHLB2 Leaf 8643.JPG,late_blight,late_blight,0.9997,1,0.0000,0.0003,0.9997
data/test/late_blight/e96512ac-0b63-4476-b7cf-aca6ca084853___RS_Late.B 5082_final_masked.jpg,late_blight,late_blight,0.9759,1,0.0234,0.0007,0.9759
data/test/late_blight/ea0c20e8-ad9f-48a0-830c-280dbeeed370___GHLB_PS Leaf 48.1 Day 18_final_masked.jpg,late_blight,late_blight,0.9893,1,0.0074,0.0033,0.9893
data/test/late_blight/ea42a7f6-5683-41d6-b3fc-acf07d1865e4___GHLB_PS Leaf 8 Day 9.jpg,late_blight,late_blight,0.9843,1,0.0138,0.0019,0.9843
data/test/late_blight/ea42a7f6-5683-41d6-b3fc-acf07d1865e4___GHLB_PS Leaf 8 Day 9_final_masked.jpg,late_blight,late_blight,0.9367,1,0.0577,0.0056,0.9367
data/test/late_blight/ea5e3f60-2a08-45b9-94b7-f0b934a1a3e4___RS_Late.B 5055.JPG,late_blight,late_blight,0.9986,1,0.0013,0.0001,0.9986
data/test/late_blight/ea8996e6-05f4-4792-9704-e2c796b0fbf2___RS_Late.B 5075_final_masked.jpg,late_blight,late_blight,0.9386,1,0.0612,0.0001,0.9386
data/test/late_blight/ea9e87df-efa8-4be3-8181-59a4b24dc3b7___RS_Late.B 6279.JPG,late_blight,healthy,0.4977,0,0.1811,0.4977,0.3212
data/test/late_blight/ea9e87df-efa8-4be3-8181-59a4b24dc3b7___RS_Late.B 6279_final_masked.jpg,late_blight,late_blight,0.9750,1,0.0212,0.0038,0.9750
data/test/late_blight/eb5d32dd-f958-422e-acae-d68ec83e0408___RS_Late.B 6455.JPG,late_blight,healthy,0.7675,0,0.1510,0.7675,0.0815
data/test/late_blight/eb7dd120-4002-4c01-a06a-1b32ad93a7a3___GHLB2 Leaf 9110.JPG,late_blight,late_blight,0.9992,1,0.0007,0.0001,0.9992
data/test/late_blight/ec18fe55-482e-4d1f-aa17-715b89f8a371___RS_Late.B 5093.JPG,late_blight,late_blight,0.6943,1,0.2902,0.0155,0.6943
data/test/late_blight/ec3d3481-5b97-446c-a1e7-c97334166a50___RS_Late.B 7029_final_masked.jpg,late_blight,late_blight,0.9845,1,0.0154,0.0001,0.9845
data/test/late_blight/ecacf5db-abcf-408c-b41a-93e339fbfc0c___RS_Late.B 6405.JPG,late_blight,healthy,0.8769,0,0.0780,0.8769,0.0451
data/test/late_blight/ecacf5db-abcf-408c-b41a-93e339fbfc0c___RS_Late.B 6405_final_masked.jpg,late_blight,late_blight,0.9420,1,0.0520,0.0060,0.9420
data/test/late_blight/ecfdf723-18dd-46d5-9d22-a54289e9d765___GHLB_PS Leaf 31 Day 12.jpg,late_blight,late_blight,0.6360,1,0.2837,0.0803,0.6360
data/test/late_blight/ecfdf723-18dd-46d5-9d22-a54289e9d765___GHLB_PS Leaf 31 Day 12_1.jpg,late_blight,early_blight,0.5021,0,0.5021,0.0477,0.4502
data/test/late_blight/ed06f115-9ca4-44d7-be94-e514a5ca58ce___GHLB2 Leaf 148.3_final_masked.jpg,late_blight,late_blight,0.9272,1,0.0691,0.0037,0.9272
data/test/late_blight/ed1a1e55-f2b9-46d3-ab88-8742f569e831___GHLB2 Leaf 8758.JPG,late_blight,late_blight,0.9959,1,0.0041,0.0001,0.9959
data/test/late_blight/ed974f5b-e999-46a9-9e22-da51da2766b6___GHLB_PS Leaf 8 Day 16.jpg,late_blight,late_blight,0.9738,1,0.0238,0.0024,0.9738
data/test/late_blight/ed974f5b-e999-46a9-9e22-da51da2766b6___GHLB_PS Leaf 8 Day 16_final_masked.jpg,late_blight,late_blight,0.9863,1,0.0111,0.0026,0.9863
data/test/late_blight/eda41abe-61cf-439d-9562-e03fee3cd2ca___GHLB2 Leaf 8802_final_masked.jpg,late_blight,late_blight,0.9984,1,0.0014,0.0002,0.9984
data/test/late_blight/edab4e30-5e08-4bf9-92eb-695d4472add6___RS_Late.B 5582.JPG,late_blight,late_blight,0.9952,1,0.0048,0.0000,0.9952
data/test/late_blight/edaeb655-f663-4be5-900a-17255d65c997___GHLB2 Leaf 8768.JPG,late_blight,late_blight,0.9996,1,0.0004,0.0001,0.9996
data/test/late_blight/ee0c6d7f-7728-406b-b715-67ba31384954___RS_Late.B 5293.JPG,late_blight,late_blight,1.0000,1,0.0000,0.0000,1.0000
data/test/late_blight/ee26dd7d-3a4e-44c1-af1a-34dfdaa3d585___GHLB_PS Leaf 1.2 Day 7.jpg,late_blight,late_blight,0.9885,1,0.0109,0.0006,0.9885
data/test/late_blight/ee85b4a0-f9ee-40a6-b612-66dd11414929___RS_Late.B 5069.JPG,late_blight,late_blight,0.9567,1,0.0432,0.0001,0.9567
data/test/late_blight/ee963b20-1464-49b5-a390-790b05e8daa1___RS_Late.B 5487.JPG,late_blight,late_blight,0.9297,1,0.0699,0.0004,0.9297
data/test/late_blight/ef5ac7be-8adc-4395-9a31-d970fb6e8c7a___RS_Late.B 4981.JPG,late_blight,late_blight,0.5883,1,0.4117,0.0000,0.5883
data/test/late_blight/ef80fa2f-c46a-429d-a78a-b873bf6b27f9___RS_Late.B 6458.JPG,late_blight,late_blight,0.7050,1,0.2363,0.0588,0.7050
data/test/late_blight/ef80fa2f-c46a-429d-a78a-b873bf6b27f9___RS_Late.B 6458_1.JPG,late_blight,late_blight,0.9996,1,0.0003,0.0000,0.9996
data/test/late_blight/efc16184-1012-4240-934b-85b2396b0d1d___RS_Late.B 5124.JPG,late_blight,late_blight,0.9243,1,0.0748,0.0009,0.9243
data/test/late_blight/efc16184-1012-4240-934b-85b2396b0d1d___RS_Late.B 5124_final_masked.jpg,late_blight,late_blight,0.8531,1,0.1456,0.0013,0.8531
data/test/late_blight/efe3a784-f4d6-4635-bef8-c81fffeee36b___GHLB2 Leaf 8651.JPG,late_blight,late_blight,0.9960,1,0.0035,0.0004,0.9960
data/test/late_blight/f08ebd91-a148-4494-a45c-55ebc1bf1f60___GHLB2 Leaf 8942.JPG,late_blight,late_blight,0.9701,1,0.0293,0.0006,0.9701
data/test/late_blight/f0f8cbf1-f7d3-47e1-8a7c-87df9b65beb2___GHLB2 Leaf 125.1.JPG,late_blight,late_blight,0.9320,1,0.0134,0.0546,0.9320
data/test/late_blight/f0f8cbf1-f7d3-47e1-8a7c-87df9b65beb2___GHLB2 Leaf 125.1_final_masked.jpg,late_blight,late_blight,0.9902,1,0.0008,0.0090,0.9902
data/test/late_blight/f20d4b66-977f-4294-92d2-98322f9a4cb0___RS_Late.B 5137.JPG,late_blight,late_blight,0.9922,1,0.0073,0.0005,0.9922
data/test/late_blight/f20d4b66-977f-4294-92d2-98322f9a4cb0___RS_Late.B 5137_1.JPG,late_blight,late_blight,0.9752,1,0.0240,0.0008,0.9752
data/test/late_blight/f21ce358-48ea-4676-9395-22145c4c9707___GHLB_PS Leaf 25.1 Day 9.jpg,late_blight,late_blight,0.9414,1,0.0578,0.0008,0.9414
data/test/late_blight/f2581062-48ef-4957-bab3-9beb606ff3ef___RS_Late.B 6291.JPG,late_blight,late_blight,0.7002,1,0.2754,0.0243,0.7002
data/test/late_blight/f28e0d02-2e81-4b32-92c7-7d08ce9e40d7___GHLB2 Leaf 9001.JPG,late_blight,late_blight,0.9957,1,0.0042,0.0000,0.9957
data/test/late_blight/f2c089b3-34a5-4300-848f-a0d6eebcb756___RS_Late.B 5174.JPG,late_blight,late_blight,0.9997,1,0.0003,0.0000,0.9997
data/test/late_blight/f2dba3c2-82b9-4a5a-9424-f24de8972266___GHLB2 Leaf 8901_final_masked.jpg,late_blight,late_blight,0.9751,1,0.0241,0.0008,0.9751
data/test/late_blight/f2dd9615-908e-4504-b38d-542765ae4f48___GHLB Leaf 8.3 Day 13_final_masked.jpg,late_blight,late_blight,0.9966,1,0.0033,0.0000,0.9966
data/test/late_blight/f33028e4-68df-4312-ba25-94d65f03efcf___RS_Late.B 5530.JPG,late_blight,late_blight,0.9359,1,0.0641,0.0000,0.9359
data/test/late_blight/f348eaf2-65ef-47b1-af84-ffdedc4599e9___RS_Late.B 4895.JPG,late_blight,late_blight,0.8691,1,0.1308,0.0001,0.8691
data/test/late_blight/f348eaf2-65ef-47b1-af84-ffdedc4599e9___RS_Late.B 4895_final_masked.jpg,late_blight,late_blight,0.8502,1,0.1491,0.0006,0.8502
data/test/late_blight/f37f0878-31f2-402b-81c6-dd1af6e15899___RS_Late.B 5222.JPG,late_blight,late_blight,0.6555,1,0.3445,0.0000,0.6555
data/test/late_blight/f385d5e4-5dff-4851-a806-95a608d04b17___GHLB2 Leaf 132.1_final_masked.jpg,late_blight,late_blight,0.8567,1,0.1393,0.0039,0.8567
data/test/late_blight/f3b38383-f6ff-4779-a57a-fd1766721555___GHLB2 Leaf 9088.JPG,late_blight,late_blight,0.9973,1,0.0020,0.0007,0.9973
data/test/late_blight/f3c203d3-4246-4af5-adfd-37452f637024___GHLB2 Leaf 118.1.JPG,late_blight,late_blight,0.8094,1,0.0369,0.1537,0.8094
data/test/late_blight/f3e53136-750b-4394-96fe-0cd8c2f747bc___GHLB2 Leaf 8661.JPG,late_blight,late_blight,0.9874,1,0.0093,0.0033,0.9874
data/test/late_blight/f43df4fe-4544-4831-b9f9-a3c7b470b0e0___RS_Late.B 6801.JPG,late_blight,late_blight,0.9996,1,0.0003,0.0000,0.9996
data/test/late_blight/f43df4fe-4544-4831-b9f9-a3c7b470b0e0___RS_Late.B 6801_1.JPG,late_blight,late_blight,0.7218,1,0.2757,0.0025,0.7218
data/test/late_blight/f4c2eabd-d29b-44ac-bda7-46d4b07fe799___RS_Late.B 4852.JPG,late_blight,late_blight,0.8980,1,0.1020,0.0000,0.8980
data/test/late_blight/f5261645-e84e-433a-8edb-ff53e8586646___GHLB2 Leaf 143.1.JPG,late_blight,late_blight,0.9679,1,0.0321,0.0001,0.9679
data/test/late_blight/f5261645-e84e-433a-8edb-ff53e8586646___GHLB2 Leaf 143.1_final_masked.jpg,late_blight,late_blight,0.9887,1,0.0108,0.0005,0.9887
data/test/late_blight/f59830b4-079b-4ca4-9c92-7416f0818a2b___RS_Late.B 5010.JPG,late_blight,early_blight,0.6243,0,0.6243,0.0009,0.3747
data/test/late_blight/f5cb0905-3729-492a-a45f-63c20ae7e6a1___RS_Late.B 6777_final_masked.jpg,late_blight,late_blight,0.9807,1,0.0192,0.0001,0.9807
data/test/late_blight/f5e90a98-8ea6-4547-a417-8370d08a1e1f___RS_Late.B 5196.JPG,late_blight,late_blight,0.9995,1,0.0005,0.0000,0.9995
data/test/late_blight/f6114b61-d9c7-43fb-abb4-5a79501a624b___RS_Late.B 6715.JPG,late_blight,late_blight,0.7219,1,0.2744,0.0038,0.7219
data/test/late_blight/f7b5ed86-c63c-49c3-90d0-e1f35f4a93e4___GHLB2 Leaf 8979.JPG,late_blight,late_blight,0.9973,1,0.0026,0.0001,0.9973
data/test/late_blight/f7b65254-1bf9-4bf5-88fb-52c88373587c___RS_Late.B 5225.JPG,late_blight,late_blight,0.8265,1,0.1576,0.0159,0.8265
data/test/late_blight/f7d235fa-e0ef-4475-88d2-3bfa79f1ab6f___RS_Late.B 7059.JPG,late_blight,late_blight,0.8800,1,0.1199,0.0001,0.8800
data/test/late_blight/f7d235fa-e0ef-4475-88d2-3bfa79f1ab6f___RS_Late.B 7059_final_masked.jpg,late_blight,late_blight,0.9742,1,0.0016,0.0243,0.9742
data/test/late_blight/f80ccc0b-c422-485a-a2be-332769eb5ef4___GHLB2 Leaf 8704_final_masked.jpg,late_blight,late_blight,0.9982,1,0.0014,0.0004,0.9982
data/test/late_blight/f8176522-163b-48ee-a1a2-ea94c782b4ad___RS_Late.B 6137.JPG,late_blight,late_blight,0.5277,1,0.4110,0.0612,0.5277
data/test/late_blight/f84a91cc-ad11-409e-9115-1af741e5726d___RS_Late.B 5166.JPG,late_blight,late_blight,0.9973,1,0.0027,0.0001,0.9973
data/test/late_blight/f84a91cc-ad11-409e-9115-1af741e5726d___RS_Late.B 5166_final_masked.jpg,late_blight,late_blight,0.9954,1,0.0043,0.0002,0.9954
data/test/late_blight/f86cfe1b-5f7f-4f93-b54b-1f39d1c1e323___GHLB2 Leaf 8625.JPG,late_blight,late_blight,0.9991,1,0.0006,0.0002,0.9991
data/test/late_blight/f891c2b9-aa37-4b0c-9777-6ce762eb9285___GHLB2 Leaf 8696.JPG,late_blight,late_blight,0.9998,1,0.0002,0.0000,0.9998
data/test/late_blight/f891c2b9-aa37-4b0c-9777-6ce762eb9285___GHLB2 Leaf 8696_final_masked.jpg,late_blight,late_blight,0.9966,1,0.0026,0.0007,0.9966
data/test/late_blight/f8e2f06c-ffc4-426b-a7ad-300f6472fdcc___RS_Late.B 5238.JPG,late_blight,early_blight,0.8692,0,0.8692,0.0129,0.1179
data/test/late_blight/f96c2269-cf72-448e-a1b7-d74f2e46a675___RS_Late.B 6851.JPG,late_blight,late_blight,0.8224,1,0.1729,0.0047,0.8224
data/test/late_blight/f9bae5e8-64d9-4a34-9269-b4d97d095b47___RS_Late.B 4861.JPG,late_blight,early_blight,0.6831,0,0.6831,0.0080,0.3089
data/test/late_blight/f9bae5e8-64d9-4a34-9269-b4d97d095b47___RS_Late.B 4861_final_masked.jpg,late_blight,late_blight,0.9825,1,0.0169,0.0005,0.9825
data/test/late_blight/f9f5cfa8-79df-4ed7-ba61-e7610509b3a5___RS_Late.B 6496.JPG,late_blight,early_blight,0.5736,0,0.5736,0.1746,0.2519
data/test/late_blight/f9f5cfa8-79df-4ed7-ba61-e7610509b3a5___RS_Late.B 6496_1.JPG,late_blight,late_blight,0.9922,1,0.0078,0.0000,0.9922
data/test/late_blight/fa4ec25a-250d-4eb3-ba0d-9d1c51eb3995___GHLB2 Leaf 8990.JPG,late_blight,late_blight,0.9984,1,0.0012,0.0004,0.9984
data/test/late_blight/fa524c8c-e08d-43ee-9f33-3bd2bf9b09f5___GHLB2 Leaf 8686.JPG,late_blight,late_blight,0.9770,1,0.0220,0.0010,0.9770
data/test/late_blight/fabaa5c5-3180-49b7-b538-d1a31316afd8___GHLB2 Leaf 121.4_final_masked.jpg,late_blight,late_blight,0.9854,1,0.0112,0.0034,0.9854
data/test/late_blight/fabba25a-e191-47c5-a468-6acf744312e1___GHLB2 Leaf 8835.JPG,late_blight,late_blight,0.9397,1,0.0016,0.0586,0.9397
data/test/late_blight/fbe8ab0c-7091-4bea-a2a5-94765096a7c9___RS_Late.B 6999.JPG,late_blight,late_blight,0.8823,1,0.1177,0.0000,0.8823
data/test/late_blight/fbe8ab0c-7091-4bea-a2a5-94765096a7c9___RS_Late.B 6999_final_masked.jpg,late_blight,early_blight,0.8227,0,0.8227,0.0016,0.1757
data/test/late_blight/fc4eb42f-062f-4840-80f5-3244866a1e3a___GHLB2 Leaf 125.2.JPG,late_blight,late_blight,0.9974,1,0.0000,0.0025,0.9974
data/test/late_blight/fce9cc3f-88ab-46d6-a26f-c6ff0e7c56e7___RS_Late.B 6372.JPG,late_blight,late_blight,0.9987,1,0.0000,0.0013,0.9987
data/test/late_blight/fd26b445-5839-4337-858c-a91dfdd812cc___GHLB2 Leaf 8743.JPG,late_blight,late_blight,0.9991,1,0.0006,0.0003,0.9991
data/test/late_blight/fd26b445-5839-4337-858c-a91dfdd812cc___GHLB2 Leaf 8743_1.JPG,late_blight,late_blight,0.9966,1,0.0025,0.0009,0.9966
data/test/late_blight/fd26b445-5839-4337-858c-a91dfdd812cc___GHLB2 Leaf 8743_final_masked.jpg,late_blight,late_blight,0.9938,1,0.0045,0.0017,0.9938
data/test/late_blight/fd40e99e-2c60-42c1-a962-8681814b4e6e___GHLB2 Leaf 120.JPG,late_blight,late_blight,0.9600,1,0.0217,0.0183,0.9600
data/test/late_blight/fdbc3a0b-5da5-452d-a6e4-b5a5e6dc396a___GHLB2 Leaf 8575.JPG,late_blight,early_blight,0.6106,0,0.6106,0.0000,0.3894
data/test/late_blight/fddb6641-3785-4971-b44c-3cf0193112c2___GHLB_PS Leaf 43.2 Day 18.jpg,late_blight,late_blight,0.8023,1,0.1972,0.0005,0.8023
data/test/late_blight/fe416307-5c50-4c9f-96b5-f6e15ef79045___RS_Late.B 4975.JPG,late_blight,late_blight,0.8581,1,0.1418,0.0001,0.8581
data/test/late_blight/fe416307-5c50-4c9f-96b5-f6e15ef79045___RS_Late.B 4975_1.JPG,late_blight,late_blight,0.9993,1,0.0000,0.0006,0.9993
data/test/late_blight/fe416307-5c50-4c9f-96b5-f6e15ef79045___RS_Late.B 4975_final_masked.jpg,late_blight,late_blight,0.9993,1,0.0006,0.0001,0.9993
data/test/late_blight/ff3ddd95-9c84-42fb-aef3-eceb2d5b1110___RS_Late.B 4831.JPG,late_blight,late_blight,0.9453,1,0.0546,0.0001,0.9453
data/test/late_blight/ff82087d-e992-41fb-a2ec-f726d92e6c58___GHLB_PS Leaf 27 day 13.jpg,late_blight,late_blight,0.9409,1,0.0514,0.0076,0.9409
data/test/late_blight/ff82087d-e992-41fb-a2ec-f726d92e6c58___GHLB_PS Leaf 27 day 13_1.jpg,late_blight,late_blight,0.9894,1,0.0084,0.0022,0.9894
